E
Starting parallel pool (parpool) using the 'local' profile ...
Preserving jobs with IDs: 3 because they contain crash dump files.
You can use 'delete(myCluster.Jobs)' to remove all jobs created with profile local. To create 'myCluster' use 'myCluster = parcluster('local')'.
Connected to the parallel pool (number of workers: 6).
    0.0817    4.0000

    0.2783    4.0000

    0.2081    2.0000

    0.0744    2.0000

    0.1196    3.0000

    0.1867    3.0000

Error using <a href="matlab:matlab.internal.language.introspective.errorDocCallback('simps', 'C:\Users\Ignatio Denton\Desktop\Darbas\2D RCWA\simps.m', 53)" style="font-weight:bold">simps</a> (<a href="matlab: opentoline('C:\Users\Ignatio Denton\Desktop\Darbas\2D RCWA\simps.m',53,0)">line 53</a>)
ORDER contains an invalid permutation index.

Error in <a href="matlab:matlab.internal.language.introspective.errorDocCallback('Merit_Function', 'C:\Users\Ignatio Denton\Desktop\Darbas\2D RCWA\Merit_Function.m', 26)" style="font-weight:bold">Merit_Function</a> (<a href="matlab: opentoline('C:\Users\Ignatio Denton\Desktop\Darbas\2D RCWA\Merit_Function.m',26,0)">line 26</a>)
            Fitness = simps(grid.Theta, Weight(1,:) .* (abs(Calc - Goal)));

Error in
<a href="matlab:matlab.internal.language.introspective.errorDocCallback('PLAY_SCRIPT>@(Params)Merit_Function(Work,P,NH,Params,Goal,Weight,mode,Case,interface,Obj,DispersionCoeffs,interface_stuff,refractive_idx)', 'C:\Users\Ignatio Denton\Desktop\Darbas\2D RCWA\PLAY_SCRIPT.m', 229)" style="font-weight:bold">PLAY_SCRIPT>@(Params)Merit_Function(Work,P,NH,Params,Goal,Weight,mode,Case,interface,Obj,DispersionCoeffs,interface_stuff,refractive_idx)</a>
(<a href="matlab: opentoline('C:\Users\Ignatio Denton\Desktop\Darbas\2D RCWA\PLAY_SCRIPT.m',229,0)">line 229</a>)
            fitness = @(Params) Merit_Function(Work, P, NH, Params, Goal,
            Weight,...

Error in <a href="matlab:matlab.internal.language.introspective.errorDocCallback('createAnonymousFcn>@(x)fcn(x,FcnArgs{:})', 'D:\Program Files\MATLAB\R2021a\toolbox\globaloptim\globaloptim\private\createAnonymousFcn.m', 11)" style="font-weight:bold">createAnonymousFcn>@(x)fcn(x,FcnArgs{:})</a> (<a href="matlab: opentoline('D:\Program Files\MATLAB\R2021a\toolbox\globaloptim\globaloptim\private\createAnonymousFcn.m',11,0)">line 11</a>)
fcn_handle = @(x) fcn(x,FcnArgs{:});

Error in <a href="matlab:matlab.internal.language.introspective.errorDocCallback('fcnvectorizer', 'D:\Program Files\MATLAB\R2021a\toolbox\globaloptim\globaloptim\private\fcnvectorizer.m', 16)" style="font-weight:bold">fcnvectorizer</a> (<a href="matlab: opentoline('D:\Program Files\MATLAB\R2021a\toolbox\globaloptim\globaloptim\private\fcnvectorizer.m',16,0)">line 16</a>)
        parfor (i = 1:popSize)

Error in gaminlppenaltyfcn

Error in gapenalty

Error in <a href="matlab:matlab.internal.language.introspective.errorDocCallback('makeState', 'D:\Program Files\MATLAB\R2021a\toolbox\globaloptim\globaloptim\private\makeState.m', 69)" style="font-weight:bold">makeState</a> (<a href="matlab: opentoline('D:\Program Files\MATLAB\R2021a\toolbox\globaloptim\globaloptim\private\makeState.m',69,0)">line 69</a>)
            Score = FitnessFcn(state.Population(initScoreProvided+1:end,:));

Error in <a href="matlab:matlab.internal.language.introspective.errorDocCallback('galincon', 'D:\Program Files\MATLAB\R2021a\toolbox\globaloptim\globaloptim\private\galincon.m', 22)" style="font-weight:bold">galincon</a> (<a href="matlab: opentoline('D:\Program Files\MATLAB\R2021a\toolbox\globaloptim\globaloptim\private\galincon.m',22,0)">line 22</a>)
state =
makeState(GenomeLength,FitnessFcn,Iterate,output.problemtype,options);

Error in gapenalty

Error in gaminlp

Error in <a href="matlab:matlab.internal.language.introspective.errorDocCallback('ga', 'D:\Program Files\MATLAB\R2021a\toolbox\globaloptim\globaloptim\ga.m', 394)" style="font-weight:bold">ga</a> (<a href="matlab: opentoline('D:\Program Files\MATLAB\R2021a\toolbox\globaloptim\globaloptim\ga.m',394,0)">line 394</a>)
    [x,fval,exitFlag,output,population,scores] = gaminlp(FitnessFcn,nvars,
    ...

Error in <a href="matlab:matlab.internal.language.introspective.errorDocCallback('Ga', 'C:\Users\Ignatio Denton\Desktop\Darbas\2D RCWA\Ga.m', 25)" style="font-weight:bold">Ga</a> (<a href="matlab: opentoline('C:\Users\Ignatio Denton\Desktop\Darbas\2D RCWA\Ga.m',25,0)">line 25</a>)
    [vec_var_output, fval_output, eflag_output, ~] =
    ga(fun,L,A,b,Aeq,beq,...

Error in <a href="matlab:matlab.internal.language.introspective.errorDocCallback('Optimization', 'C:\Users\Ignatio Denton\Desktop\Darbas\2D RCWA\Optimization.m', 3)" style="font-weight:bold">Optimization</a> (<a href="matlab: opentoline('C:\Users\Ignatio Denton\Desktop\Darbas\2D RCWA\Optimization.m',3,0)">line 3</a>)
        [Params, Output, fval_output, eflag_output] = Ga(fitness, Params,
        lb, ub, distribution); % Genetic Algorithm - mixed problem

Error in <a href="matlab:matlab.internal.language.introspective.errorDocCallback('PLAY_SCRIPT', 'C:\Users\Ignatio Denton\Desktop\Darbas\2D RCWA\PLAY_SCRIPT.m', 231)" style="font-weight:bold">PLAY_SCRIPT</a> (<a href="matlab: opentoline('C:\Users\Ignatio Denton\Desktop\Darbas\2D RCWA\PLAY_SCRIPT.m',231,0)">line 231</a>)
            [~, Output, fval_output_G, eflag_output_G] =
            Optimization(fitness,...

Caused by:
    Failure in user-supplied fitness function evaluation. GA cannot
    continue.
    Failure in initial user-supplied fitness function evaluation. GA cannot
    continue.

opentoline('C:\Users\Ignatio Denton\Desktop\Darbas\2D RCWA\Merit_Function.m',26,0)
E
    0.0817    4.0000

    0.2783    4.0000

    0.2081    2.0000

    0.0744    2.0000

    0.1196    3.0000

    0.1867    3.0000

    0.0894    1.0000

    0.2912    4.0000

    0.2894    3.0000

    0.2358    2.0000

    0.1192    3.0000

    0.0586    2.0000

    0.1713    2.0000

    0.2893    3.0000

    0.2926    3.0000

    0.2265    3.0000

    0.1293    2.0000

    0.1554    4.0000

    0.0855    2.0000

    0.2501    2.0000

    0.0580    1.0000

    0.2559    3.0000

    0.2899    1.0000

    0.2481    2.0000

    0.2789    2.0000

    0.1481    2.0000

    0.0743    3.0000

    0.2623    2.0000

    0.0589    2.0000

    0.2139    3.0000

    0.2139    2.0000

    0.0615    2.0000

    0.2394    4.0000

    0.2197    3.0000

    0.2835    4.0000

    0.0928    2.0000

    0.2237    2.0000

    0.2876    2.0000

    0.1454    4.0000

    0.1597    2.0000


                                  Best          Mean         Stall
Generation      Func-count     Penalty         Penalty    Generations
    0.0763    2.0000

    0.0743    3.0000

    0.1066    2.0000

    0.2571    3.0000

    0.2231    1.0000

    0.0614    2.0000

    0.2926    4.0000

    0.1196    3.0000

    0.0794    2.0000

    0.1219    2.0000

    0.1196    2.0000

    0.2439    2.0000

    0.2899    1.0000

    0.2205    4.0000

    0.0798    3.0000

    0.2358    2.0000

    0.0988    4.0000

    0.1712    2.0000

    0.2196    2.0000

    0.1567    3.0000

    0.1552    3.0000

    0.2017    3.0000

    0.2636    2.0000

    0.0855    2.0000

    0.0736    2.0000

    0.2900    3.0000

    0.0638    2.0000

    0.2941    3.0000

    0.2887    3.0000

    0.0506    3.0000

    0.0744    2.0000

    0.0623    2.0000

    0.0903    1.0000

    0.0604    3.0000

    0.2033    3.0000

    0.0691    2.0000

    0.1901    3.0000

    0.0613    1.0000

    0.1036    2.0000

    0.0586    1.0000

    1               80        -0.03621        -0.03621        0
    0.0615    2.0000

    0.1916    3.0000

    0.0609    2.0000

    0.1836    3.0000

    0.0653    1.0000

    0.0589    2.0000

    0.2968    4.0000

    0.1978    3.0000

    0.2283    2.0000

    0.1671    4.0000

    0.1645    3.0000

    0.1363    3.0000

    0.1567    4.0000

    0.0720    2.0000

    0.0648    3.0000

    0.2684    3.0000

    0.2032    3.0000

    0.0735    3.0000

    0.0582    1.0000

    0.2779    3.0000

    0.0931    1.0000

    0.0636    3.0000

    0.0632    4.0000

    0.0596    4.0000

    0.1030    2.0000

    0.1901    3.0000

    0.2095    4.0000

    0.0635    2.0000

    0.1988    3.0000

    0.0575    3.0000

    0.0897    1.0000

    0.0630    2.0000

    0.1006    2.0000

    0.0615    2.0000

    0.1628    3.0000

    0.1270    3.0000

    0.0801    4.0000

    0.0736    2.0000

    2              118        -0.03621        -0.03621        1
    0.0594    2.0000

    0.0572    3.0000

    0.0625    2.0000

    0.0558    2.0000

    0.0650    3.0000

    0.1988    3.0000

    0.2176    3.0000

    0.2619    3.0000

    0.1935    3.0000

    0.0504    3.0000

    0.0506    4.0000

    0.0586    3.0000

    0.0730    1.0000

    0.1629    3.0000

    0.0667    1.0000

    0.0515    3.0000

    0.2019    3.0000

    0.1830    3.0000

    0.0784    3.0000

    0.0630    3.0000

    0.0789    3.0000

    0.0713    2.0000

    0.0585    3.0000

    0.2000    3.0000

    0.0657    4.0000

    0.0506    4.0000

    0.0577    4.0000

    0.1796    3.0000

    0.1492    3.0000

    0.0649    4.0000

    0.0592    2.0000

    0.0606    3.0000

    0.0574    4.0000

    0.0631    2.0000

    0.0711    1.0000

    0.1648    3.0000

    0.0898    1.0000

    0.0636    3.0000

    3              156        -0.03621        -0.03621        2
    0.0611    3.0000

    0.0622    3.0000

    0.0592    4.0000

    0.0650    1.0000

    0.0558    3.0000

    0.0815    3.0000

    0.1444    2.0000

    0.0784    3.0000

    0.0577    4.0000

    0.0622    3.0000

    0.0914    3.0000

    0.0572    3.0000

    0.2513    3.0000

    0.0606    4.0000

    0.1894    3.0000

    0.0557    3.0000

    0.0657    3.0000

    0.0575    3.0000

    0.0572    3.0000

    0.0515    3.0000

    0.0591    2.0000

    0.0796    3.0000

    0.1633    3.0000

    0.0513    3.0000

    0.0503    4.0000

    0.0572    4.0000

    0.0504    2.0000

    0.0553    1.0000

    0.0608    3.0000

    0.0826    3.0000

    0.0563    1.0000

    0.0667    1.0000

    0.0585    4.0000

    0.0645    4.0000

    0.0584    2.0000

    0.0581    3.0000

    0.0889    3.0000

    0.1492    3.0000

    4              194        -0.03621        -0.03621        0
    0.0509    3.0000

    0.0775    1.0000

    0.0577    4.0000

    0.0572    1.0000

    0.0504    3.0000

    0.0576    3.0000

    0.0564    4.0000

    0.0549    1.0000

    0.0667    3.0000

    0.0513    3.0000

    0.0672    2.0000

    0.0581    2.0000

    0.0809    3.0000

    0.0564    3.0000

    0.0621    3.0000

    0.0572    3.0000

    0.0590    3.0000

    0.0558    4.0000

    0.0648    1.0000

    0.0840    3.0000

    0.0537    1.0000

    0.0513    3.0000

    0.0532    3.0000

    0.2677    1.0000

    0.0572    4.0000

    0.0511    2.0000

    0.0802    3.0000

    0.0601    3.0000

    0.0557    3.0000

    0.0677    3.0000

    0.0575    3.0000

    0.0555    4.0000

    0.0572    3.0000

    0.1552    4.0000

    0.0520    3.0000

    0.0770    3.0000

    0.0563    2.0000

    0.0506    3.0000

    5              232        -0.03621        -0.03621        0
    0.0581    2.0000

    0.0576    3.0000

    0.0511    3.0000

    0.0566    3.0000

    0.0541    3.0000

    0.0537    3.0000

    0.0576    2.0000

    0.0513    3.0000

    0.0788    3.0000

    0.0506    3.0000

    0.0662    3.0000

    0.0775    1.0000

    0.0506    3.0000

    0.0517    3.0000

    0.0533    3.0000

    0.2248    3.0000

    0.0565    3.0000

    0.0506    2.0000

    0.0504    4.0000

    0.0519    3.0000

    0.0658    4.0000

    0.1270    3.0000

    0.0534    3.0000

    0.0510    2.0000

    0.0601    4.0000

    0.0520    4.0000

    0.0740    2.0000

    0.0590    3.0000

    0.0585    3.0000

    0.0796    3.0000

    0.0580    2.0000

    0.0564    4.0000

    0.0585    3.0000

    0.0543    3.0000

    0.0574    3.0000

    0.0869    3.0000

    0.0509    3.0000

    0.0826    4.0000

    6              270        -0.03621        -0.03621        0
    0.0568    3.0000

    0.0576    3.0000

    0.0575    3.0000

    0.0550    3.0000

    0.0543    3.0000

    0.0520    3.0000

    0.0530    3.0000

    0.0581    1.0000

    0.0518    3.0000

    0.0505    3.0000

    0.0508    4.0000

    0.0506    3.0000

    0.0506    4.0000

    0.0506    3.0000

    0.0527    3.0000

    0.0533    3.0000

    0.0516    3.0000

    0.0509    2.0000

    0.0509    3.0000

    0.0517    3.0000

    0.0525    3.0000

    0.0685    4.0000

    0.0507    2.0000

    0.0572    3.0000

    0.0596    3.0000

    0.0506    3.0000

    0.0658    4.0000

    0.0506    3.0000

    0.0854    3.0000

    0.0515    3.0000

    0.0509    3.0000

    0.0558    3.0000

    0.0798    4.0000

    0.0511    3.0000

    0.0606    3.0000

    0.0508    3.0000

    0.0550    3.0000

    0.0517    4.0000

    7              308        -0.03621        -0.03621        1
    0.0507    3.0000

    0.0547    3.0000

    0.0505    3.0000

    0.0517    4.0000

    0.0553    3.0000

    0.0504    3.0000

    0.0509    4.0000

    0.0506    3.0000

    0.0549    3.0000

    0.0538    3.0000

    0.0526    3.0000

    0.0522    3.0000

    0.0585    3.0000

    0.0515    4.0000

    0.0508    3.0000

    0.0518    3.0000

    0.0585    3.0000

    0.0506    3.0000

    0.0505    4.0000

    0.0527    4.0000

    0.0514    3.0000

    0.0515    3.0000

    0.0526    3.0000

    0.0509    3.0000

    0.0574    3.0000

    0.0550    3.0000

    0.0519    3.0000

    0.0527    3.0000

    0.0570    3.0000

    0.0516    3.0000

    0.0545    3.0000

    0.0509    3.0000

    0.0502    3.0000

    0.0563    3.0000

    0.0509    3.0000

    0.0506    3.0000

    0.0514    3.0000

    0.0506    4.0000

    8              346        -0.03621        -0.03621        2
    0.0527    3.0000

    0.0523    3.0000

    0.0532    3.0000

    0.0542    3.0000

    0.0509    3.0000

    0.0516    3.0000

    0.0527    3.0000

    0.0526    3.0000

    0.0508    3.0000

    0.0519    3.0000

    0.0505    3.0000

    0.0585    4.0000

    0.0549    3.0000

    0.0511    3.0000

    0.0516    3.0000

    0.0519    3.0000

    0.0505    3.0000

    0.0506    3.0000

    0.0524    4.0000

    0.0524    3.0000

    0.0527    3.0000

    0.0506    3.0000

    0.0517    3.0000

    0.0507    3.0000

    0.0518    4.0000

    0.0518    3.0000

    0.0537    3.0000

    0.0506    3.0000

    0.0516    3.0000

    0.0547    3.0000

    0.0509    3.0000

    0.0507    3.0000

    0.0501    3.0000

    0.0521    3.0000

    0.0519    4.0000

    0.0571    3.0000

    0.0514    3.0000

    0.0668    3.0000

    9              384        -0.03621        -0.03621        0
    0.0508    3.0000

    0.0536    3.0000

    0.0518    3.0000

    0.0517    3.0000

    0.0516    3.0000

    0.0527    3.0000

    0.0507    3.0000

    0.0527    2.0000

    0.0506    3.0000

    0.0511    3.0000

    0.0504    3.0000

    0.0517    3.0000

    0.0518    3.0000

    0.0501    3.0000

    0.0516    4.0000

    0.0506    3.0000

    0.0517    3.0000

    0.0529    3.0000

    0.0517    3.0000

    0.0508    3.0000

    0.0518    4.0000

    0.0516    3.0000

    0.0517    3.0000

    0.0519    3.0000

    0.0547    3.0000

    0.0506    3.0000

    0.0512    2.0000

    0.0506    3.0000

    0.0518    2.0000

    0.0526    3.0000

    0.0527    3.0000

    0.0521    3.0000

    0.0507    3.0000

    0.0519    3.0000

    0.0523    3.0000

    0.0510    3.0000

    0.0505    3.0000

    0.0519    2.0000

   10              422        -0.03621        -0.03621        1
    0.0519    3.0000

    0.0519    3.0000

    0.0515    3.0000

    0.0508    3.0000

    0.0510    3.0000

    0.0518    4.0000

    0.0516    3.0000

    0.0527    3.0000

    0.0518    3.0000

    0.0525    3.0000

    0.0502    3.0000

    0.0520    3.0000

    0.0515    3.0000

    0.0507    3.0000

    0.0517    3.0000

    0.0514    3.0000

    0.0517    3.0000

    0.0506    3.0000

    0.0530    3.0000

    0.0529    2.0000

    0.0521    3.0000

    0.0506    3.0000

    0.0536    3.0000

    0.0505    3.0000

    0.0510    3.0000

    0.0512    1.0000

    0.0516    3.0000

    0.0517    3.0000

    0.0509    3.0000

    0.0500    3.0000

    0.0517    3.0000

    0.0514    3.0000

    0.0506    4.0000

    0.0504    3.0000

    0.0515    3.0000

    0.0508    3.0000

    0.0511    2.0000

    0.0507    4.0000

   11              460        -0.03621        -0.03621        2
    0.0509    3.0000

    0.0523    3.0000

    0.0505    3.0000

    0.0505    3.0000

    0.0509    3.0000

    0.0502    3.0000

    0.0513    2.0000

    0.0503    3.0000

    0.0532    3.0000

    0.0520    3.0000

    0.0517    3.0000

    0.0504    3.0000

    0.0521    3.0000

    0.0528    3.0000

    0.0517    3.0000

    0.0509    3.0000

    0.0518    3.0000

    0.1264    3.0000

    0.0507    4.0000

    0.0518    3.0000

    0.0517    3.0000

    0.0521    3.0000

    0.0505    3.0000

    0.0515    3.0000

    0.0506    4.0000

    0.0517    3.0000

    0.0517    3.0000

    0.0527    3.0000

    0.0509    3.0000

    0.0502    3.0000

    0.0507    3.0000

    0.0519    4.0000

    0.0785    3.0000

    0.0510    3.0000

    0.0515    3.0000

    0.0508    3.0000

    0.0514    3.0000

    0.0517    4.0000

   12              498        -0.03621        -0.03621        3
    0.0509    3.0000

    0.0514    3.0000

    0.0520    3.0000

    0.0505    3.0000

    0.0518    3.0000

    0.0503    3.0000

    0.0517    3.0000

    0.0522    3.0000

    0.0503    3.0000

    0.0522    3.0000

    0.0517    3.0000

    0.0523    3.0000

    0.0510    3.0000

    0.0504    3.0000

    0.0509    3.0000

    0.0524    3.0000

    0.0503    3.0000

    0.0521    3.0000

    0.0502    4.0000

    0.0500    3.0000

    0.0517    3.0000

    0.0517    3.0000

    0.0508    3.0000

    0.0520    3.0000

    0.0509    3.0000

    0.0521    3.0000

    0.0517    3.0000

    0.0508    3.0000

    0.0521    3.0000

    0.0504    3.0000

    0.0521    4.0000

    0.0505    3.0000

    0.0521    3.0000

    0.0516    3.0000

    0.0741    3.0000

    0.0517    3.0000

    0.0515    3.0000

    0.0505    3.0000

   13              536        -0.03621        -0.03621        4
    0.0503    3.0000

    0.0519    3.0000

    0.0552    3.0000

    0.0523    3.0000

    0.0521    3.0000

    0.0520    3.0000

    0.0522    3.0000

    0.0521    3.0000

    0.0507    3.0000

    0.0505    3.0000

    0.0509    3.0000

    0.0509    3.0000

    0.0521    3.0000

    0.0517    3.0000

    0.0508    3.0000

    0.0506    3.0000

    0.0523    3.0000

    0.0510    3.0000

    0.0520    3.0000

    0.0503    3.0000

    0.0518    3.0000

    0.0518    3.0000

    0.0503    3.0000

    0.0505    3.0000

    0.0505    3.0000

    0.0522    2.0000

    0.0510    3.0000

    0.0502    3.0000

    0.0507    3.0000

    0.0752    3.0000

    0.0521    3.0000

    0.0521    4.0000

    0.0505    3.0000

    0.0518    3.0000

    0.0500    3.0000

    0.0514    3.0000

    0.0522    3.0000

    0.0515    3.0000

   14              574        -0.03621        -0.03621        5
    0.0506    3.0000

    0.0518    3.0000

    0.0511    3.0000

    0.0510    3.0000

    0.0504    3.0000

    0.0506    3.0000

    0.0520    3.0000

    0.0506    2.0000

    0.0726    3.0000

    0.0503    3.0000

    0.0521    3.0000

    0.0520    3.0000

    0.0502    2.0000

    0.0510    3.0000

    0.0510    3.0000

    0.0518    3.0000

    0.0522    3.0000

    0.0507    3.0000

    0.0521    3.0000

    0.0524    3.0000

    0.0504    3.0000

    0.0504    3.0000

    0.1951    3.0000

    0.0518    3.0000

    0.0500    3.0000

    0.1075    3.0000

    0.0505    3.0000

    0.0522    3.0000

    0.0515    3.0000

    0.0503    3.0000

    0.0521    3.0000

    0.0510    3.0000

    0.0516    3.0000

    0.0521    3.0000

    0.0509    3.0000

    0.1278    3.0000

    0.0518    3.0000

    0.0501    3.0000

   15              612        -0.03621        -0.03621        6
    0.0503    3.0000

    0.0510    3.0000

    0.0516    3.0000

    0.0518    3.0000

    0.0697    3.0000

    0.0520    3.0000

    0.0518    2.0000

    0.0515    3.0000

    0.0510    3.0000

    0.0525    3.0000

    0.0520    3.0000

    0.0511    3.0000

    0.0513    2.0000

    0.0523    3.0000

    0.0509    3.0000

    0.0507    3.0000

    0.0518    3.0000

    0.1290    3.0000

    0.0503    4.0000

    0.0509    3.0000

    0.0501    3.0000

    0.0524    3.0000

    0.0522    3.0000

    0.0504    3.0000

    0.0510    3.0000

    0.0514    3.0000

    0.0522    3.0000

    0.0502    3.0000

    0.0517    3.0000

    0.0520    3.0000

    0.0500    3.0000

    0.0511    3.0000

    0.0505    3.0000

    0.0512    3.0000

    0.0508    3.0000

    0.0521    3.0000

    0.0519    3.0000

    0.0503    2.0000

   16              650        -0.03621        -0.03621        7
    0.0519    3.0000

    0.0517    3.0000

    0.0520    3.0000

    0.0501    3.0000

    0.0520    3.0000

    0.0510    3.0000

    0.0520    2.0000

    0.0521    3.0000

    0.0737    3.0000

    0.0521    3.0000

    0.0517    3.0000

    0.0509    3.0000

    0.0522    4.0000

    0.0500    3.0000

    0.0524    3.0000

    0.0511    3.0000

    0.0510    3.0000

    0.0522    3.0000

    0.0506    3.0000

    0.0503    1.0000

    0.0519    3.0000

    0.0516    3.0000

    0.0503    3.0000

    0.0520    3.0000

    0.0515    3.0000

    0.0507    3.0000

    0.0511    3.0000

    0.0515    3.0000

    0.0501    3.0000

    0.0509    3.0000

    0.0520    2.0000

    0.0530    3.0000

    0.0519    3.0000

    0.0507    3.0000

    0.0515    3.0000

    0.0519    3.0000

    0.0514    2.0000

    0.0521    3.0000

   17              688        -0.03621        -0.03621        8
    0.0528    3.0000

    0.0530    3.0000

    0.0521    3.0000

    0.0521    3.0000

    0.1317    3.0000

    0.0514    3.0000

    0.0519    3.0000

    0.0503    3.0000

    0.0503    3.0000

    0.0520    3.0000

    0.0509    3.0000

    0.0510    3.0000

    0.0519    3.0000

    0.0521    3.0000

    0.0509    3.0000

    0.2923    3.0000

    0.0519    3.0000

    0.0533    3.0000

    0.0521    3.0000

    0.0521    2.0000

    0.0521    3.0000

    0.0520    3.0000

    0.0516    3.0000

    0.0516    3.0000

    0.0521    3.0000

    0.0521    3.0000

    0.0520    3.0000

    0.0509    3.0000

    0.0520    3.0000

    0.0519    3.0000

    0.0510    4.0000

    0.0515    4.0000

    0.0508    3.0000

    0.0510    3.0000

    0.0516    3.0000

    0.0520    3.0000

    0.0522    3.0000

    0.0519    3.0000

   18              726        -0.03621        -0.03621        9
    0.0519    3.0000

    0.0521    3.0000

    0.0519    3.0000

    0.0521    3.0000

    0.0521    3.0000

    0.0503    3.0000

    0.0520    3.0000

    0.0505    2.0000

    0.0516    3.0000

    0.0521    3.0000

    0.0521    3.0000

    0.0520    3.0000

    0.0520    3.0000

    0.0519    3.0000

    0.0521    3.0000

    0.0511    3.0000

    0.0533    3.0000

    0.0521    3.0000

    0.0522    3.0000

    0.0521    3.0000

    0.0521    3.0000

    0.0521    3.0000

    0.0521    3.0000

    0.0516    3.0000

    0.0519    2.0000

    0.0510    2.0000

    0.2533    3.0000

    0.0521    3.0000

    0.0520    3.0000

    0.0521    3.0000

    0.0520    3.0000

    0.0520    3.0000

    0.0510    3.0000

    0.0508    3.0000

    0.0521    3.0000

    0.0520    3.0000

    0.1424    3.0000

    0.0521    3.0000

   19              764        -0.03621        -0.03621       10
    0.0521    3.0000

    0.0520    3.0000

    0.0521    3.0000

    0.0509    3.0000

    0.0520    3.0000

    0.0515    3.0000

    0.0520    2.0000

    0.0520    3.0000

    0.0519    3.0000

    0.0521    3.0000

    0.0521    3.0000

    0.0514    3.0000

    0.0510    3.0000

    0.0520    3.0000

    0.0517    3.0000

    0.0520    3.0000

    0.0521    3.0000

    0.0520    3.0000

    0.0520    3.0000

    0.0520    3.0000

    0.0520    3.0000

    0.0521    3.0000

    0.0524    3.0000

    0.0521    3.0000

    0.0519    3.0000

    0.0519    3.0000

    0.0521    3.0000

    0.0521    3.0000

    0.0522    3.0000

    0.0517    3.0000

    0.0520    3.0000

    0.0520    3.0000

    0.0521    3.0000

    0.0515    3.0000

    0.0520    3.0000

    0.0521    3.0000

    0.0503    4.0000

    0.0521    4.0000

   20              802        -0.03621        -0.03621       11
    0.0517    3.0000

    0.0521    3.0000

    0.0520    3.0000

    0.0521    3.0000

    0.0520    3.0000

    0.0521    3.0000

    0.0521    3.0000

    0.0517    3.0000

    0.0518    4.0000

    0.0520    3.0000

    0.0520    3.0000

    0.0521    3.0000

    0.0520    3.0000

    0.0521    3.0000

    0.0521    4.0000

    0.0521    3.0000

    0.0520    3.0000

    0.0524    3.0000

    0.0521    3.0000

    0.0521    3.0000

    0.0520    3.0000

    0.0524    3.0000

    0.0520    3.0000

    0.0515    3.0000

    0.0521    3.0000

    0.0521    4.0000

    0.0521    3.0000

    0.0520    3.0000

    0.0526    3.0000

    0.0521    3.0000

    0.0520    2.0000

    0.0521    2.0000

    0.0520    3.0000

    0.0519    3.0000

    0.0521    3.0000

    0.0522    3.0000

    0.0520    3.0000

    0.0520    2.0000

   21              840        -0.03621        -0.03621       12
    0.0520    3.0000

    0.0520    3.0000

    0.0520    3.0000

    0.0521    3.0000

    0.0520    3.0000

    0.0517    3.0000

    0.0521    2.0000

    0.0519    2.0000

    0.0521    3.0000

    0.0517    3.0000

    0.0520    3.0000

    0.0521    3.0000

    0.0521    3.0000

    0.0521    3.0000

    0.0521    3.0000

    0.0521    3.0000

    0.0521    3.0000

    0.0520    3.0000

    0.0521    3.0000

    0.0520    3.0000

    0.0520    3.0000

    0.0520    3.0000

    0.0517    3.0000

    0.0521    3.0000

    0.0520    3.0000

    0.0521    2.0000

    0.0515    2.0000

    0.0521    3.0000

    0.0515    3.0000

    0.0520    3.0000

    0.0521    3.0000

    0.0519    3.0000

    0.0518    4.0000

    0.0521    3.0000

    0.0520    3.0000

    0.0521    3.0000

    0.0520    3.0000

    0.0521    3.0000

   22              878        -0.03621        -0.03621       13
    0.0520    3.0000

    0.0521    3.0000

    0.0521    3.0000

    0.0521    3.0000

    0.0520    3.0000

    0.0521    3.0000

    0.0520    2.0000

    0.0520    3.0000

    0.0520    3.0000

    0.0521    3.0000

    0.0520    3.0000

    0.0521    3.0000

    0.0520    2.0000

    0.0521    3.0000

    0.0521    3.0000

    0.0521    3.0000

    0.0520    3.0000

    0.0521    3.0000

    0.0520    3.0000

    0.0520    3.0000

    0.0520    3.0000

    0.0520    3.0000

    0.0520    3.0000

    0.0521    3.0000

    0.0520    3.0000

    0.0520    4.0000

    0.0520    3.0000

    0.0520    3.0000

    0.0521    3.0000

    0.0518    3.0000

    0.0521    3.0000

    0.0522    3.0000

    0.0522    3.0000

    0.0521    3.0000

    0.0521    3.0000

    0.0517    3.0000

    0.0519    3.0000

    0.0520    4.0000

   23              916        -0.03621        -0.03621       14
    0.0520    3.0000

    0.0520    3.0000

    0.0520    3.0000

    0.0521    3.0000

    0.0522    3.0000

    0.0520    3.0000

    0.0520    1.0000

    0.0520    3.0000

    0.0520    3.0000

    0.0521    3.0000

    0.0521    3.0000

    0.0522    3.0000

    0.0516    4.0000

    0.0521    2.0000

    0.0520    3.0000

    0.0520    3.0000

    0.0521    3.0000

    0.0520    3.0000

    0.0517    3.0000

    0.0521    3.0000

    0.0520    3.0000

    0.0521    3.0000

    0.0521    2.0000

    0.0520    3.0000

    0.0521    3.0000

    0.0521    3.0000

    0.0521    3.0000

    0.0520    3.0000

    0.0520    3.0000

    0.0521    3.0000

    0.0520    3.0000

    0.0520    4.0000

    0.0520    3.0000

    0.0520    3.0000

    0.0520    3.0000

    0.0521    3.0000

    0.0521    3.0000

    0.0520    3.0000

   24              954        -0.03621        -0.03621       15
    0.0521    3.0000

    0.0520    3.0000

    0.0520    3.0000

    0.0521    3.0000

    0.0520    3.0000

    0.0521    3.0000

    0.0520    4.0000

    0.0521    4.0000

    0.0520    3.0000

    0.0520    3.0000

    0.0521    3.0000

    0.0520    3.0000

    0.0518    4.0000

    0.0521    3.0000

    0.0520    3.0000

    0.0520    3.0000

    0.0521    3.0000

    0.0520    3.0000

    0.0520    3.0000

    0.0520    3.0000

    0.0520    3.0000

    0.0521    3.0000

    0.0520    3.0000

    0.0520    3.0000

    0.0513    3.0000

    0.0520    3.0000

    0.0521    3.0000

    0.0521    3.0000

    0.0521    3.0000

    0.0521    3.0000

    0.0520    3.0000

    0.0518    4.0000

    0.0520    3.0000

    0.0520    3.0000

    0.0520    3.0000

    0.0520    3.0000

    0.0520    3.0000

    0.0521    3.0000

   25              992        -0.03621        -0.03621       16
    0.0520    3.0000

    0.0520    3.0000

    0.0520    3.0000

    0.0521    3.0000

    0.0521    3.0000

    0.0520    3.0000

    0.0506    4.0000

    0.0521    3.0000

    0.0520    3.0000

    0.0520    3.0000

    0.0521    3.0000

    0.0521    2.0000

    0.0520    3.0000

    0.0520    3.0000

    0.0520    3.0000

    0.0520    3.0000

    0.0520    3.0000

    0.0521    3.0000

    0.0521    4.0000

    0.0520    3.0000

    0.0520    3.0000

    0.0520    3.0000

    0.0521    3.0000

    0.0520    3.0000

    0.0520    2.0000

    0.0520    3.0000

    0.0521    3.0000

    0.0520    3.0000

    0.0520    3.0000

    0.0521    3.0000

    0.0520    3.0000

    0.0514    4.0000

    0.0520    3.0000

    0.0520    3.0000

    0.0520    3.0000

    0.0521    3.0000

    0.0521    3.0000

    0.0521    2.0000

   26             1030        -0.03621        -0.03621       17
    0.0521    3.0000

    0.0520    3.0000

    0.0520    3.0000

    0.0520    3.0000

    0.0521    3.0000

    0.0520    3.0000

    0.0518    3.0000

    0.0520    4.0000

    0.0520    3.0000

    0.0521    3.0000

    0.0520    3.0000

    0.0521    3.0000

    0.0520    2.0000

    0.0520    3.0000

    0.0520    3.0000

    0.0520    3.0000

    0.0520    3.0000

    0.0520    3.0000

    0.0507    3.0000

    0.0520    3.0000

    0.0521    3.0000

    0.0521    3.0000

    0.0520    3.0000

    0.0520    3.0000

    0.0519    4.0000

    0.0521    3.0000

    0.0521    3.0000

    0.0521    3.0000

    0.0520    3.0000

    0.0521    3.0000

    0.0519    3.0000

    0.0521    3.0000

    0.0520    3.0000

    0.0521    3.0000

    0.0521    3.0000

    0.0521    3.0000

    0.0521    4.0000

    0.0520    4.0000

   27             1068        -0.03621        -0.03621       18
    0.0521    3.0000

    0.0520    3.0000

    0.0521    3.0000

    0.0521    3.0000

    0.0521    3.0000

    0.0520    3.0000

    0.0521    3.0000

    0.0516    3.0000

    0.0520    3.0000

    0.0521    3.0000

    0.0520    3.0000

    0.0521    3.0000

    0.0520    3.0000

    0.0519    2.0000

    0.0521    3.0000

    0.0521    3.0000

    0.0521    3.0000

    0.0521    3.0000

    0.0521    3.0000

    0.0519    3.0000

    0.0512    1.0000

    0.0521    3.0000

    0.0521    4.0000

    0.0521    3.0000

    0.0521    3.0000

    0.0520    3.0000

    0.0520    3.0000

    0.0521    3.0000

    0.0521    3.0000

    0.0520    3.0000

    0.0520    3.0000

    0.0520    3.0000

    0.0521    3.0000

    0.0521    3.0000

    0.0521    3.0000

    0.0520    3.0000

    0.0521    3.0000

    0.0520    3.0000

   28             1106        -0.03621        -0.03621       19
    0.0521    3.0000

    0.0521    3.0000

    0.0521    3.0000

    0.0521    3.0000

    0.0520    3.0000

    0.0521    3.0000

    0.0516    1.0000

    0.0520    3.0000

    0.0521    3.0000

    0.0520    3.0000

    0.0521    3.0000

    0.0520    3.0000

    0.0509    1.0000

    0.0520    3.0000

    0.0520    3.0000

    0.0521    3.0000

    0.0521    3.0000

    0.0520    3.0000

    0.0516    1.0000

    0.0521    3.0000

    0.0521    3.0000

    0.0521    3.0000

    0.0521    3.0000

    0.0521    3.0000

    0.0521    3.0000

    0.0520    3.0000

    0.0521    3.0000

    0.0521    3.0000

    0.0521    3.0000

    0.0521    3.0000

    0.0520    3.0000

    0.0520    1.0000

    0.0521    3.0000

    0.0520    3.0000

    0.0520    3.0000

    0.0520    3.0000

    0.0520    3.0000

    0.0512    3.0000

   29             1144        -0.03621        -0.03621       20
    0.0521    3.0000

    0.0521    3.0000

    0.0521    3.0000

    0.0520    3.0000

    0.0521    3.0000

    0.0512    3.0000

    0.0520    3.0000

    0.0521    4.0000

    0.0520    3.0000

    0.0521    3.0000

    0.0520    3.0000

    0.0521    3.0000

    0.0512    3.0000

    0.0516    2.0000

    0.0520    3.0000

    0.0520    3.0000

    0.0521    3.0000

    0.0520    3.0000

    0.0521    3.0000

    0.0520    4.0000

    0.0521    3.0000

    0.0520    3.0000

    0.0520    3.0000

    0.0521    3.0000

    0.0521    3.0000

    0.0521    3.0000

    0.0520    3.0000

    0.0521    3.0000

    0.0520    3.0000

    0.0516    3.0000

    0.0521    3.0000

    0.0521    4.0000

    0.0521    3.0000

    0.0515    3.0000

    0.0521    3.0000

    0.0521    3.0000

    0.0520    3.0000

    0.0518    4.0000


                                  Best          Mean         Stall
Generation      Func-count     Penalty         Penalty    Generations
   30             1182        -0.03621        -0.03621       21
    0.0521    3.0000

    0.0521    3.0000

    0.0521    3.0000

    0.0521    3.0000

    0.0521    3.0000

    0.0520    4.0000

    0.0521    3.0000

    0.0520    3.0000

    0.0520    3.0000

    0.0520    2.0000

    0.0520    3.0000

    0.0521    4.0000

    0.0520    3.0000

    0.0521    3.0000

    0.0520    3.0000

    0.0520    4.0000

    0.0521    3.0000

    0.0514    4.0000

    0.0520    3.0000

    0.0521    3.0000

    0.0520    3.0000

    0.0521    3.0000

    0.0520    3.0000

    0.0519    3.0000

    0.0521    4.0000

    0.0521    3.0000

    0.0520    3.0000

    0.0521    3.0000

    0.0521    4.0000

    0.0513    3.0000

    0.0517    2.0000

    0.0521    4.0000

    0.0521    3.0000

    0.0520    3.0000

    0.0521    3.0000

    0.0521    3.0000

    0.0520    3.0000

    0.0516    2.0000

   31             1220        -0.03621        -0.03621       22
    0.0521    3.0000

    0.0521    3.0000

    0.0521    3.0000

    0.0521    3.0000

    0.0520    3.0000

    0.0520    3.0000

    0.0520    4.0000

    0.0520    3.0000

    0.0520    3.0000

    0.0521    3.0000

    0.0521    3.0000

    0.0521    3.0000

    0.0520    3.0000

    0.0520    3.0000

    0.0521    3.0000

    0.0521    3.0000

    0.0521    3.0000

    0.0521    3.0000

    0.0520    3.0000

    0.0520    3.0000

    0.0521    3.0000

    0.0521    3.0000

    0.0521    3.0000

    0.0521    3.0000

    0.0521    3.0000

    0.0521    3.0000

    0.0520    3.0000

    0.0521    3.0000

    0.0521    3.0000

    0.0513    3.0000

    0.0521    4.0000

    0.0515    3.0000

    0.0521    3.0000

    0.0521    3.0000

    0.0523    3.0000

    0.0521    3.0000

    0.0521    4.0000

    0.0521    4.0000

   32             1258        -0.03621        -0.03621       23
    0.0521    3.0000

    0.0517    3.0000

    0.0521    3.0000

    0.0520    3.0000

    0.0521    3.0000

    0.0514    3.0000

    0.0512    4.0000

    0.0521    3.0000

    0.0522    3.0000

    0.0520    3.0000

    0.0521    3.0000

    0.0521    3.0000

    0.0506    2.0000

    0.0521    3.0000

    0.0521    3.0000

    0.0521    3.0000

    0.0521    3.0000

    0.0521    3.0000

    0.0521    2.0000

    0.0521    3.0000

    0.0521    3.0000

    0.0520    3.0000

    0.0521    3.0000

    0.0521    4.0000

    0.0521    2.0000

    0.0521    3.0000

    0.0521    3.0000

    0.0519    3.0000

    0.0521    3.0000

    0.0521    3.0000

    0.0511    3.0000

    0.0520    3.0000

    0.0521    3.0000

    0.0521    3.0000

    0.0515    3.0000

    0.0521    3.0000

    0.0521    3.0000

    0.0521    1.0000

   33             1296        -0.03621        -0.03621       24
    0.0520    3.0000

    0.0520    3.0000

    0.0521    3.0000

    0.0521    3.0000

    0.0521    3.0000

    0.0520    3.0000

    0.0519    4.0000

    0.0521    3.0000

    0.0521    3.0000

    0.0521    3.0000

    0.0521    3.0000

    0.0521    3.0000

    0.0521    3.0000

    0.0521    3.0000

    0.0521    3.0000

    0.0520    3.0000

    0.0520    3.0000

    0.0521    4.0000

    0.0509    4.0000

    0.0521    3.0000

    0.0521    3.0000

    0.0515    3.0000

    0.0520    3.0000

    0.0522    3.0000

    0.0521    3.0000

    0.0521    3.0000

    0.0521    3.0000

    0.0521    3.0000

    0.0521    3.0000

    0.0521    3.0000

    0.0521    2.0000

    0.0520    4.0000

    0.0521    3.0000

    0.0521    3.0000

    0.0521    3.0000

    0.0521    3.0000

    0.0521    3.0000

    0.0520    2.0000

   34             1334        -0.03621        -0.03621       25
    0.0521    3.0000

    0.0521    3.0000

    0.0519    3.0000

    0.0516    3.0000

    0.0521    3.0000

    0.0521    4.0000

    0.0521    4.0000

    0.0521    4.0000

    0.0521    3.0000

    0.0521    3.0000

    0.0521    3.0000

    0.0520    3.0000

    0.0513    4.0000

    0.0520    3.0000

    0.0521    3.0000

    0.0520    3.0000

    0.0521    3.0000

    0.0515    3.0000

    0.0521    4.0000

    0.0521    3.0000

    0.0521    3.0000

    0.0521    3.0000

    0.0520    3.0000

    0.0521    3.0000

    0.0521    1.0000

    0.0520    4.0000

    0.0521    3.0000

    0.0520    3.0000

    0.0521    3.0000

    0.0521    3.0000

    0.0521    3.0000

    0.0520    2.0000

    0.0521    3.0000

    0.0521    3.0000

    0.0521    3.0000

    0.0521    3.0000

    0.0520    3.0000

    0.0520    2.0000

   35             1372        -0.03621        -0.03621       26
    0.0520    4.0000

    0.0521    3.0000

    0.0520    3.0000

    0.0520    3.0000

    0.0521    3.0000

    0.0520    2.0000

    0.0520    2.0000

    0.0520    4.0000

    0.0521    3.0000

    0.0521    3.0000

    0.0520    3.0000

    0.0521    3.0000

    0.0521    1.0000

    0.0520    3.0000

    0.0520    3.0000

    0.0521    3.0000

    0.0521    3.0000

    0.0520    3.0000

    0.0521    3.0000

    0.0521    4.0000

    0.0520    3.0000

    0.0521    3.0000

    0.0520    3.0000

    0.0520    3.0000

    0.0521    3.0000

    0.0515    3.0000

    0.0520    3.0000

    0.0521    3.0000

    0.0521    3.0000

    0.0520    3.0000

    0.0521    4.0000

    0.0520    3.0000

    0.0521    3.0000

    0.0521    3.0000

    0.0515    3.0000

    0.0520    3.0000

    0.0521    3.0000

    0.0521    4.0000

   36             1410        -0.03621        -0.03621       27
    0.0521    3.0000

    0.0521    3.0000

    0.0521    3.0000

    0.0521    3.0000

    0.0521    3.0000

    0.0521    3.0000

    0.0518    2.0000

    0.0521    3.0000

    0.0521    3.0000

    0.0521    3.0000

    0.0520    3.0000

    0.0521    3.0000

    0.0520    3.0000

    0.0521    3.0000

    0.0521    3.0000

    0.0521    3.0000

    0.0521    3.0000

    0.0521    4.0000

    0.0520    3.0000

    0.0520    3.0000

    0.0521    3.0000

    0.0521    3.0000

    0.0520    3.0000

    0.0520    3.0000

    0.0521    3.0000

    0.0521    3.0000

    0.0521    3.0000

    0.0521    3.0000

    0.0521    3.0000

    0.0521    3.0000

    0.0511    4.0000

    0.0520    3.0000

    0.0520    3.0000

    0.0521    3.0000

    0.0521    2.0000

    0.0521    3.0000

    0.0521    3.0000

    0.0521    3.0000

   37             1448        -0.03621        -0.03621       28
    0.0521    3.0000

    0.0521    3.0000

    0.0521    3.0000

    0.0521    3.0000

    0.0521    3.0000

    0.0521    3.0000

    0.0521    3.0000

    0.0520    3.0000

    0.0521    3.0000

    0.0521    3.0000

    0.0521    3.0000

    0.0521    3.0000

    0.0514    4.0000

    0.0521    3.0000

    0.0521    3.0000

    0.0521    3.0000

    0.0521    3.0000

    0.0521    4.0000

    0.0521    3.0000

    0.0521    3.0000

    0.0521    3.0000

    0.0518    4.0000

    0.0521    3.0000

    0.0517    2.0000

    0.0520    3.0000

    0.0521    1.0000

    0.0521    3.0000

    0.0520    3.0000

    0.0521    3.0000

    0.0521    3.0000

    0.0521    3.0000

    0.0521    3.0000

    0.0521    3.0000

    0.0521    3.0000

    0.0521    3.0000

    0.0521    3.0000

    0.0520    4.0000

    0.0521    2.0000

   38             1486        -0.03621        -0.03621       29
    0.0521    3.0000

    0.0521    3.0000

    0.0521    3.0000

    0.0521    3.0000

    0.0521    3.0000

    0.0521    3.0000

    0.0521    3.0000

    0.0503    2.0000

    0.0521    3.0000

    0.0521    3.0000

    0.0521    3.0000

    0.0521    3.0000

    0.0521    4.0000

    0.0521    3.0000

    0.0521    3.0000

    0.0521    3.0000

    0.0521    3.0000

    0.0520    3.0000

    0.0521    3.0000

    0.0521    3.0000

    0.0521    3.0000

    0.0521    3.0000

    0.0521    3.0000

    0.0521    3.0000

    0.0520    2.0000

    0.0520    1.0000

    0.0521    3.0000

    0.0514    2.0000

    0.0521    3.0000

    0.0521    4.0000

    0.0518    3.0000

    0.0521    3.0000

    0.0521    3.0000

    0.0521    3.0000

    0.0521    3.0000

    0.0521    3.0000

    0.0520    3.0000

    0.0521    4.0000

   39             1524        -0.03621        -0.03621       30
    0.0521    3.0000

    0.0521    3.0000

    0.0521    3.0000

    0.0521    3.0000

    0.0521    3.0000

    0.0521    3.0000

    0.0521    2.0000

    0.0521    3.0000

    0.0521    1.0000

    0.0521    3.0000

    0.0521    3.0000

    0.0521    3.0000

    0.0506    4.0000

    0.0521    3.0000

    0.0521    3.0000

    0.0521    3.0000

    0.0521    3.0000

    0.0521    3.0000

    0.0517    3.0000

    0.0521    3.0000

    0.0521    3.0000

    0.0521    3.0000

    0.0521    3.0000

    0.0520    3.0000

    0.0520    2.0000

    0.0521    4.0000

    0.0521    3.0000

    0.0521    3.0000

    0.0521    3.0000

    0.0521    3.0000

    0.0521    3.0000

    0.0520    3.0000

    0.0521    3.0000

    0.0521    3.0000

    0.0521    3.0000

    0.0521    3.0000

    0.0521    3.0000

    0.0521    3.0000

   40             1562        -0.03621        -0.03621       31
    0.0521    3.0000

    0.0521    3.0000

    0.0521    3.0000

    0.0521    3.0000

    0.0521    3.0000

    0.0521    3.0000

    0.0519    4.0000

    0.0521    3.0000

    0.0521    3.0000

    0.0521    3.0000

    0.0521    3.0000

    0.0521    3.0000

    0.0521    4.0000

    0.0521    3.0000

    0.0521    3.0000

    0.0521    3.0000

    0.0521    3.0000

    0.0516    3.0000

    0.0521    3.0000

    0.0521    3.0000

    0.0521    3.0000

    0.0521    3.0000

    0.0521    3.0000

    0.0521    4.0000

    0.0520    3.0000

    0.0521    3.0000

    0.0521    3.0000

    0.0521    3.0000

    0.0521    3.0000

    0.0521    3.0000

    0.0520    3.0000

    0.0521    4.0000

    0.0521    3.0000

    0.0521    3.0000

    0.0521    3.0000

    0.0521    3.0000

    0.0517    3.0000

    0.0521    1.0000

   41             1600        -0.03621        -0.03621       32
    0.0521    3.0000

    0.0521    3.0000

    0.0521    3.0000

    0.0521    3.0000

    0.0521    3.0000

    0.0521    3.0000

    0.0521    2.0000

    0.0521    3.0000

    0.0521    3.0000

    0.0521    3.0000

    0.0521    3.0000

    0.0521    3.0000

    0.0521    3.0000

    0.0521    3.0000

    0.0521    3.0000

    0.0521    3.0000

    0.0521    3.0000

    0.0521    3.0000

    0.0501    4.0000

    0.0521    3.0000

    0.0521    3.0000

    0.0521    3.0000

    0.0521    3.0000

    0.0521    3.0000

    0.0521    3.0000

    0.0521    2.0000

    0.0521    3.0000

    0.0521    3.0000

    0.0521    3.0000

    0.0521    4.0000

    0.0521    3.0000

    0.0521    4.0000

    0.0521    3.0000

    0.0521    3.0000

    0.0521    4.0000

    0.0521    3.0000

    0.0521    3.0000

    0.0521    4.0000

   42             1638        -0.03621        -0.03621       33
    0.0521    3.0000

    0.0521    3.0000

    0.0521    3.0000

    0.0521    3.0000

    0.0521    3.0000

    0.0521    3.0000

    0.0512    4.0000

    0.0521    3.0000

    0.0521    3.0000

    0.0521    3.0000

    0.0521    3.0000

    0.0521    3.0000

    0.0521    3.0000

    0.0521    4.0000

    0.0521    3.0000

    0.0521    3.0000

    0.0521    3.0000

    0.0521    3.0000

    0.0521    4.0000

    0.0521    4.0000

    0.0521    3.0000

    0.0521    3.0000

    0.0521    3.0000

    0.0521    3.0000

    0.0521    3.0000

    0.0521    3.0000

    0.0521    3.0000

    0.0521    3.0000

    0.0521    3.0000

    0.0521    3.0000

    0.0521    3.0000

    0.0521    3.0000

    0.0521    3.0000

    0.0521    3.0000

    0.0521    3.0000

    0.0521    3.0000

    0.0500    4.0000

    0.0520    3.0000

   43             1676        -0.03621        -0.03621       34
    0.0521    3.0000

    0.0521    3.0000

    0.0521    3.0000

    0.0521    3.0000

    0.0521    3.0000

    0.0521    3.0000

    0.0521    3.0000

    0.0508    2.0000

    0.0521    3.0000

    0.0521    3.0000

    0.0521    3.0000

    0.0521    2.0000

    0.0521    3.0000

    0.0521    3.0000

    0.0521    3.0000

    0.0521    3.0000

    0.0521    3.0000

    0.0521    4.0000

    0.0521    3.0000

    0.0521    3.0000

    0.0521    3.0000

    0.0521    3.0000

    0.0521    3.0000

    0.0513    2.0000

    0.0521    4.0000

    0.0521    3.0000

    0.0521    3.0000

    0.0521    3.0000

    0.0521    3.0000

    0.0521    3.0000

    0.0519    3.0000

    0.0520    2.0000

    0.0521    3.0000

    0.0521    3.0000

    0.0521    3.0000

    0.0521    3.0000

    0.0521    3.0000

    0.0521    4.0000

   44             1714        -0.03621        -0.03621       35
    0.0521    3.0000

    0.0521    3.0000

    0.0521    3.0000

    0.0521    3.0000

    0.0521    3.0000

    0.0519    3.0000

    0.0521    4.0000

    0.0516    4.0000

    0.0521    3.0000

    0.0521    3.0000

    0.0521    3.0000

    0.0521    3.0000

    0.0521    3.0000

    0.0521    4.0000

    0.0521    3.0000

    0.0521    3.0000

    0.0521    3.0000

    0.0521    3.0000

    0.0521    3.0000

    0.0521    3.0000

    0.0521    3.0000

    0.0521    3.0000

    0.0521    3.0000

    0.0521    3.0000

    0.0521    3.0000

    0.0521    3.0000

    0.0521    3.0000

    0.0521    3.0000

    0.0521    2.0000

    0.0521    3.0000

    0.0521    3.0000

    0.0521    3.0000

    0.0521    3.0000

    0.0521    3.0000

    0.0521    3.0000

    0.0521    3.0000

    0.0521    3.0000

    0.0521    4.0000

   45             1752        -0.03621        -0.03621       36
    0.0521    3.0000

    0.0521    3.0000

    0.0521    3.0000

    0.0521    3.0000

    0.0521    3.0000

    0.0521    3.0000

    0.0521    2.0000

    0.0521    3.0000

    0.0521    3.0000

    0.0521    3.0000

    0.0521    3.0000

    0.0521    3.0000

    0.0521    3.0000

    0.0505    4.0000

    0.0521    3.0000

    0.0521    3.0000

    0.0521    3.0000

    0.0521    3.0000

    0.0521    3.0000

    0.0521    2.0000

    0.0521    3.0000

    0.0521    3.0000

    0.0521    3.0000

    0.0521    3.0000

    0.0521    2.0000

    0.0521    2.0000

    0.0517    4.0000

    0.0521    3.0000

    0.0521    3.0000

    0.0521    3.0000

    0.0519    2.0000

    0.0521    3.0000

    0.0521    3.0000

    0.0521    3.0000

    0.0521    3.0000

    0.0521    3.0000

    0.0521    3.0000

    0.0521    3.0000

   46             1790        -0.03621        -0.03621       37
    0.0521    3.0000

    0.0521    3.0000

    0.0521    4.0000

    0.0521    3.0000

    0.0521    3.0000

    0.0521    4.0000

    0.0520    3.0000

    0.0521    3.0000

    0.0521    3.0000

    0.0521    3.0000

    0.0521    3.0000

    0.0521    3.0000

    0.0520    3.0000

    0.0521    3.0000

    0.0521    3.0000

    0.0521    3.0000

    0.0521    3.0000

    0.0521    3.0000

    0.0521    4.0000

    0.0521    3.0000

    0.0521    3.0000

    0.0521    3.0000

    0.0521    3.0000

    0.0508    4.0000

    0.0521    2.0000

    0.0521    3.0000

    0.0521    3.0000

    0.0521    3.0000

    0.0521    3.0000

    0.0521    3.0000

    0.0512    3.0000

    0.0520    4.0000

    0.0521    3.0000

    0.0521    3.0000

    0.0521    3.0000

    0.0521    3.0000

    0.0521    3.0000

    0.0520    4.0000

   47             1828        -0.03621        -0.03621       38
    0.0521    3.0000

    0.0521    3.0000

    0.0521    3.0000

    0.0521    3.0000

    0.0521    3.0000

    0.0521    3.0000

    0.0520    3.0000

    0.0521    3.0000

    0.0521    3.0000

    0.0521    3.0000

    0.0521    3.0000

    0.0521    3.0000

    0.0518    2.0000

    0.0509    3.0000

    0.0521    3.0000

    0.0521    3.0000

    0.0521    3.0000

    0.0520    3.0000

    0.0515    3.0000

    0.0521    3.0000

    0.0521    3.0000

    0.0521    3.0000

    0.0521    3.0000

    0.0521    3.0000

    0.0521    4.0000

    0.0521    4.0000

    0.0520    3.0000

    0.0521    3.0000

    0.0521    3.0000

    0.0521    3.0000

    0.0521    3.0000

    0.0521    3.0000

    0.0521    3.0000

    0.0521    3.0000

    0.0521    3.0000

    0.0520    3.0000

    0.0520    3.0000

    0.0520    3.0000

   48             1866        -0.03621        -0.03621       39
    0.0521    3.0000

    0.0521    3.0000

    0.0521    3.0000

    0.0521    3.0000

    0.0520    3.0000

    0.0520    3.0000

    0.0515    4.0000

    0.0521    4.0000

    0.0520    3.0000

    0.0521    3.0000

    0.0521    3.0000

    0.0521    3.0000

    0.0521    4.0000

    0.0521    2.0000

    0.0521    3.0000

    0.0521    3.0000

    0.0521    3.0000

    0.0520    3.0000

    0.0521    3.0000

    0.0521    4.0000

    0.0521    3.0000

    0.0520    3.0000

    0.0521    3.0000

    0.0521    3.0000

    0.0521    3.0000

    0.0520    3.0000

    0.0521    3.0000

    0.0521    3.0000

    0.0521    3.0000

    0.0525    3.0000

    0.0521    3.0000

    0.0519    3.0000

    0.0521    3.0000

    0.0521    3.0000

    0.0520    3.0000

    0.0521    3.0000

    0.0521    3.0000

    0.0521    3.0000

   49             1904        -0.03621        -0.03621       40
    0.0521    3.0000

    0.0520    3.0000

    0.0521    3.0000

    0.0521    3.0000

    0.0521    3.0000

    0.0521    3.0000

    0.0521    3.0000

    0.0521    3.0000

    0.0512    3.0000

    0.0521    4.0000

    0.0521    3.0000

    0.0521    3.0000

    0.0521    3.0000

    0.0519    3.0000

    0.0520    4.0000

    0.0521    3.0000

    0.0521    3.0000

    0.0521    3.0000

    0.0521    3.0000

    0.0521    3.0000

    0.0514    3.0000

    0.0521    3.0000

    0.0521    3.0000

    0.0521    3.0000

    0.0521    3.0000

    0.0521    3.0000

    0.0520    3.0000

    0.0521    3.0000

    0.0521    3.0000

    0.0521    3.0000

    0.0521    3.0000

    0.0521    3.0000

    0.0521    3.0000

    0.0521    3.0000

    0.0521    3.0000

    0.0521    3.0000

    0.0521    3.0000

    0.0519    4.0000

   50             1942        -0.03621        -0.03621       41
    0.0521    3.0000

    0.0521    3.0000

    0.0521    3.0000

    0.0521    3.0000

    0.0521    3.0000

    0.0521    3.0000

    0.0514    3.0000

    0.0514    3.0000

    0.0521    3.0000

    0.0521    3.0000

    0.0521    3.0000

    0.0521    3.0000

    0.0514    4.0000

    0.0521    3.0000

    0.0521    3.0000

    0.0521    3.0000

    0.0521    3.0000

    0.0521    3.0000

    0.0521    3.0000

    0.0521    3.0000

    0.0521    3.0000

    0.0521    3.0000

    0.0521    3.0000

    0.0521    3.0000

    0.0521    3.0000

    0.0521    2.0000

    0.0521    3.0000

    0.0521    3.0000

    0.0521    3.0000

    0.0521    3.0000

    0.0521    3.0000

    0.0521    2.0000

    0.0521    4.0000

    0.0521    3.0000

    0.0521    3.0000

    0.0521    3.0000

    0.0521    3.0000

    0.0521    3.0000

   51             1980        -0.03621        -0.03621       42
    0.0521    3.0000

Optimization terminated: average change in the penalty fitness value less than options.FunctionTolerance
and constraint violation is less than options.ConstraintTolerance.

ans =

    'Time passed (hours): '

    0.0067

Fitness function has reached the value: 
-0.036212
Algorithm outputs the given Length parameters: 
0.052058           3
Error using <a href="matlab:matlab.internal.language.introspective.errorDocCallback('CheckVal')" style="font-weight:bold">CheckVal</a>
Too many input arguments.

Error in <a href="matlab:matlab.internal.language.introspective.errorDocCallback('PLAY_SCRIPT', 'C:\Users\Ignatio Denton\Desktop\Darbas\2D RCWA\PLAY_SCRIPT.m', 235)" style="font-weight:bold">PLAY_SCRIPT</a> (<a href="matlab: opentoline('C:\Users\Ignatio Denton\Desktop\Darbas\2D RCWA\PLAY_SCRIPT.m',235,0)">line 235</a>)
            [TRN, REF] = CheckVal(P, NH, Output,interface, DispersionCoeffs,
            Work, refractive_idx);

opentoline('C:\Users\Ignatio Denton\Desktop\Darbas\2D RCWA\PLAY_SCRIPT.m',235,0)
P

P = 

  <a href="matlab:helpPopup struct" style="font-weight:bold">struct</a> with fields:

       layer_num: 1
    distribution: 'all'
     is_periodic: 0
      period_num: 33
         Lengths: 0.5800
             idx: 2
          Params: [0.5800 2]
           n_sub: 1.4700 + 0.0050i
           n_sup: 1
               h: 0.1500
              Lx: 0.7000
            Lam0: 0.9460
           Theta: 0
              Nz: 30

P

P = 

  <a href="matlab:helpPopup struct" style="font-weight:bold">struct</a> with fields:

       layer_num: 1
    distribution: 'all'
     is_periodic: 0
      period_num: 33
         Lengths: 0.5800
             idx: 2
          Params: [0.5800 2]
           n_sub: 1.4700 + 0.0050i
           n_sup: 1
               h: 0.1500
              Lx: 0.7000
            Lam0: 0.9460
           Theta: 0
              Nz: 30

E
    0.0817    4.0000

    0.2783    4.0000

    0.2081    2.0000

    0.0744    2.0000

    0.1196    3.0000

    0.1867    3.0000

    0.0894    1.0000

    0.2912    4.0000

    0.2894    3.0000

    0.2358    2.0000

    0.0615    2.0000

    0.1454    4.0000

    0.1713    2.0000

    0.2893    3.0000

    0.2926    3.0000

    0.2265    3.0000

    0.2559    3.0000

    0.1554    4.0000

    0.0855    2.0000

    0.2501    2.0000

    0.0928    2.0000

    0.0743    3.0000

    0.2876    2.0000

    0.2899    1.0000

    0.2481    2.0000

    0.2789    2.0000

    0.1481    2.0000

    0.1293    2.0000

    0.2623    2.0000

    0.0589    2.0000

    0.2139    3.0000

    0.2139    2.0000

    0.1192    3.0000

    0.0586    2.0000

    0.2394    4.0000

    0.2197    3.0000

    0.2835    4.0000

    0.0580    1.0000

    0.2237    2.0000

    0.1597    2.0000


                                  Best          Mean         Stall
Generation      Func-count     Penalty         Penalty    Generations
    0.0736    2.0000

    0.0743    3.0000

    0.1066    2.0000

    0.2571    3.0000

    0.2231    1.0000

    0.0614    2.0000

    0.0855    2.0000

    0.0613    1.0000

    0.1196    3.0000

    0.0794    2.0000

    0.1219    2.0000

    0.1196    2.0000

    0.2439    2.0000

    0.2196    2.0000

    0.2205    4.0000

    0.0798    3.0000

    0.2358    2.0000

    0.0988    4.0000

    0.1712    2.0000

    0.2926    4.0000

    0.0763    2.0000

    0.1567    3.0000

    0.1552    3.0000

    0.2017    3.0000

    0.2887    3.0000

    0.1901    3.0000

    0.2900    3.0000

    0.0638    2.0000

    0.2941    3.0000

    0.2636    2.0000

    0.0506    3.0000

    0.0586    1.0000

    0.1036    2.0000

    0.0623    2.0000

    0.0903    1.0000

    0.0604    3.0000

    0.2033    3.0000

    0.0691    2.0000

    0.2899    1.0000

    0.0744    2.0000

    1               80        -0.03621        -0.03621        0
    0.0615    2.0000

    0.1916    3.0000

    0.0609    2.0000

    0.1836    3.0000

    0.0653    1.0000

    0.0589    2.0000

    0.0582    1.0000

    0.1978    3.0000

    0.2283    2.0000

    0.1671    4.0000

    0.1645    3.0000

    0.1363    3.0000

    0.1901    3.0000

    0.0720    2.0000

    0.0648    3.0000

    0.2684    3.0000

    0.2032    3.0000

    0.0801    4.0000

    0.0736    2.0000

    0.2779    3.0000

    0.0931    1.0000

    0.0636    3.0000

    0.0632    4.0000

    0.0596    4.0000

    0.1030    2.0000

    0.1567    4.0000

    0.2095    4.0000

    0.0635    2.0000

    0.1988    3.0000

    0.0575    3.0000

    0.2968    4.0000

    0.1006    2.0000

    0.0615    2.0000

    0.1628    3.0000

    0.1270    3.0000

    0.0735    3.0000

    0.0897    1.0000

    0.0630    2.0000

    2              118        -0.03621        -0.03621        1
    0.0594    2.0000

    0.0572    3.0000

    0.0625    2.0000

    0.0558    2.0000

    0.0650    3.0000

    0.1988    3.0000

    0.0606    3.0000

    0.2619    3.0000

    0.1935    3.0000

    0.0504    3.0000

    0.0506    4.0000

    0.0586    3.0000

    0.0636    3.0000

    0.1629    3.0000

    0.0667    1.0000

    0.0515    3.0000

    0.2019    3.0000

    0.1830    3.0000

    0.0657    4.0000

    0.0630    3.0000

    0.0789    3.0000

    0.0713    2.0000

    0.0585    3.0000

    0.2000    3.0000

    0.0784    3.0000

    0.0506    4.0000

    0.0577    4.0000

    0.1796    3.0000

    0.1492    3.0000

    0.0649    4.0000

    0.0592    2.0000

    0.2176    3.0000

    0.0574    4.0000

    0.0631    2.0000

    0.0711    1.0000

    0.1648    3.0000

    0.0898    1.0000

    0.0730    1.0000

    3              156        -0.03621        -0.03621        2
    0.0622    3.0000

    0.0592    4.0000

    0.0650    1.0000

    0.0558    3.0000

    0.0826    3.0000

    0.1444    2.0000

    0.0577    4.0000

    0.0622    3.0000

    0.0914    3.0000

    0.0572    3.0000

    0.2513    3.0000

    0.0515    3.0000

    0.1894    3.0000

    0.0557    3.0000

    0.0657    3.0000

    0.0575    3.0000

    0.0572    3.0000

    0.0606    4.0000

    0.0591    2.0000

    0.0796    3.0000

    0.1633    3.0000

    0.0513    3.0000

    0.0815    3.0000

    0.0572    4.0000

    0.0611    3.0000

    0.0504    2.0000

    0.0553    1.0000

    0.0608    3.0000

    0.0503    4.0000

    0.0563    1.0000

    0.0667    1.0000

    0.0585    4.0000

    0.0645    4.0000

    0.0584    2.0000

    0.0581    3.0000

    0.0889    3.0000

    0.1492    3.0000

    0.0784    3.0000

    4              194        -0.03621        -0.03621        0
    0.0572    3.0000

    0.0775    1.0000

    0.0577    4.0000

    0.0572    1.0000

    0.0504    3.0000

    0.0563    2.0000

    0.0581    2.0000

    0.0555    4.0000

    0.0509    3.0000

    0.0549    1.0000

    0.0667    3.0000

    0.0513    3.0000

    0.2677    1.0000

    0.0572    4.0000

    0.0809    3.0000

    0.0564    3.0000

    0.0621    3.0000

    0.0572    3.0000

    0.0590    3.0000

    0.0558    4.0000

    0.0506    3.0000

    0.0840    3.0000

    0.0537    1.0000

    0.0513    3.0000

    0.0532    3.0000

    0.0677    3.0000

    0.0564    4.0000

    0.0511    2.0000

    0.0802    3.0000

    0.0601    3.0000

    0.0557    3.0000

    0.0576    3.0000

    0.0575    3.0000

    0.1552    4.0000

    0.0520    3.0000

    0.0770    3.0000

    0.0672    2.0000

    0.0648    1.0000

    5              232        -0.03621        -0.03621        0
    0.0585    3.0000

    0.0576    3.0000

    0.0511    3.0000

    0.0566    3.0000

    0.0541    3.0000

    0.0510    2.0000

    0.0775    1.0000

    0.0520    4.0000

    0.0581    2.0000

    0.0513    3.0000

    0.0788    3.0000

    0.0506    3.0000

    0.0537    3.0000

    0.0504    4.0000

    0.0517    3.0000

    0.0533    3.0000

    0.2248    3.0000

    0.0565    3.0000

    0.0509    3.0000

    0.0564    4.0000

    0.0519    3.0000

    0.0658    4.0000

    0.1270    3.0000

    0.0534    3.0000

    0.0506    2.0000

    0.0826    4.0000

    0.0740    2.0000

    0.0590    3.0000

    0.0585    3.0000

    0.0796    3.0000

    0.0580    2.0000

    0.0601    4.0000

    0.0543    3.0000

    0.0574    3.0000

    0.0869    3.0000

    0.0662    3.0000

    0.0576    2.0000

    0.0506    3.0000

    6              270        -0.03621        -0.03621        0
    0.0576    3.0000

    0.0575    3.0000

    0.0550    3.0000

    0.0543    3.0000

    0.0520    3.0000

    0.0509    3.0000

    0.0506    4.0000

    0.0658    4.0000

    0.0568    3.0000

    0.0518    3.0000

    0.0505    3.0000

    0.0508    4.0000

    0.0509    3.0000

    0.0517    4.0000

    0.0527    3.0000

    0.0533    3.0000

    0.0516    3.0000

    0.0509    2.0000

    0.0506    3.0000

    0.0506    3.0000

    0.0685    4.0000

    0.0507    2.0000

    0.0572    3.0000

    0.0596    3.0000

    0.0550    3.0000

    0.0558    3.0000

    0.0506    3.0000

    0.0854    3.0000

    0.0515    3.0000

    0.0506    3.0000

    0.0581    1.0000

    0.0525    3.0000

    0.0798    4.0000

    0.0511    3.0000

    0.0606    3.0000

    0.0508    3.0000

    0.0530    3.0000

    0.0517    3.0000

    7              308        -0.03621        -0.03621        1
    0.0547    3.0000

    0.0506    3.0000

    0.0505    3.0000

    0.0517    4.0000

    0.0553    3.0000

    0.0545    3.0000

    0.0574    3.0000

    0.0550    3.0000

    0.0549    3.0000

    0.0538    3.0000

    0.0526    3.0000

    0.0509    3.0000

    0.0506    4.0000

    0.0515    4.0000

    0.0508    3.0000

    0.0518    3.0000

    0.0585    3.0000

    0.0504    3.0000

    0.0509    4.0000

    0.0507    3.0000

    0.0514    3.0000

    0.0515    3.0000

    0.0526    3.0000

    0.0522    3.0000

    0.0585    3.0000

    0.0527    4.0000

    0.0519    3.0000

    0.0527    3.0000

    0.0570    3.0000

    0.0516    3.0000

    0.0506    3.0000

    0.0505    4.0000

    0.0502    3.0000

    0.0563    3.0000

    0.0509    3.0000

    0.0506    3.0000

    0.0514    3.0000

    0.0509    3.0000

    8              346        -0.03621        -0.03621        2
    0.0523    3.0000

    0.0511    3.0000

    0.0532    3.0000

    0.0542    3.0000

    0.0509    3.0000

    0.0505    3.0000

    0.0524    4.0000

    0.0527    3.0000

    0.0526    3.0000

    0.0508    3.0000

    0.0519    3.0000

    0.0506    3.0000

    0.0507    3.0000

    0.0516    3.0000

    0.0519    3.0000

    0.0505    3.0000

    0.0514    3.0000

    0.0668    3.0000

    0.0524    3.0000

    0.0527    3.0000

    0.0506    3.0000

    0.0517    3.0000

    0.0509    3.0000

    0.0585    4.0000

    0.0549    3.0000

    0.0537    3.0000

    0.0506    3.0000

    0.0516    3.0000

    0.0547    3.0000

    0.0507    3.0000

    0.0518    4.0000

    0.0518    3.0000

    0.0501    3.0000

    0.0521    3.0000

    0.0519    4.0000

    0.0571    3.0000

    0.0516    3.0000

    0.0527    3.0000

    9              384        -0.03621        -0.03621        0
    0.0506    3.0000

    0.0518    3.0000

    0.0517    3.0000

    0.0516    3.0000

    0.0527    3.0000

    0.0506    3.0000

    0.0519    2.0000

    0.0508    3.0000

    0.0511    3.0000

    0.0504    3.0000

    0.0517    3.0000

    0.0508    3.0000

    0.0518    4.0000

    0.0517    3.0000

    0.0529    3.0000

    0.0517    3.0000

    0.0518    3.0000

    0.0527    2.0000

    0.0506    3.0000

    0.0516    3.0000

    0.0517    3.0000

    0.0519    3.0000

    0.0547    3.0000

    0.0521    3.0000

    0.0507    3.0000

    0.0506    3.0000

    0.0518    2.0000

    0.0526    3.0000

    0.0527    3.0000

    0.0507    3.0000

    0.0501    3.0000

    0.0516    4.0000

    0.0536    3.0000

    0.0519    3.0000

    0.0523    3.0000

    0.0510    3.0000

    0.0505    3.0000

    0.0512    2.0000

   10              422        -0.03621        -0.03621        1
    0.0519    3.0000

    0.0515    3.0000

    0.0508    3.0000

    0.0510    3.0000

    0.0518    4.0000

    0.0511    2.0000

    0.0512    1.0000

    0.0519    3.0000

    0.0518    3.0000

    0.0525    3.0000

    0.0502    3.0000

    0.0530    3.0000

    0.0527    3.0000

    0.0517    3.0000

    0.0514    3.0000

    0.0517    3.0000

    0.0506    3.0000

    0.0517    3.0000

    0.0507    4.0000

    0.0521    3.0000

    0.0506    3.0000

    0.0536    3.0000

    0.0505    3.0000

    0.0510    3.0000

    0.0514    3.0000

    0.0506    4.0000

    0.0516    3.0000

    0.0517    3.0000

    0.0509    3.0000

    0.0500    3.0000

    0.0516    3.0000

    0.0529    2.0000

    0.0504    3.0000

    0.0515    3.0000

    0.0508    3.0000

    0.0520    3.0000

    0.0515    3.0000

    0.0507    3.0000

   11              460        -0.03621        -0.03621        2
    0.0528    3.0000

    0.0518    3.0000

    0.0523    3.0000

    0.0505    3.0000

    0.0505    3.0000

    0.0509    3.0000

    0.1264    3.0000

    0.0506    4.0000

    0.0509    3.0000

    0.0503    3.0000

    0.0532    3.0000

    0.0520    3.0000

    0.0515    3.0000

    0.0507    4.0000

    0.0517    3.0000

    0.0517    3.0000

    0.0509    3.0000

    0.0518    3.0000

    0.0507    3.0000

    0.0504    3.0000

    0.0521    3.0000

    0.0517    3.0000

    0.0521    3.0000

    0.0505    3.0000

    0.0517    3.0000

    0.0519    4.0000

    0.0517    3.0000

    0.0527    3.0000

    0.0509    3.0000

    0.0502    3.0000

    0.0502    3.0000

    0.0513    2.0000

    0.0785    3.0000

    0.0510    3.0000

    0.0515    3.0000

    0.0508    3.0000

    0.0514    3.0000

    0.0517    4.0000

   12              498        -0.03621        -0.03621        3
    0.0509    3.0000

    0.0514    3.0000

    0.0520    3.0000

    0.0505    3.0000

    0.0518    3.0000

    0.0521    3.0000

    0.0509    3.0000

    0.0522    3.0000

    0.0503    3.0000

    0.0522    3.0000

    0.0517    3.0000

    0.0515    3.0000

    0.0517    3.0000

    0.0504    3.0000

    0.0509    3.0000

    0.0524    3.0000

    0.0503    3.0000

    0.0503    3.0000

    0.0505    3.0000

    0.0517    3.0000

    0.0517    3.0000

    0.0508    3.0000

    0.0520    3.0000

    0.0521    4.0000

    0.0505    3.0000

    0.0521    3.0000

    0.0517    3.0000

    0.0508    3.0000

    0.0521    3.0000

    0.0523    3.0000

    0.0510    3.0000

    0.0500    3.0000

    0.0521    3.0000

    0.0516    3.0000

    0.0741    3.0000

    0.0517    3.0000

    0.0504    3.0000

    0.0502    4.0000

   13              536        -0.03621        -0.03621        4
    0.0519    3.0000

    0.0503    3.0000

    0.0552    3.0000

    0.0523    3.0000

    0.0521    3.0000

    0.0523    3.0000

    0.0522    2.0000

    0.0521    3.0000

    0.0507    3.0000

    0.0505    3.0000

    0.0509    3.0000

    0.0509    3.0000

    0.0505    3.0000

    0.0521    4.0000

    0.0517    3.0000

    0.0508    3.0000

    0.0506    3.0000

    0.0520    3.0000

    0.0522    3.0000

    0.0503    3.0000

    0.0518    3.0000

    0.0518    3.0000

    0.0503    3.0000

    0.0522    3.0000

    0.0521    3.0000

    0.0510    3.0000

    0.0502    3.0000

    0.0507    3.0000

    0.0752    3.0000

    0.0521    3.0000

    0.0515    3.0000

    0.0505    3.0000

    0.0518    3.0000

    0.0500    3.0000

    0.0514    3.0000

    0.0505    3.0000

    0.0510    3.0000

    0.0520    3.0000

   14              574        -0.03621        -0.03621        5
    0.0516    3.0000

    0.0518    3.0000

    0.0511    3.0000

    0.0510    3.0000

    0.0504    3.0000

    0.0518    3.0000

    0.0502    2.0000

    0.0506    3.0000

    0.0726    3.0000

    0.0503    3.0000

    0.0521    3.0000

    0.0506    3.0000

    0.0520    3.0000

    0.0510    3.0000

    0.0510    3.0000

    0.0518    3.0000

    0.0522    3.0000

    0.0507    3.0000

    0.0521    3.0000

    0.0510    3.0000

    0.0524    3.0000

    0.0504    3.0000

    0.0504    3.0000

    0.1951    3.0000

    0.0503    3.0000

    0.0500    3.0000

    0.1075    3.0000

    0.0505    3.0000

    0.0522    3.0000

    0.0515    3.0000

    0.0518    3.0000

    0.0501    3.0000

    0.0521    3.0000

    0.0509    3.0000

    0.1278    3.0000

    0.0520    3.0000

    0.0521    3.0000

    0.0506    2.0000

   15              612        -0.03621        -0.03621        6
    0.0510    3.0000

    0.0516    3.0000

    0.0518    3.0000

    0.0697    3.0000

    0.0504    3.0000

    0.0513    2.0000

    0.0515    3.0000

    0.0510    3.0000

    0.0525    3.0000

    0.0520    3.0000

    0.1290    3.0000

    0.0511    3.0000

    0.0523    3.0000

    0.0509    3.0000

    0.0507    3.0000

    0.0518    3.0000

    0.0519    3.0000

    0.0503    2.0000

    0.0503    3.0000

    0.0501    3.0000

    0.0524    3.0000

    0.0522    3.0000

    0.0520    3.0000

    0.0518    2.0000

    0.0522    3.0000

    0.0502    3.0000

    0.0517    3.0000

    0.0520    3.0000

    0.0500    3.0000

    0.0503    4.0000

    0.0514    3.0000

    0.0505    3.0000

    0.0512    3.0000

    0.0508    3.0000

    0.0521    3.0000

    0.0511    3.0000

    0.0510    3.0000

    0.0509    3.0000

   16              650        -0.03621        -0.03621        7
    0.0500    3.0000

    0.0519    3.0000

    0.0517    3.0000

    0.0520    3.0000

    0.0501    3.0000

    0.0520    3.0000

    0.0509    3.0000

    0.0507    3.0000

    0.0521    3.0000

    0.0737    3.0000

    0.0521    3.0000

    0.0517    3.0000

    0.0519    3.0000

    0.0522    4.0000

    0.0503    1.0000

    0.0524    3.0000

    0.0511    3.0000

    0.0510    3.0000

    0.0509    3.0000

    0.0514    2.0000

    0.0516    3.0000

    0.0503    3.0000

    0.0520    3.0000

    0.0510    3.0000

    0.0506    3.0000

    0.0521    3.0000

    0.0519    3.0000

    0.0511    3.0000

    0.0515    3.0000

    0.0501    3.0000

    0.0515    3.0000

    0.0520    2.0000

    0.0530    3.0000

    0.0519    3.0000

    0.0507    3.0000

    0.0515    3.0000

    0.0522    3.0000

    0.0520    2.0000

   17              688        -0.03621        -0.03621        8
    0.0503    3.0000

    0.0528    3.0000

    0.0521    3.0000

    0.0521    3.0000

    0.1317    3.0000

    0.0510    3.0000

    0.0519    3.0000

    0.0503    3.0000

    0.0520    3.0000

    0.0509    3.0000

    0.0514    3.0000

    0.0519    3.0000

    0.0515    4.0000

    0.0509    3.0000

    0.2923    3.0000

    0.0519    3.0000

    0.0533    3.0000

    0.0521    3.0000

    0.0521    3.0000

    0.0521    3.0000

    0.0520    3.0000

    0.0516    3.0000

    0.0516    3.0000

    0.0522    3.0000

    0.0510    4.0000

    0.0521    2.0000

    0.0530    3.0000

    0.0520    3.0000

    0.0509    3.0000

    0.0520    3.0000

    0.0521    3.0000

    0.0519    3.0000

    0.0508    3.0000

    0.0510    3.0000

    0.0516    3.0000

    0.0520    3.0000

    0.0519    3.0000

    0.0521    3.0000

   18              726        -0.03621        -0.03621        9
    0.0516    3.0000

    0.0519    3.0000

    0.0521    3.0000

    0.0519    3.0000

    0.0521    3.0000

    0.0521    3.0000

    0.0520    3.0000

    0.0519    3.0000

    0.0521    3.0000

    0.0521    3.0000

    0.0520    3.0000

    0.0503    3.0000

    0.0520    3.0000

    0.0521    3.0000

    0.0511    3.0000

    0.0533    3.0000

    0.0521    3.0000

    0.1424    3.0000

    0.0521    3.0000

    0.0521    3.0000

    0.0521    3.0000

    0.0521    3.0000

    0.0516    3.0000

    0.0521    3.0000

    0.0505    2.0000

    0.2533    3.0000

    0.0521    3.0000

    0.0520    3.0000

    0.0521    3.0000

    0.0520    3.0000

    0.0520    3.0000

    0.0510    3.0000

    0.0508    3.0000

    0.0521    3.0000

    0.0520    3.0000

    0.0522    3.0000

    0.0519    2.0000

    0.0510    2.0000

   19              764        -0.03621        -0.03621       10
    0.0521    3.0000

    0.0520    3.0000

    0.0521    3.0000

    0.0509    3.0000

    0.0520    3.0000

    0.0515    3.0000

    0.0520    3.0000

    0.0520    3.0000

    0.0519    3.0000

    0.0521    3.0000

    0.0521    3.0000

    0.0519    3.0000

    0.0520    3.0000

    0.0517    3.0000

    0.0520    3.0000

    0.0521    3.0000

    0.0517    3.0000

    0.0520    2.0000

    0.0520    3.0000

    0.0520    3.0000

    0.0521    3.0000

    0.0524    3.0000

    0.0520    3.0000

    0.0520    3.0000

    0.0519    3.0000

    0.0521    3.0000

    0.0521    3.0000

    0.0522    3.0000

    0.0521    3.0000

    0.0514    3.0000

    0.0510    3.0000

    0.0520    3.0000

    0.0521    3.0000

    0.0515    3.0000

    0.0520    3.0000

    0.0521    3.0000

    0.0503    4.0000

    0.0521    4.0000

   20              802        -0.03621        -0.03621       11
    0.0520    3.0000

    0.0520    3.0000

    0.0521    3.0000

    0.0520    3.0000

    0.0521    3.0000

    0.0521    3.0000

    0.0520    2.0000

    0.0520    3.0000

    0.0521    3.0000

    0.0520    3.0000

    0.0521    3.0000

    0.0520    2.0000

    0.0521    2.0000

    0.0521    3.0000

    0.0520    3.0000

    0.0524    3.0000

    0.0521    3.0000

    0.0520    3.0000

    0.0521    4.0000

    0.0517    3.0000

    0.0524    3.0000

    0.0520    3.0000

    0.0515    3.0000

    0.0521    3.0000

    0.0521    4.0000

    0.0518    4.0000

    0.0521    3.0000

    0.0521    3.0000

    0.0520    3.0000

    0.0526    3.0000

    0.0521    3.0000

    0.0520    3.0000

    0.0520    3.0000

    0.0519    3.0000

    0.0521    3.0000

    0.0522    3.0000

    0.0521    3.0000

    0.0517    3.0000

   21              840        -0.03621        -0.03621       12
    0.0521    3.0000

    0.0520    3.0000

    0.0521    3.0000

    0.0520    3.0000

    0.0517    3.0000

    0.0521    3.0000

    0.0518    4.0000

    0.0517    3.0000

    0.0520    3.0000

    0.0521    3.0000

    0.0521    3.0000

    0.0520    3.0000

    0.0519    2.0000

    0.0521    3.0000

    0.0521    3.0000

    0.0520    3.0000

    0.0521    3.0000

    0.0520    3.0000

    0.0521    3.0000

    0.0520    3.0000

    0.0520    3.0000

    0.0517    3.0000

    0.0521    3.0000

    0.0521    2.0000

    0.0520    3.0000

    0.0515    2.0000

    0.0521    3.0000

    0.0515    3.0000

    0.0520    3.0000

    0.0521    3.0000

    0.0519    3.0000

    0.0521    2.0000

    0.0520    3.0000

    0.0521    3.0000

    0.0520    3.0000

    0.0521    3.0000

    0.0520    3.0000

    0.0521    3.0000

   22              878        -0.03621        -0.03621       13
    0.0522    3.0000

    0.0521    3.0000

    0.0521    3.0000

    0.0521    3.0000

    0.0520    3.0000

    0.0517    3.0000

    0.0520    2.0000

    0.0520    3.0000

    0.0520    3.0000

    0.0521    3.0000

    0.0520    3.0000

    0.0521    3.0000

    0.0520    3.0000

    0.0520    4.0000

    0.0521    3.0000

    0.0521    3.0000

    0.0521    3.0000

    0.0520    3.0000

    0.0521    3.0000

    0.0520    3.0000

    0.0520    3.0000

    0.0520    3.0000

    0.0520    3.0000

    0.0520    3.0000

    0.0521    3.0000

    0.0521    3.0000

    0.0520    3.0000

    0.0520    3.0000

    0.0520    3.0000

    0.0521    3.0000

    0.0521    3.0000

    0.0520    2.0000

    0.0520    4.0000

    0.0522    3.0000

    0.0521    3.0000

    0.0521    3.0000

    0.0518    3.0000

    0.0519    3.0000

   23              916        -0.03621        -0.03621       14
    0.0520    3.0000

    0.0520    3.0000

    0.0520    3.0000

    0.0520    3.0000

    0.0521    3.0000

    0.0522    3.0000

    0.0521    3.0000

    0.0521    3.0000

    0.0520    3.0000

    0.0521    3.0000

    0.0521    3.0000

    0.0522    3.0000

    0.0516    4.0000

    0.0520    3.0000

    0.0520    3.0000

    0.0520    3.0000

    0.0521    3.0000

    0.0520    3.0000

    0.0520    3.0000

    0.0520    4.0000

    0.0520    3.0000

    0.0521    3.0000

    0.0521    2.0000

    0.0520    3.0000

    0.0520    3.0000

    0.0520    1.0000

    0.0521    3.0000

    0.0520    3.0000

    0.0520    3.0000

    0.0521    3.0000

    0.0517    3.0000

    0.0521    3.0000

    0.0520    3.0000

    0.0520    3.0000

    0.0521    3.0000

    0.0521    3.0000

    0.0520    3.0000

    0.0521    2.0000

   24              954        -0.03621        -0.03621       15
    0.0521    3.0000

    0.0520    3.0000

    0.0520    3.0000

    0.0520    3.0000

    0.0521    3.0000

    0.0520    3.0000

    0.0521    3.0000

    0.0520    3.0000

    0.0521    3.0000

    0.0520    3.0000

    0.0520    3.0000

    0.0521    3.0000

    0.0521    3.0000

    0.0520    3.0000

    0.0520    3.0000

    0.0520    3.0000

    0.0521    3.0000

    0.0520    3.0000

    0.0521    3.0000

    0.0520    3.0000

    0.0521    3.0000

    0.0520    3.0000

    0.0520    3.0000

    0.0520    4.0000

    0.0521    4.0000

    0.0520    3.0000

    0.0521    3.0000

    0.0521    3.0000

    0.0521    3.0000

    0.0520    3.0000

    0.0513    3.0000

    0.0518    4.0000

    0.0520    3.0000

    0.0520    3.0000

    0.0520    3.0000

    0.0520    3.0000

    0.0520    3.0000

    0.0518    4.0000

   25              992        -0.03621        -0.03621       16
    0.0521    3.0000

Optimization terminated: stop requested from plot function.

ans =

    'Time passed (hours): '

    0.0037

Fitness function has reached the value: 
-0.036212
Algorithm outputs the given Length parameters: 
0.052058           3
H
    0.0817    4.0000

    0.2783    4.0000

    0.2081    2.0000

    0.0744    2.0000

    0.1196    3.0000

    0.1867    3.0000

    0.0894    1.0000

    0.2912    4.0000

    0.2894    3.0000

    0.0928    2.0000

    0.0615    2.0000

    0.1713    2.0000

    0.2893    3.0000

    0.2926    3.0000

    0.0580    1.0000

    0.1293    2.0000

    0.1554    4.0000

    0.0855    2.0000

    0.2501    2.0000

    0.1481    2.0000

    0.0743    3.0000

    0.2899    1.0000

    0.2481    2.0000

    0.2789    2.0000

    0.2358    2.0000

    0.2559    3.0000

    0.2623    2.0000

    0.0589    2.0000

    0.2139    3.0000

    0.2139    2.0000

    0.1192    3.0000

    0.2394    4.0000

    0.2197    3.0000

    0.2835    4.0000

    0.2265    3.0000

    0.2237    2.0000

    0.2876    2.0000

    0.1597    2.0000

    0.0586    2.0000

    0.1454    4.0000


                                  Best          Mean         Stall
Generation      Func-count     Penalty         Penalty    Generations
    0.0629    1.0000

    0.2876    2.0000

    0.2900    3.0000

    0.2781    3.0000

    0.2523    2.0000

    0.2490    4.0000

    0.2750    1.0000

    0.2789    2.0000

    0.1941    4.0000

    0.2973    2.0000

    0.2619    4.0000

    0.2326    2.0000

    0.2518    2.0000

    0.2794    1.0000

    0.2404    4.0000

    0.2438    2.0000

    0.2859    2.0000

    0.2246    3.0000

    0.2899    3.0000

    0.2467    2.0000

    0.2795    1.0000

    0.2358    2.0000

    0.2268    2.0000

    0.2850    4.0000

    0.2897    1.0000

    0.2566    4.0000

    0.2494    2.0000

    0.2876    2.0000

    0.1597    2.0000

    0.1561    2.0000

    0.2867    3.0000

    0.0871    4.0000

    0.2784    2.0000

    0.1546    2.0000

    0.1481    3.0000

    0.2912    4.0000

    0.2197    3.0000

    0.0511    1.0000

    0.2893    4.0000

    0.2906    1.0000

    1               80        -0.03623        -0.03623        0
    0.2451    2.0000

    0.2183    2.0000

    0.2927    2.0000

    0.1294    3.0000

    0.2885    2.0000

    0.2324    2.0000

    0.2789    1.0000

    0.2793    1.0000

    0.2926    1.0000

    0.2678    2.0000

    0.2927    2.0000

    0.2467    2.0000

    0.2500    2.0000

    0.1791    4.0000

    0.2818    1.0000

    0.2897    2.0000

    0.2904    4.0000

    0.2899    1.0000

    0.2811    3.0000

    0.1980    2.0000

    0.2460    2.0000

    0.2882    3.0000

    0.2801    4.0000

    0.2636    3.0000

    0.2872    1.0000

    0.2776    2.0000

    0.2794    2.0000

    0.1177    4.0000

    0.2382    2.0000

    0.1693    2.0000

    0.0650    2.0000

{Operation terminated by user during <a href="matlab:matlab.internal.language.introspective.errorDocCallback('distcomp.remoteparfor/getCompleteIntervals', 'D:\Program Files\MATLAB\R2021a\toolbox\parallel\distcomp\+distcomp\remoteparfor.m', 379)" style="font-weight:bold">distcomp.remoteparfor/getCompleteIntervals</a>
(<a href="matlab: opentoline('D:\Program Files\MATLAB\R2021a\toolbox\parallel\distcomp\+distcomp\remoteparfor.m',379,0)">line 379</a>)


In <a href="matlab:matlab.internal.language.introspective.errorDocCallback('parallel_function>distributed_execution', 'D:\Program Files\MATLAB\R2021a\toolbox\matlab\lang\parallel_function.m', 741)" style="font-weight:bold">parallel_function>distributed_execution</a> (<a href="matlab: opentoline('D:\Program Files\MATLAB\R2021a\toolbox\matlab\lang\parallel_function.m',741,0)">line 741</a>)
        [tags, out] = P.getCompleteIntervals(chunkSize);

In <a href="matlab:matlab.internal.language.introspective.errorDocCallback('parallel_function', 'D:\Program Files\MATLAB\R2021a\toolbox\matlab\lang\parallel_function.m', 573)" style="font-weight:bold">parallel_function</a> (<a href="matlab: opentoline('D:\Program Files\MATLAB\R2021a\toolbox\matlab\lang\parallel_function.m',573,0)">line 573</a>)
    R = distributed_execution(...

In <a href="matlab:matlab.internal.language.introspective.errorDocCallback('fcnvectorizer', 'D:\Program Files\MATLAB\R2021a\toolbox\globaloptim\globaloptim\private\fcnvectorizer.m', 16)" style="font-weight:bold">fcnvectorizer</a> (<a href="matlab: opentoline('D:\Program Files\MATLAB\R2021a\toolbox\globaloptim\globaloptim\private\fcnvectorizer.m',16,0)">line 16</a>)
        parfor (i = 1:popSize)

In gaminlppenaltyfcn

In gapenalty

In <a href="matlab:matlab.internal.language.introspective.errorDocCallback('stepGA', 'D:\Program Files\MATLAB\R2021a\toolbox\globaloptim\globaloptim\private\stepGA.m', 63)" style="font-weight:bold">stepGA</a> (<a href="matlab: opentoline('D:\Program Files\MATLAB\R2021a\toolbox\globaloptim\globaloptim\private\stepGA.m',63,0)">line 63</a>)
    nextScore = FitnessFcn(pop);

In <a href="matlab:matlab.internal.language.introspective.errorDocCallback('galincon', 'D:\Program Files\MATLAB\R2021a\toolbox\globaloptim\globaloptim\private\galincon.m', 67)" style="font-weight:bold">galincon</a> (<a href="matlab: opentoline('D:\Program Files\MATLAB\R2021a\toolbox\globaloptim\globaloptim\private\galincon.m',67,0)">line 67</a>)
        [score,population,state] =
        stepGA(score,population,options,state,GenomeLength,FitnessFcn);

In gapenalty

In gaminlp

In <a href="matlab:matlab.internal.language.introspective.errorDocCallback('ga', 'D:\Program Files\MATLAB\R2021a\toolbox\globaloptim\globaloptim\ga.m', 394)" style="font-weight:bold">ga</a> (<a href="matlab: opentoline('D:\Program Files\MATLAB\R2021a\toolbox\globaloptim\globaloptim\ga.m',394,0)">line 394</a>)
    [x,fval,exitFlag,output,population,scores] = gaminlp(FitnessFcn,nvars, ...

In <a href="matlab:matlab.internal.language.introspective.errorDocCallback('Ga', 'C:\Users\Ignatio Denton\Desktop\Darbas\2D RCWA\Ga.m', 25)" style="font-weight:bold">Ga</a> (<a href="matlab: opentoline('C:\Users\Ignatio Denton\Desktop\Darbas\2D RCWA\Ga.m',25,0)">line 25</a>)
    [vec_var_output, fval_output, eflag_output, ~] = ga(fun,L,A,b,Aeq,beq,...

In <a href="matlab:matlab.internal.language.introspective.errorDocCallback('Optimization', 'C:\Users\Ignatio Denton\Desktop\Darbas\2D RCWA\Optimization.m', 3)" style="font-weight:bold">Optimization</a> (<a href="matlab: opentoline('C:\Users\Ignatio Denton\Desktop\Darbas\2D RCWA\Optimization.m',3,0)">line 3</a>)
        [Params, Output, fval_output, eflag_output] = Ga(fitness, Params, lb, ub,
        distribution); % Genetic Algorithm - mixed problem

In <a href="matlab:matlab.internal.language.introspective.errorDocCallback('LiveEditorEvaluationHelperESectionEvalcd4537fb', 'C:\Users\Ignatio Denton\AppData\Local\Temp\Editor_dgkmj\LiveEditorEvaluationHelperESectionEvalcd4537fb.m', 231)" style="font-weight:bold">LiveEditorEvaluationHelperESectionEvalcd4537fb</a> (<a href="matlab: opentoline('C:\Users\Ignatio Denton\AppData\Local\Temp\Editor_dgkmj\LiveEditorEvaluationHelperESectionEvalcd4537fb.m',231,0)">line 231</a>)
            [~, Output, fval_output_G, eflag_output_G] = Optimization(fitness,...
} 
clc
P

P = 

  <a href="matlab:helpPopup struct" style="font-weight:bold">struct</a> with fields:

       layer_num: 1
    distribution: 'all'
     is_periodic: 0
      period_num: 33
         Lengths: 0.5800
             idx: 2
          Params: [0.5800 2]
           n_sub: 1.4700 + 0.0050i
           n_sup: 1
               h: 0.1500
              Lx: 0.7000
            Lam0: 0.9460
           Theta: 0
              Nz: 41

grid

grid = 

  <a href="matlab:helpPopup struct" style="font-weight:bold">struct</a> with fields:

            Lam0: 0.9460
           Theta: 0.5236
    distribution: 'all'
             urR: 1
             erR: 1
             urT: 1
             erT: 2.1609 + 0.0147i
           erSub: 2.1609 + 0.0147i
           erIdx: 3.9583
               h: 0.1500
              Lx: 0.7000
              Lz: 0.1500
              Nx: 128
              Nz: 35
              dz: 0.0043
              qx: 8.9760
              qz: 41.8879
               x: [1×128 double]
          Length: 1
           delta: 105
       layer_num: 1

E
    0.0817    4.0000

    0.2783    4.0000

    0.2081    2.0000

    0.0744    2.0000

    0.1196    3.0000

    0.1867    3.0000

    0.0894    1.0000

    0.2912    4.0000

    0.2894    3.0000

    0.2358    2.0000

    0.1192    3.0000

    0.0586    2.0000

    0.1713    2.0000

    0.2893    3.0000

    0.2926    3.0000

    0.2265    3.0000

    0.2559    3.0000

    0.1454    4.0000

    0.1554    4.0000

    0.0855    2.0000

    0.2501    2.0000

    0.1481    2.0000

    0.0615    2.0000

    0.2237    2.0000

    0.2899    1.0000

    0.2481    2.0000

    0.2789    2.0000

    0.2139    2.0000

    0.2876    2.0000

    0.2623    2.0000

    0.0589    2.0000

    0.2139    3.0000

    0.0928    2.0000

    0.0743    3.0000

    0.1597    2.0000

    0.2394    4.0000

    0.2197    3.0000

    0.2835    4.0000

    0.0580    1.0000

    0.1293    2.0000


                                  Best          Mean         Stall
Generation      Func-count     Penalty         Penalty    Generations
    0.0743    3.0000

    0.1066    2.0000

    0.2571    3.0000

    0.2231    1.0000

    0.2636    2.0000

    0.2196    2.0000

    0.1036    2.0000

    0.1196    3.0000

    0.0794    2.0000

    0.1219    2.0000

    0.1196    2.0000

    0.0691    2.0000

    0.0855    2.0000

    0.0586    1.0000

    0.2205    4.0000

    0.0798    3.0000

    0.2358    2.0000

    0.0988    4.0000

    0.1712    2.0000

    0.2926    4.0000

    0.0763    2.0000

    0.1567    3.0000

    0.1552    3.0000

    0.2017    3.0000

    0.2439    2.0000

    0.1901    3.0000

    0.0736    2.0000

    0.2900    3.0000

    0.0638    2.0000

    0.2941    3.0000

    0.0614    2.0000

    0.0506    3.0000

    0.0744    2.0000

    0.0623    2.0000

    0.0903    1.0000

    0.0604    3.0000

    0.2033    3.0000

    0.2887    3.0000

    0.2899    1.0000

    0.0613    1.0000

    1               80        -0.03621        -0.03621        0
    0.0720    2.0000

    0.1916    3.0000

    0.0609    2.0000

    0.1836    3.0000

    0.0653    1.0000

    0.0589    2.0000

    0.1030    2.0000

    0.0630    2.0000

    0.1978    3.0000

    0.2283    2.0000

    0.1671    4.0000

    0.1645    3.0000

    0.0596    4.0000

    0.2968    4.0000

    0.0648    3.0000

    0.2684    3.0000

    0.2032    3.0000

    0.0575    3.0000

    0.0897    1.0000

    0.1901    3.0000

    0.2779    3.0000

    0.0931    1.0000

    0.0636    3.0000

    0.0632    4.0000

    0.1363    3.0000

    0.0736    2.0000

    0.0615    2.0000

    0.2095    4.0000

    0.0635    2.0000

    0.1988    3.0000

    0.0735    3.0000

    0.1567    4.0000

    0.1006    2.0000

    0.0615    2.0000

    0.1628    3.0000

    0.1270    3.0000

    0.0801    4.0000

    0.0582    1.0000

    2              118        -0.03621        -0.03621        1
    0.0667    1.0000

    0.0574    4.0000

    0.0594    2.0000

    0.0572    3.0000

    0.0625    2.0000

    0.0558    2.0000

    0.0898    1.0000

    0.1988    3.0000

    0.0606    3.0000

    0.2619    3.0000

    0.1935    3.0000

    0.0504    3.0000

    0.0506    4.0000

    0.0586    3.0000

    0.0730    1.0000

    0.1629    3.0000

    0.0515    3.0000

    0.2019    3.0000

    0.1830    3.0000

    0.0650    3.0000

    0.0506    4.0000

    0.0789    3.0000

    0.0713    2.0000

    0.0585    3.0000

    0.2000    3.0000

    0.0657    4.0000

    0.0630    3.0000

    0.0577    4.0000

    0.1796    3.0000

    0.1492    3.0000

    0.0649    4.0000

    0.0784    3.0000

    0.2176    3.0000

    0.0631    2.0000

    0.0711    1.0000

    0.1648    3.0000

    0.0592    2.0000

    0.0636    3.0000

    3              156        -0.03621        -0.03621        2
    0.0585    4.0000

    0.0622    3.0000

    0.0592    4.0000

    0.0650    1.0000

    0.0558    3.0000

    0.0815    3.0000

    0.0515    3.0000

    0.0577    4.0000

    0.0622    3.0000

    0.0914    3.0000

    0.0572    3.0000

    0.0503    4.0000

    0.1492    3.0000

    0.0784    3.0000

    0.1894    3.0000

    0.0557    3.0000

    0.0657    3.0000

    0.0575    3.0000

    0.0572    3.0000

    0.0572    4.0000

    0.0591    2.0000

    0.0796    3.0000

    0.1633    3.0000

    0.0513    3.0000

    0.0889    3.0000

    0.0606    4.0000

    0.0611    3.0000

    0.0504    2.0000

    0.0553    1.0000

    0.0608    3.0000

    0.2513    3.0000

    0.1444    2.0000

    0.0645    4.0000

    0.0584    2.0000

    0.0581    3.0000

    0.0826    3.0000

    0.0563    1.0000

    0.0667    1.0000

    4              194        -0.03621        -0.03621        0
    0.0509    3.0000

    0.0775    1.0000

    0.0577    4.0000

    0.0572    1.0000

    0.0504    3.0000

    0.0563    2.0000

    0.0572    4.0000

    0.0549    1.0000

    0.0667    3.0000

    0.0513    3.0000

    0.0672    2.0000

    0.0558    4.0000

    0.0648    1.0000

    0.0809    3.0000

    0.0564    3.0000

    0.0621    3.0000

    0.0572    3.0000

    0.0677    3.0000

    0.0564    4.0000

    0.0840    3.0000

    0.0537    1.0000

    0.0513    3.0000

    0.0532    3.0000

    0.2677    1.0000

    0.0575    3.0000

    0.0511    2.0000

    0.0802    3.0000

    0.0601    3.0000

    0.0557    3.0000

    0.0590    3.0000

    0.0581    2.0000

    0.0555    4.0000

    0.0572    3.0000

    0.1552    4.0000

    0.0520    3.0000

    0.0770    3.0000

    0.0576    3.0000

    0.0506    3.0000

    5              232        -0.03621        -0.03621        0
    0.0517    3.0000

    0.0576    3.0000

    0.0511    3.0000

    0.0566    3.0000

    0.0541    3.0000

    0.0510    2.0000

    0.0775    1.0000

    0.0506    3.0000

    0.0581    2.0000

    0.0513    3.0000

    0.0788    3.0000

    0.0506    3.0000

    0.0537    3.0000

    0.0576    2.0000

    0.0520    4.0000

    0.0533    3.0000

    0.2248    3.0000

    0.0565    3.0000

    0.0662    3.0000

    0.0564    4.0000

    0.0519    3.0000

    0.0658    4.0000

    0.1270    3.0000

    0.0534    3.0000

    0.0509    3.0000

    0.0826    4.0000

    0.0740    2.0000

    0.0590    3.0000

    0.0585    3.0000

    0.0796    3.0000

    0.0506    2.0000

    0.0601    4.0000

    0.0585    3.0000

    0.0543    3.0000

    0.0574    3.0000

    0.0869    3.0000

    0.0580    2.0000

    0.0504    4.0000

    6              270        -0.03621        -0.03621        0
    0.0527    3.0000

    0.0575    3.0000

    0.0550    3.0000

    0.0543    3.0000

    0.0520    3.0000

    0.0550    3.0000

    0.0517    3.0000

    0.0568    3.0000

    0.0518    3.0000

    0.0505    3.0000

    0.0508    4.0000

    0.0509    3.0000

    0.0581    1.0000

    0.0525    3.0000

    0.0533    3.0000

    0.0516    3.0000

    0.0509    2.0000

    0.0506    3.0000

    0.0558    3.0000

    0.0685    4.0000

    0.0507    2.0000

    0.0572    3.0000

    0.0596    3.0000

    0.0530    3.0000

    0.0506    3.0000

    0.0576    3.0000

    0.0506    3.0000

    0.0854    3.0000

    0.0515    3.0000

    0.0509    3.0000

    0.0506    4.0000

    0.0658    4.0000

    0.0798    4.0000

    0.0511    3.0000

    0.0606    3.0000

    0.0508    3.0000

    0.0506    3.0000

    0.0517    4.0000

    7              308        -0.03621        -0.03621        1
    0.0507    3.0000

    0.0519    3.0000

    0.0502    3.0000

    0.0547    3.0000

    0.0505    3.0000

    0.0517    4.0000

    0.0553    3.0000

    0.0504    3.0000

    0.0509    4.0000

    0.0506    3.0000

    0.0549    3.0000

    0.0538    3.0000

    0.0526    3.0000

    0.0522    3.0000

    0.0509    3.0000

    0.0515    4.0000

    0.0508    3.0000

    0.0518    3.0000

    0.0585    3.0000

    0.0514    3.0000

    0.0574    3.0000

    0.0550    3.0000

    0.0514    3.0000

    0.0515    3.0000

    0.0526    3.0000

    0.0506    3.0000

    0.0505    4.0000

    0.0527    4.0000

    0.0527    3.0000

    0.0570    3.0000

    0.0516    3.0000

    0.0545    3.0000

    0.0506    4.0000

    0.0563    3.0000

    0.0509    3.0000

    0.0506    3.0000

    0.0509    3.0000

    0.0585    3.0000

    8              346        -0.03621        -0.03621        2
    0.0524    3.0000

    0.0523    3.0000

    0.0532    3.0000

    0.0542    3.0000

    0.0509    3.0000

    0.0509    3.0000

    0.0668    3.0000

    0.0527    3.0000

    0.0526    3.0000

    0.0508    3.0000

    0.0519    3.0000

    0.0506    3.0000

    0.0524    4.0000

    0.0511    3.0000

    0.0516    3.0000

    0.0519    3.0000

    0.0505    3.0000

    0.0507    3.0000

    0.0585    4.0000

    0.0549    3.0000

    0.0527    3.0000

    0.0506    3.0000

    0.0517    3.0000

    0.0505    3.0000

    0.0518    4.0000

    0.0518    3.0000

    0.0537    3.0000

    0.0506    3.0000

    0.0516    3.0000

    0.0547    3.0000

    0.0514    3.0000

    0.0507    3.0000

    0.0501    3.0000

    0.0521    3.0000

    0.0519    4.0000

    0.0571    3.0000

    0.0516    3.0000

    0.0527    3.0000

    9              384        -0.03621        -0.03621        0
    0.0506    3.0000

    0.0518    3.0000

    0.0517    3.0000

    0.0516    3.0000

    0.0527    3.0000

    0.0506    3.0000

    0.0519    2.0000

    0.0508    3.0000

    0.0511    3.0000

    0.0504    3.0000

    0.0517    3.0000

    0.0507    3.0000

    0.0507    3.0000

    0.0506    3.0000

    0.0506    3.0000

    0.0517    3.0000

    0.0529    3.0000

    0.0517    3.0000

    0.0508    3.0000

    0.0527    2.0000

    0.0516    3.0000

    0.0517    3.0000

    0.0519    3.0000

    0.0547    3.0000

    0.0521    3.0000

    0.0501    3.0000

    0.0516    4.0000

    0.0518    2.0000

    0.0526    3.0000

    0.0527    3.0000

    0.0518    3.0000

    0.0518    4.0000

    0.0536    3.0000

    0.0519    3.0000

    0.0523    3.0000

    0.0510    3.0000

    0.0505    3.0000

    0.0512    2.0000

   10              422        -0.03621        -0.03621        1
    0.0515    3.0000

    0.0519    3.0000

    0.0516    3.0000

    0.0508    3.0000

    0.0510    3.0000

    0.0518    4.0000

    0.0520    3.0000

    0.0529    2.0000

    0.0507    3.0000

    0.0518    3.0000

    0.0525    3.0000

    0.0502    3.0000

    0.0511    2.0000

    0.0514    3.0000

    0.0517    3.0000

    0.0514    3.0000

    0.0517    3.0000

    0.0506    3.0000

    0.0517    3.0000

    0.0512    1.0000

    0.0521    3.0000

    0.0506    3.0000

    0.0536    3.0000

    0.0505    3.0000

    0.0510    3.0000

    0.0515    3.0000

    0.0517    3.0000

    0.0509    3.0000

    0.0500    3.0000

    0.0516    3.0000

    0.0507    4.0000

    0.0506    4.0000

    0.0519    3.0000

    0.0504    3.0000

    0.0515    3.0000

    0.0508    3.0000

    0.0530    3.0000

    0.0527    3.0000

   11              460        -0.03621        -0.03621        2
    0.0517    3.0000

    0.0523    3.0000

    0.0505    3.0000

    0.0505    3.0000

    0.0509    3.0000

    0.0514    3.0000

    0.0507    4.0000

    0.0509    3.0000

    0.0503    3.0000

    0.0532    3.0000

    0.0520    3.0000

    0.0507    3.0000

    0.0506    4.0000

    0.0521    3.0000

    0.0528    3.0000

    0.0517    3.0000

    0.0509    3.0000

    0.0518    3.0000

    0.1264    3.0000

    0.0517    4.0000

    0.0518    3.0000

    0.0517    3.0000

    0.0521    3.0000

    0.0505    3.0000

    0.0515    3.0000

    0.0513    2.0000

    0.0527    3.0000

    0.0509    3.0000

    0.0502    3.0000

    0.0517    3.0000

    0.0504    3.0000

    0.0517    3.0000

    0.0785    3.0000

    0.0510    3.0000

    0.0515    3.0000

    0.0508    3.0000

    0.0502    3.0000

    0.0519    4.0000

   12              498        -0.03621        -0.03621        3
    0.0521    3.0000

    0.0514    3.0000

    0.0520    3.0000

    0.0505    3.0000

    0.0518    3.0000

    0.0503    3.0000

    0.0502    4.0000

    0.0522    3.0000

    0.0503    3.0000

    0.0522    3.0000

    0.0517    3.0000

    0.0523    3.0000

    0.0517    3.0000

    0.0504    3.0000

    0.0509    3.0000

    0.0524    3.0000

    0.0503    3.0000

    0.0515    3.0000

    0.0510    3.0000

    0.0500    3.0000

    0.0509    3.0000

    0.0517    3.0000

    0.0517    3.0000

    0.0508    3.0000

    0.0521    3.0000

    0.0505    3.0000

    0.0521    3.0000

    0.0517    3.0000

    0.0508    3.0000

    0.0521    3.0000

    0.0504    3.0000

    0.0509    3.0000

    0.0516    3.0000

    0.0741    3.0000

    0.0517    3.0000

    0.0520    3.0000

    0.0521    4.0000

    0.0505    3.0000

   13              536        -0.03621        -0.03621        4
    0.0521    3.0000

    0.0503    3.0000

    0.0552    3.0000

    0.0523    3.0000

    0.0521    3.0000

    0.0509    3.0000

    0.0522    2.0000

    0.0507    3.0000

    0.0505    3.0000

    0.0509    3.0000

    0.0520    3.0000

    0.0505    3.0000

    0.0521    4.0000

    0.0519    3.0000

    0.0517    3.0000

    0.0508    3.0000

    0.0506    3.0000

    0.0521    3.0000

    0.0515    3.0000

    0.0520    3.0000

    0.0503    3.0000

    0.0518    3.0000

    0.0518    3.0000

    0.0503    3.0000

    0.0523    3.0000

    0.0522    3.0000

    0.0510    3.0000

    0.0502    3.0000

    0.0507    3.0000

    0.0752    3.0000

    0.0522    3.0000

    0.0510    3.0000

    0.0505    3.0000

    0.0518    3.0000

    0.0500    3.0000

    0.0514    3.0000

    0.0505    3.0000

    0.0521    3.0000

   14              574        -0.03621        -0.03621        5
    0.0506    3.0000

    0.0518    3.0000

    0.0511    3.0000

    0.0510    3.0000

    0.0504    3.0000

    0.0507    3.0000

    0.0521    3.0000

    0.0510    3.0000

    0.0726    3.0000

    0.0503    3.0000

    0.0521    3.0000

    0.0520    3.0000

    0.0520    3.0000

    0.0506    2.0000

    0.0510    3.0000

    0.0510    3.0000

    0.0518    3.0000

    0.0522    3.0000

    0.0503    3.0000

    0.0521    3.0000

    0.0524    3.0000

    0.0504    3.0000

    0.0504    3.0000

    0.1951    3.0000

    0.0506    3.0000

    0.0500    3.0000

    0.1075    3.0000

    0.0505    3.0000

    0.0522    3.0000

    0.0515    3.0000

    0.0518    3.0000

    0.0501    3.0000

    0.0516    3.0000

    0.0521    3.0000

    0.0509    3.0000

    0.1278    3.0000

    0.0518    3.0000

    0.0502    2.0000

   15              612        -0.03621        -0.03621        6
    0.0505    3.0000

    0.0510    3.0000

    0.0516    3.0000

    0.0518    3.0000

    0.0697    3.0000

    0.0520    3.0000

    0.0513    2.0000

    0.0515    3.0000

    0.0510    3.0000

    0.0525    3.0000

    0.0520    3.0000

    0.0511    3.0000

    0.0503    2.0000

    0.0523    3.0000

    0.0509    3.0000

    0.0507    3.0000

    0.0518    3.0000

    0.1290    3.0000

    0.0510    3.0000

    0.0503    3.0000

    0.0501    3.0000

    0.0524    3.0000

    0.0522    3.0000

    0.0500    3.0000

    0.0518    2.0000

    0.0509    3.0000

    0.0522    3.0000

    0.0502    3.0000

    0.0517    3.0000

    0.0520    3.0000

    0.0519    3.0000

    0.0511    3.0000

    0.0512    3.0000

    0.0508    3.0000

    0.0521    3.0000

    0.0504    3.0000

    0.0503    4.0000

    0.0514    3.0000

   16              650        -0.03621        -0.03621        7
    0.0500    3.0000

    0.0517    3.0000

    0.0520    3.0000

    0.0501    3.0000

    0.0520    3.0000

    0.0510    3.0000

    0.0507    3.0000

    0.0521    3.0000

    0.0737    3.0000

    0.0521    3.0000

    0.0517    3.0000

    0.0522    3.0000

    0.0514    2.0000

    0.0524    3.0000

    0.0511    3.0000

    0.0510    3.0000

    0.0509    3.0000

    0.0506    3.0000

    0.0521    3.0000

    0.0519    3.0000

    0.0516    3.0000

    0.0503    3.0000

    0.0520    3.0000

    0.0519    3.0000

    0.0520    2.0000

    0.0519    3.0000

    0.0511    3.0000

    0.0515    3.0000

    0.0501    3.0000

    0.0509    3.0000

    0.0520    2.0000

    0.0530    3.0000

    0.0519    3.0000

    0.0507    3.0000

    0.0515    3.0000

    0.0515    3.0000

    0.0522    4.0000

    0.0503    1.0000

   17              688        -0.03621        -0.03621        8
    0.0503    3.0000

    0.0528    3.0000

    0.0521    3.0000

    0.0521    3.0000

    0.1317    3.0000

    0.0521    3.0000

    0.0519    3.0000

    0.0503    3.0000

    0.0520    3.0000

    0.0509    3.0000

    0.0514    3.0000

    0.0519    3.0000

    0.0515    4.0000

    0.0509    3.0000

    0.2923    3.0000

    0.0519    3.0000

    0.0533    3.0000

    0.0519    3.0000

    0.0521    3.0000

    0.0521    3.0000

    0.0520    3.0000

    0.0516    3.0000

    0.0516    3.0000

    0.0510    3.0000

    0.0521    3.0000

    0.0530    3.0000

    0.0520    3.0000

    0.0509    3.0000

    0.0520    3.0000

    0.0521    3.0000

    0.0519    3.0000

    0.0508    3.0000

    0.0510    3.0000

    0.0516    3.0000

    0.0520    3.0000

    0.0522    3.0000

    0.0510    4.0000

    0.0521    2.0000

   18              726        -0.03621        -0.03621        9
    0.0521    3.0000

    0.0510    3.0000

    0.0519    3.0000

    0.0521    3.0000

    0.0521    3.0000

    0.0503    3.0000

    0.0519    3.0000

    0.0516    3.0000

    0.0521    3.0000

    0.0521    3.0000

    0.0520    3.0000

    0.0520    3.0000

    0.0521    3.0000

    0.0521    3.0000

    0.0511    3.0000

    0.0533    3.0000

    0.0521    3.0000

    0.0522    3.0000

    0.0521    3.0000

    0.0505    2.0000

    0.0519    3.0000

    0.0521    3.0000

    0.0521    3.0000

    0.0521    3.0000

    0.1424    3.0000

    0.0520    3.0000

    0.2533    3.0000

    0.0521    3.0000

    0.0520    3.0000

    0.0521    3.0000

    0.0520    3.0000

    0.0520    3.0000

    0.0508    3.0000

    0.0521    3.0000

    0.0520    3.0000

    0.0516    3.0000

    0.0519    2.0000

    0.0510    2.0000

   19              764        -0.03621        -0.03621       10
    0.0521    3.0000

    0.0520    3.0000

    0.0520    3.0000

    0.0521    3.0000

    0.0509    3.0000

    0.0520    3.0000

    0.0521    3.0000

    0.0514    3.0000

    0.0521    4.0000

    0.0520    3.0000

    0.0519    3.0000

    0.0521    3.0000

    0.0521    3.0000

    0.0520    2.0000

    0.0520    3.0000

    0.0517    3.0000

    0.0520    3.0000

    0.0521    3.0000

    0.0517    3.0000

    0.0519    3.0000

    0.0520    3.0000

    0.0520    3.0000

    0.0521    3.0000

    0.0524    3.0000

    0.0520    3.0000

    0.0520    3.0000

    0.0519    3.0000

    0.0521    3.0000

    0.0521    3.0000

    0.0522    3.0000

    0.0521    3.0000

    0.0520    3.0000

    0.0521    3.0000

    0.0515    3.0000

    0.0520    3.0000

    0.0515    3.0000

    0.0503    4.0000

    0.0510    3.0000

   20              802        -0.03621        -0.03621       11
    0.0517    3.0000

    0.0520    3.0000

    0.0521    3.0000

    0.0520    3.0000

    0.0521    3.0000

    0.0521    3.0000

    0.0517    3.0000

    0.0518    4.0000

    0.0520    3.0000

    0.0520    3.0000

    0.0521    3.0000

    0.0520    3.0000

    0.0521    3.0000

    0.0520    2.0000

    0.0521    3.0000

    0.0520    3.0000

    0.0524    3.0000

    0.0521    3.0000

    0.0521    3.0000

    0.0521    4.0000

    0.0524    3.0000

    0.0520    3.0000

    0.0515    3.0000

    0.0521    3.0000

    0.0521    4.0000

    0.0521    3.0000

    0.0521    3.0000

    0.0520    3.0000

    0.0526    3.0000

    0.0520    3.0000

    0.0520    3.0000

    0.0520    3.0000

    0.0519    3.0000

    0.0521    3.0000

    0.0522    3.0000

    0.0521    3.0000

    0.0520    2.0000

    0.0521    2.0000

   21              840        -0.03621        -0.03621       12
    0.0517    3.0000

    0.0520    3.0000

    0.0521    3.0000

    0.0520    3.0000

    0.0517    3.0000

    0.0521    2.0000

    0.0521    2.0000

    0.0520    3.0000

    0.0521    3.0000

    0.0521    3.0000

    0.0520    3.0000

    0.0521    3.0000

    0.0515    2.0000

    0.0521    3.0000

    0.0521    3.0000

    0.0520    3.0000

    0.0521    3.0000

    0.0520    3.0000

    0.0520    3.0000

    0.0520    3.0000

    0.0520    3.0000

    0.0517    3.0000

    0.0521    3.0000

    0.0520    3.0000

    0.0519    2.0000

    0.0521    3.0000

    0.0521    3.0000

    0.0515    3.0000

    0.0520    3.0000

    0.0521    3.0000

    0.0519    3.0000

    0.0518    4.0000

    0.0520    3.0000

    0.0521    3.0000

    0.0520    3.0000

    0.0521    3.0000

    0.0521    3.0000

    0.0521    3.0000

   22              878        -0.03621        -0.03621       13
    0.0521    3.0000

    0.0520    3.0000

    0.0520    3.0000

    0.0522    3.0000

    0.0521    3.0000

    0.0521    3.0000

    0.0521    3.0000

    0.0520    3.0000

    0.0517    3.0000

    0.0520    2.0000

    0.0520    3.0000

    0.0520    3.0000

    0.0521    3.0000

    0.0520    3.0000

    0.0521    3.0000

    0.0520    3.0000

    0.0521    3.0000

    0.0521    3.0000

    0.0520    3.0000

    0.0518    3.0000

    0.0521    3.0000

    0.0520    3.0000

    0.0520    3.0000

    0.0520    3.0000

    0.0521    3.0000

    0.0520    3.0000

    0.0520    4.0000

    0.0520    3.0000

    0.0520    3.0000

    0.0521    3.0000

    0.0521    3.0000

    0.0519    3.0000

    0.0522    3.0000

    0.0521    3.0000

    0.0521    3.0000

    0.0521    3.0000

    0.0520    2.0000

    0.0520    4.0000

   23              916        -0.03621        -0.03621       14
    0.0520    3.0000

    0.0521    3.0000

    0.0520    3.0000

    0.0520    3.0000

    0.0521    3.0000

    0.0522    3.0000

    0.0521    3.0000

    0.0521    3.0000

    0.0520    3.0000

    0.0521    3.0000

    0.0521    3.0000

    0.0521    3.0000

    0.0520    1.0000

    0.0520    3.0000

    0.0520    3.0000

    0.0521    3.0000

    0.0520    3.0000

    0.0520    3.0000

    0.0520    4.0000

    0.0520    3.0000

    0.0521    3.0000

    0.0521    2.0000

    0.0520    3.0000

    0.0517    3.0000

    0.0516    4.0000

    0.0520    3.0000

    0.0520    3.0000

    0.0520    3.0000

    0.0521    3.0000

    0.0522    3.0000

    0.0520    3.0000

    0.0521    2.0000

    0.0520    3.0000

    0.0520    3.0000

    0.0520    3.0000

    0.0521    3.0000

    0.0520    3.0000

    0.0521    3.0000

   24              954        -0.03621        -0.03621       15
    0.0521    3.0000

    0.0520    3.0000

    0.0520    3.0000

    0.0520    3.0000

    0.0521    3.0000

    0.0520    3.0000

    0.0520    3.0000

    0.0518    4.0000

    0.0521    3.0000

    0.0520    3.0000

    0.0520    3.0000

    0.0521    3.0000

    0.0521    3.0000

    0.0521    3.0000

    0.0520    3.0000

    0.0520    3.0000

    0.0521    3.0000

    0.0520    3.0000

    0.0513    3.0000

    0.0518    4.0000

    0.0520    3.0000

    0.0520    3.0000

    0.0521    3.0000

    0.0520    3.0000

    0.0520    3.0000

    0.0520    3.0000

    0.0520    3.0000

    0.0521    3.0000

    0.0521    3.0000

    0.0521    3.0000

    0.0521    3.0000

    0.0520    4.0000

    0.0521    4.0000

    0.0520    3.0000

    0.0520    3.0000

    0.0520    3.0000

    0.0520    3.0000

    0.0520    3.0000

   25              992        -0.03621        -0.03621       16
    0.0520    3.0000

    0.0520    3.0000

    0.0520    3.0000

    0.0521    3.0000

    0.0521    3.0000

    0.0520    3.0000

    0.0521    2.0000

    0.0521    3.0000

    0.0520    3.0000

    0.0520    3.0000

    0.0521    3.0000

    0.0520    2.0000

    0.0520    3.0000

    0.0520    3.0000

    0.0520    3.0000

    0.0520    3.0000

    0.0520    3.0000

    0.0521    4.0000

    0.0520    3.0000

    0.0520    3.0000

    0.0520    3.0000

    0.0521    3.0000

    0.0521    3.0000

    0.0520    3.0000

    0.0520    3.0000

    0.0520    3.0000

    0.0521    3.0000

    0.0520    3.0000

    0.0520    3.0000

    0.0521    3.0000

    0.0506    4.0000

    0.0520    3.0000

    0.0520    3.0000

    0.0520    3.0000

    0.0521    3.0000

    0.0521    3.0000

    0.0521    2.0000

    0.0514    4.0000

   26             1030        -0.03621        -0.03621       17
    0.0521    3.0000

    0.0520    3.0000

    0.0520    3.0000

    0.0520    3.0000

    0.0521    3.0000

    0.0520    3.0000

    0.0520    2.0000

    0.0520    3.0000

    0.0521    3.0000

    0.0520    3.0000

    0.0521    3.0000

    0.0518    3.0000

    0.0520    4.0000

    0.0520    3.0000

    0.0520    3.0000

    0.0520    3.0000

    0.0520    3.0000

    0.0520    3.0000

    0.0507    3.0000

    0.0520    3.0000

    0.0521    3.0000

    0.0521    3.0000

    0.0520    3.0000

    0.0521    3.0000

    0.0519    4.0000

    0.0521    3.0000

    0.0521    3.0000

    0.0521    3.0000

    0.0520    3.0000

    0.0521    3.0000

    0.0519    3.0000

    0.0521    3.0000

    0.0520    3.0000

    0.0521    3.0000

    0.0521    3.0000

    0.0520    3.0000

    0.0521    4.0000

    0.0520    4.0000

   27             1068        -0.03621        -0.03621       18
    0.0520    3.0000

    0.0521    3.0000

    0.0521    3.0000

    0.0521    3.0000

    0.0520    3.0000

    0.0521    3.0000

    0.0520    3.0000

    0.0521    3.0000

    0.0520    3.0000

    0.0521    3.0000

    0.0520    3.0000

    0.0520    3.0000

    0.0521    3.0000

    0.0521    3.0000

    0.0521    3.0000

    0.0521    3.0000

    0.0520    3.0000

    0.0519    3.0000

    0.0516    3.0000

    0.0521    3.0000

    0.0521    4.0000

    0.0521    3.0000

    0.0521    3.0000

    0.0520    3.0000

    0.0520    3.0000

    0.0521    3.0000

    0.0521    3.0000

    0.0521    3.0000

    0.0520    3.0000

    0.0521    3.0000

    0.0520    3.0000

    0.0521    3.0000

    0.0521    3.0000

    0.0521    3.0000

    0.0520    3.0000

    0.0521    3.0000

    0.0519    2.0000

    0.0512    1.0000

   28             1106        -0.03621        -0.03621       19
    0.0520    3.0000

    0.0521    3.0000

    0.0521    3.0000

    0.0521    3.0000

    0.0521    3.0000

    0.0520    3.0000

    0.0520    3.0000

    0.0516    1.0000

    0.0521    3.0000

    0.0521    3.0000

    0.0520    3.0000

    0.0521    3.0000

    0.0520    3.0000

    0.0520    1.0000

    0.0521    3.0000

    0.0520    3.0000

    0.0521    3.0000

    0.0521    3.0000

    0.0521    3.0000

    0.0516    1.0000

    0.0521    3.0000

    0.0521    3.0000

    0.0521    3.0000

    0.0521    3.0000

    0.0520    3.0000

    0.0512    3.0000

    0.0521    3.0000

    0.0521    3.0000

    0.0521    3.0000

    0.0521    3.0000

    0.0520    3.0000

    0.0509    1.0000

    0.0520    3.0000

    0.0520    3.0000

    0.0520    3.0000

    0.0520    3.0000

    0.0521    3.0000

    0.0520    3.0000

   29             1144        -0.03621        -0.03621       20
    0.0520    3.0000

    0.0521    3.0000

    0.0520    3.0000

    0.0521    3.0000

    0.0512    3.0000

    0.0520    3.0000

    0.0521    4.0000

    0.0521    3.0000

    0.0521    3.0000

    0.0520    3.0000

    0.0521    3.0000

    0.0520    3.0000

    0.0520    4.0000

    0.0520    3.0000

    0.0520    3.0000

    0.0521    3.0000

    0.0520    3.0000

    0.0521    3.0000

    0.0516    2.0000

    0.0521    3.0000

    0.0521    3.0000

    0.0520    3.0000

    0.0520    3.0000

    0.0512    3.0000

    0.0518    4.0000

    0.0520    3.0000

    0.0521    3.0000

    0.0520    3.0000

    0.0516    3.0000

    0.0521    3.0000

    0.0521    3.0000

    0.0521    3.0000

    0.0521    3.0000

    0.0515    3.0000

    0.0521    3.0000

    0.0521    3.0000

    0.0521    3.0000

    0.0521    4.0000


                                  Best          Mean         Stall
Generation      Func-count     Penalty         Penalty    Generations
   30             1182        -0.03621        -0.03621       21
    0.0521    3.0000

    0.0521    3.0000

    0.0521    3.0000

    0.0521    3.0000

    0.0521    3.0000

    0.0520    3.0000

    0.0519    3.0000

    0.0521    4.0000

    0.0520    3.0000

    0.0520    3.0000

    0.0520    2.0000

    0.0521    3.0000

    0.0517    2.0000

    0.0521    4.0000

    0.0520    3.0000

    0.0521    3.0000

    0.0520    3.0000

    0.0520    4.0000

    0.0513    3.0000

    0.0516    2.0000

    0.0520    3.0000

    0.0521    3.0000

    0.0520    3.0000

    0.0521    3.0000

    0.0520    3.0000

    0.0520    4.0000

    0.0521    3.0000

    0.0520    3.0000

    0.0521    3.0000

    0.0521    4.0000

    0.0521    3.0000

    0.0514    4.0000

    0.0521    3.0000

    0.0520    3.0000

    0.0521    3.0000

    0.0521    3.0000

    0.0520    3.0000

    0.0521    4.0000

   31             1220        -0.03621        -0.03621       22
    0.0521    3.0000

    0.0520    3.0000

    0.0520    3.0000

    0.0521    3.0000

    0.0521    3.0000

    0.0520    3.0000

    0.0521    3.0000

    0.0521    3.0000

    0.0521    3.0000

    0.0521    3.0000

    0.0521    3.0000

    0.0520    3.0000

    0.0521    4.0000

    0.0520    3.0000

    0.0521    3.0000

    0.0521    3.0000

    0.0521    3.0000

    0.0521    3.0000

    0.0513    3.0000

    0.0521    4.0000

    0.0521    3.0000

    0.0521    3.0000

    0.0521    3.0000

    0.0521    3.0000

    0.0520    3.0000

    0.0521    3.0000

    0.0520    3.0000

    0.0521    3.0000

    0.0521    3.0000

    0.0521    3.0000

    0.0520    3.0000

    0.0515    3.0000

    0.0521    3.0000

    0.0521    3.0000

    0.0523    3.0000

    0.0520    3.0000

    0.0520    4.0000

    0.0521    4.0000

   32             1258        -0.03621        -0.03621       23
    0.0521    3.0000

    0.0517    3.0000

    0.0521    3.0000

    0.0520    3.0000

    0.0521    3.0000

    0.0521    3.0000

    0.0521    2.0000

    0.0521    3.0000

    0.0522    3.0000

    0.0520    3.0000

    0.0521    3.0000

    0.0521    3.0000

    0.0521    4.0000

    0.0521    2.0000

    0.0521    3.0000

    0.0521    3.0000

    0.0521    3.0000

    0.0521    3.0000

    0.0521    3.0000

    0.0512    4.0000

    0.0521    3.0000

    0.0521    3.0000

    0.0521    3.0000

    0.0520    3.0000

    0.0514    3.0000

    0.0521    1.0000

    0.0521    3.0000

    0.0519    3.0000

    0.0521    3.0000

    0.0521    3.0000

    0.0511    3.0000

    0.0520    3.0000

    0.0521    3.0000

    0.0521    3.0000

    0.0515    3.0000

    0.0521    3.0000

    0.0521    3.0000

    0.0506    2.0000

   33             1296        -0.03621        -0.03621       24
    0.0521    3.0000

    0.0520    3.0000

    0.0521    3.0000

    0.0521    3.0000

    0.0521    3.0000

    0.0520    3.0000

    0.0521    3.0000

    0.0521    3.0000

    0.0521    3.0000

    0.0521    3.0000

    0.0521    3.0000

    0.0521    3.0000

    0.0520    2.0000

    0.0520    3.0000

    0.0521    3.0000

    0.0521    3.0000

    0.0520    3.0000

    0.0521    3.0000

    0.0521    3.0000

    0.0521    3.0000

    0.0521    3.0000

    0.0515    3.0000

    0.0520    3.0000

    0.0521    3.0000

    0.0519    4.0000

    0.0521    3.0000

    0.0521    3.0000

    0.0521    3.0000

    0.0521    3.0000

    0.0522    3.0000

    0.0521    2.0000

    0.0520    4.0000

    0.0521    3.0000

    0.0521    3.0000

    0.0521    3.0000

    0.0520    3.0000

    0.0521    4.0000

    0.0509    4.0000

   34             1334        -0.03621        -0.03621       25
    0.0521    3.0000

    0.0520    3.0000

Error using <a href="matlab:matlab.internal.language.introspective.errorDocCallback('Launch_RCWA_T', 'C:\Users\Ignatio Denton\Desktop\Darbas\2D RCWA\Launch_RCWA_T.m', 67)" style="font-weight:bold">Launch_RCWA_T</a> (<a href="matlab: opentoline('C:\Users\Ignatio Denton\Desktop\Darbas\2D RCWA\Launch_RCWA_T.m',67,0)">line 67</a>)
Out of memory.

Error in <a href="matlab:matlab.internal.language.introspective.errorDocCallback('Merit_Function', 'C:\Users\Ignatio Denton\Desktop\Darbas\2D RCWA\Merit_Function.m', 8)" style="font-weight:bold">Merit_Function</a> (<a href="matlab: opentoline('C:\Users\Ignatio Denton\Desktop\Darbas\2D RCWA\Merit_Function.m',8,0)">line 8</a>)
        [TRN, REF] = Launch_RCWA_T(NH, grid, device, Mode, false);

Error in
<a href="matlab:matlab.internal.language.introspective.errorDocCallback('PLAY_SCRIPT>@(Params)Merit_Function(Work,P,NH,Params,Goal,Weight,mode,Case,interface,Obj,DispersionCoeffs,interface_stuff,refractive_idx)', 'C:\Users\Ignatio Denton\Desktop\Darbas\2D RCWA\PLAY_SCRIPT.m', 229)" style="font-weight:bold">PLAY_SCRIPT>@(Params)Merit_Function(Work,P,NH,Params,Goal,Weight,mode,Case,interface,Obj,DispersionCoeffs,interface_stuff,refractive_idx)</a>
(<a href="matlab: opentoline('C:\Users\Ignatio Denton\Desktop\Darbas\2D RCWA\PLAY_SCRIPT.m',229,0)">line 229</a>)
            fitness = @(Params) Merit_Function(Work, P, NH, Params, Goal,
            Weight,...

Error in <a href="matlab:matlab.internal.language.introspective.errorDocCallback('createAnonymousFcn>@(x)fcn(x,FcnArgs{:})', 'D:\Program Files\MATLAB\R2021a\toolbox\globaloptim\globaloptim\private\createAnonymousFcn.m', 11)" style="font-weight:bold">createAnonymousFcn>@(x)fcn(x,FcnArgs{:})</a> (<a href="matlab: opentoline('D:\Program Files\MATLAB\R2021a\toolbox\globaloptim\globaloptim\private\createAnonymousFcn.m',11,0)">line 11</a>)
fcn_handle = @(x) fcn(x,FcnArgs{:});

Error in <a href="matlab:matlab.internal.language.introspective.errorDocCallback('fcnvectorizer', 'D:\Program Files\MATLAB\R2021a\toolbox\globaloptim\globaloptim\private\fcnvectorizer.m', 16)" style="font-weight:bold">fcnvectorizer</a> (<a href="matlab: opentoline('D:\Program Files\MATLAB\R2021a\toolbox\globaloptim\globaloptim\private\fcnvectorizer.m',16,0)">line 16</a>)
        parfor (i = 1:popSize)

Error in gaminlppenaltyfcn

Error in gapenalty

Error in <a href="matlab:matlab.internal.language.introspective.errorDocCallback('stepGA', 'D:\Program Files\MATLAB\R2021a\toolbox\globaloptim\globaloptim\private\stepGA.m', 63)" style="font-weight:bold">stepGA</a> (<a href="matlab: opentoline('D:\Program Files\MATLAB\R2021a\toolbox\globaloptim\globaloptim\private\stepGA.m',63,0)">line 63</a>)
    nextScore = FitnessFcn(pop);

Error in <a href="matlab:matlab.internal.language.introspective.errorDocCallback('galincon', 'D:\Program Files\MATLAB\R2021a\toolbox\globaloptim\globaloptim\private\galincon.m', 67)" style="font-weight:bold">galincon</a> (<a href="matlab: opentoline('D:\Program Files\MATLAB\R2021a\toolbox\globaloptim\globaloptim\private\galincon.m',67,0)">line 67</a>)
        [score,population,state] =
        stepGA(score,population,options,state,GenomeLength,FitnessFcn);

Error in gapenalty

Error in gaminlp

Error in <a href="matlab:matlab.internal.language.introspective.errorDocCallback('ga', 'D:\Program Files\MATLAB\R2021a\toolbox\globaloptim\globaloptim\ga.m', 394)" style="font-weight:bold">ga</a> (<a href="matlab: opentoline('D:\Program Files\MATLAB\R2021a\toolbox\globaloptim\globaloptim\ga.m',394,0)">line 394</a>)
    [x,fval,exitFlag,output,population,scores] = gaminlp(FitnessFcn,nvars, ...

Error in <a href="matlab:matlab.internal.language.introspective.errorDocCallback('Ga', 'C:\Users\Ignatio Denton\Desktop\Darbas\2D RCWA\Ga.m', 25)" style="font-weight:bold">Ga</a> (<a href="matlab: opentoline('C:\Users\Ignatio Denton\Desktop\Darbas\2D RCWA\Ga.m',25,0)">line 25</a>)
    [vec_var_output, fval_output, eflag_output, ~] = ga(fun,L,A,b,Aeq,beq,...

Error in <a href="matlab:matlab.internal.language.introspective.errorDocCallback('Optimization', 'C:\Users\Ignatio Denton\Desktop\Darbas\2D RCWA\Optimization.m', 3)" style="font-weight:bold">Optimization</a> (<a href="matlab: opentoline('C:\Users\Ignatio Denton\Desktop\Darbas\2D RCWA\Optimization.m',3,0)">line 3</a>)
        [Params, Output, fval_output, eflag_output] = Ga(fitness, Params, lb, ub,
        distribution); % Genetic Algorithm - mixed problem

Error in <a href="matlab:matlab.internal.language.introspective.errorDocCallback('PLAY_SCRIPT', 'C:\Users\Ignatio Denton\Desktop\Darbas\2D RCWA\PLAY_SCRIPT.m', 231)" style="font-weight:bold">PLAY_SCRIPT</a> (<a href="matlab: opentoline('C:\Users\Ignatio Denton\Desktop\Darbas\2D RCWA\PLAY_SCRIPT.m',231,0)">line 231</a>)
            [~, Output, fval_output_G, eflag_output_G] = Optimization(fitness,...

Caused by:
    Failure in user-supplied fitness function evaluation. GA cannot continue.

<a href="matlab:helpview('matlab','error_nomem')" style="font-weight:bold">Related documentation</a>

opentoline('C:\Users\Ignatio Denton\Desktop\Darbas\2D RCWA\Launch_RCWA_T.m',67,0)
E
    0.0817    4.0000

    0.2783    4.0000

    0.2081    2.0000

    0.0744    2.0000

    0.1196    3.0000

    0.0894    1.0000

    0.2912    4.0000

    0.2894    3.0000

    0.1867    3.0000

    0.2501    2.0000

    0.1713    2.0000

    0.2893    3.0000

    0.2926    3.0000

    0.2481    2.0000

    0.2789    2.0000

    0.1554    4.0000

    0.0855    2.0000

    0.0743    3.0000

    0.0615    2.0000

    0.2623    2.0000

    0.0589    2.0000

    0.2139    3.0000

    0.2899    1.0000

    0.2358    2.0000

    0.2394    4.0000

    0.2197    3.0000

    0.2835    4.0000

    0.2139    2.0000

    0.1481    2.0000

    0.0586    2.0000

    0.2237    2.0000

    0.2559    3.0000

    0.1454    4.0000

    0.2876    2.0000

    0.2265    3.0000

    0.0928    2.0000

    0.1293    2.0000

    0.1192    3.0000

    0.0580    1.0000

    0.1597    2.0000


                                  Best          Mean         Stall
Generation      Func-count     Penalty         Penalty    Generations
    0.2789    2.0000

    0.2876    2.0000

    0.2900    3.0000

    0.2781    3.0000

    0.2523    2.0000

    0.1597    2.0000

    0.2438    2.0000

    0.1941    4.0000

    0.2973    2.0000

    0.2619    4.0000

    0.2490    4.0000

    0.2784    2.0000

    0.2518    2.0000

    0.2899    3.0000

    0.2467    2.0000

    0.2794    1.0000

    0.2404    4.0000

    0.0629    1.0000

    0.2850    4.0000

    0.2897    1.0000

    0.2566    4.0000

    0.2246    3.0000

    0.2268    2.0000

    0.2795    1.0000

    0.1561    2.0000

    0.2867    3.0000

    0.0871    4.0000

    0.2876    2.0000

    0.2750    1.0000

    0.2893    4.0000

    0.2912    4.0000

    0.1546    2.0000

    0.2494    2.0000

    0.2906    1.0000

    0.2326    2.0000

    0.2859    2.0000

    0.0511    1.0000

    0.2197    3.0000

    0.2358    2.0000

    0.1481    3.0000

    1               80        -0.03623        -0.03623        0
    0.2467    2.0000

    0.2183    2.0000

    0.1294    3.0000

    0.2885    2.0000

    0.2794    2.0000

    0.2451    2.0000

    0.2926    1.0000

    0.2678    2.0000

    0.2927    2.0000

    0.1177    4.0000

    0.2382    2.0000

    0.1791    4.0000

    0.2818    1.0000

    0.2793    1.0000

    0.2904    4.0000

    0.2811    3.0000

    0.1980    2.0000

    0.2500    2.0000

    0.2882    3.0000

    0.2636    3.0000

    0.2872    1.0000

    0.2899    1.0000

    0.2324    2.0000

    0.2927    2.0000

    0.2795    1.0000

    0.2268    1.0000

    0.2246    2.0000

    0.1693    2.0000

    0.2801    4.0000

    0.2789    1.0000

    0.2859    1.0000

    0.0650    2.0000

    0.2897    2.0000

    0.2916    4.0000

    0.2460    2.0000

    0.2776    2.0000

    0.2283    2.0000

    0.2897    1.0000

    2              118        -0.03623        -0.03623        1
    0.2875    2.0000

    0.1706    3.0000

    0.2874    2.0000

    0.2834    3.0000

    0.2271    2.0000

    0.2903    1.0000

    0.2466    2.0000

    0.1146    2.0000

    0.2229    2.0000

    0.2703    1.0000

    0.2323    2.0000

    0.2894    1.0000

    0.2347    2.0000

    0.2897    3.0000

    0.2478    2.0000

    0.2452    2.0000

    0.2454    2.0000

    0.2467    2.0000

    0.2861    1.0000

    0.2912    2.0000

    0.2897    2.0000

    0.2788    2.0000

    0.2875    2.0000

    0.2833    2.0000

    0.2973    2.0000

    0.2324    1.0000

    0.2415    1.0000

    0.2469    3.0000

    0.2878    1.0000

    0.1793    1.0000

    0.2801    4.0000

    0.2496    2.0000

    0.2749    2.0000

    0.2927    2.0000

    0.2242    2.0000

    0.2902    2.0000

    0.2283    1.0000

    0.2916    4.0000

    3              156        -0.03623        -0.03623        0
    0.2895    3.0000

    0.2470    2.0000

    0.2874    2.0000

    0.2893    2.0000

    0.2773    2.0000

    0.2788    2.0000

    0.2313    2.0000

    0.2826    2.0000

    0.2219    2.0000

    0.2910    2.0000

    0.2971    3.0000

    0.2980    4.0000

    0.2819    2.0000

    0.2937    2.0000

    0.2895    2.0000

    0.1757    2.0000

    0.2568    2.0000

    0.2999    2.0000

    0.2779    2.0000

    0.2889    2.0000

    0.2885    3.0000

    0.2326    2.0000

    0.2934    2.0000

    0.2454    2.0000

    0.2467    3.0000

    0.2868    2.0000

    0.2462    2.0000

    0.2912    2.0000

    0.2912    2.0000

    0.1962    1.0000

    0.2912    3.0000

    0.2797    2.0000

    0.2844    2.0000

    0.2801    4.0000

    0.2970    2.0000

    0.2947    2.0000

    0.2506    1.0000

    0.2406    1.0000

    4              194        -0.03623        -0.03623        0
    0.2932    2.0000

    0.2931    2.0000

    0.2662    2.0000

    0.2968    2.0000

    0.2788    3.0000

    0.2891    2.0000

    0.2967    2.0000

    0.2867    2.0000

    0.2886    2.0000

    0.2248    2.0000

    0.2900    2.0000

    0.2984    3.0000

    0.2937    2.0000

    0.2716    2.0000

    0.2926    1.0000

    0.2924    2.0000

    0.2815    2.0000

    0.2791    2.0000

    0.2974    2.0000

    0.2911    2.0000

    0.2972    1.0000

    0.2840    2.0000

    0.2910    2.0000

    0.2823    2.0000

    0.2894    1.0000

    0.2912    2.0000

    0.2481    3.0000

    0.2912    2.0000

    0.2999    3.0000

    0.2936    2.0000

    0.1279    2.0000

    0.2868    3.0000

    0.2896    2.0000

    0.2562    2.0000

    0.2839    1.0000

    0.2893    3.0000

    0.2868    2.0000

    0.2874    2.0000

    5              232        -0.03623        -0.03623        1
    0.2409    2.0000

    0.2928    2.0000

    0.2879    2.0000

    0.2866    2.0000

    0.2911    2.0000

    0.2896    2.0000

    0.2993    2.0000

    0.2931    2.0000

    0.2974    2.0000

    0.2934    2.0000

    0.2925    2.0000

    0.2846    2.0000

    0.3000    2.0000

    0.2898    2.0000

    0.2958    3.0000

    0.2974    2.0000

    0.2200    1.0000

    0.2875    2.0000

    0.2946    2.0000

    0.2641    2.0000

    0.1473    2.0000

    0.2943    2.0000

    0.2908    2.0000

    0.2928    2.0000

    0.2946    3.0000

    0.2981    2.0000

    0.2936    2.0000

    0.2874    3.0000

    0.2716    2.0000

    0.2916    2.0000

    0.2953    2.0000

    0.0905    1.0000

    0.2973    3.0000

    0.2931    2.0000

    0.2924    1.0000

    0.2757    2.0000

    0.2912    2.0000

    0.2968    2.0000

    6              270        -0.03623        -0.03623        0
    0.2948    2.0000

    0.2976    2.0000

    0.2974    2.0000

    0.2940    2.0000

    0.2898    2.0000

    0.2974    2.0000

    0.2974    2.0000

    0.2941    2.0000

    0.2907    2.0000

    0.2980    2.0000

    0.2922    2.0000

    0.1754    2.0000

    0.2906    2.0000

    0.2949    2.0000

    0.2928    2.0000

    0.2985    2.0000

    0.2929    2.0000

    0.2930    2.0000

    0.2898    2.0000

    0.2985    2.0000

    0.2915    2.0000

    0.2534    2.0000

    0.2935    2.0000

    0.2975    2.0000

    0.2909    2.0000

    0.2896    1.0000

    0.2977    2.0000

    0.2874    2.0000

    0.2973    2.0000

    0.2926    2.0000

    0.2846    2.0000

    0.2843    2.0000

    0.2966    2.0000

    0.2953    4.0000

    0.1988    2.0000

    0.2951    2.0000

    0.2939    2.0000

    0.2943    3.0000

    7              308        -0.03623        -0.03623        1
    0.2975    2.0000

    0.2972    2.0000

    0.2974    2.0000

    0.2915    2.0000

    0.2973    2.0000

    0.2978    2.0000

    0.0566    2.0000

    0.2942    2.0000

    0.2946    2.0000

    0.2924    2.0000

    0.2974    2.0000

    0.2907    2.0000

    0.2977    2.0000

    0.2907    2.0000

    0.2989    2.0000

    0.2959    2.0000

    0.2936    2.0000

    0.2932    2.0000

    0.2947    2.0000

    0.2973    2.0000

    0.2986    2.0000

    0.2951    2.0000

    0.2996    1.0000

    0.2999    2.0000

    0.2974    2.0000

    0.2984    2.0000

    0.2929    2.0000

    0.2949    1.0000

    0.2928    2.0000

    0.2985    2.0000

    0.2948    2.0000

    0.2951    1.0000

    0.2941    2.0000

    0.2975    2.0000

    0.2976    1.0000

    0.2964    2.0000

    0.2973    2.0000

    0.2985    1.0000

    8              346        -0.03623        -0.03623        2
    0.2977    2.0000

    0.2975    2.0000

    0.2988    2.0000

    0.0743    2.0000

    0.2949    2.0000

    0.2927    2.0000

    0.2974    2.0000

    0.2993    2.0000

    0.2929    2.0000

    0.2972    2.0000

    0.2950    2.0000

    0.2987    2.0000

    0.2975    2.0000

    0.2988    2.0000

    0.2961    2.0000

    0.2973    2.0000

    0.2428    2.0000

    0.2986    2.0000

    0.2980    2.0000

    0.2957    2.0000

    0.2999    2.0000

    0.2973    2.0000

    0.2929    2.0000

    0.2907    1.0000

    0.2975    2.0000

    0.2973    2.0000

    0.2942    2.0000

    0.2907    2.0000

    0.2962    2.0000

    0.2982    2.0000

    0.2993    1.0000

    0.2987    2.0000

    0.2983    2.0000

    0.2973    3.0000

    0.2948    2.0000

    0.2999    2.0000

    0.2931    2.0000

    0.2984    1.0000

    9              384        -0.03623        -0.03623        3
    0.2927    2.0000

    0.2999    2.0000

    0.2963    2.0000

    0.2975    2.0000

    0.2976    2.0000

    0.2989    2.0000

    0.2998    2.0000

    0.2987    2.0000

    0.2975    2.0000

    0.2972    2.0000

    0.2975    2.0000

    0.2353    2.0000

    0.2950    2.0000

    0.2981    2.0000

    0.2976    2.0000

    0.2974    2.0000

    0.2963    2.0000

    0.2951    2.0000

    0.2973    2.0000

    0.2969    2.0000

    0.2992    2.0000

    0.2972    2.0000

    0.2993    2.0000

    0.2973    2.0000

    0.2986    2.0000

    0.2974    2.0000

    0.2993    2.0000

    0.2980    1.0000

    0.3000    2.0000

    0.2999    3.0000

    0.2949    1.0000

    0.2900    2.0000

    0.2997    2.0000

    0.2997    4.0000

    0.2973    2.0000

    0.2968    2.0000

    0.2988    2.0000

    0.2983    1.0000

   10              422        -0.03623        -0.03623        0
    0.2340    2.0000

    0.2964    2.0000

    0.2973    2.0000

    0.2985    2.0000

    0.2998    2.0000

    0.3000    2.0000

    0.2998    2.0000

    0.2988    2.0000

    0.2969    2.0000

    0.2943    2.0000

    0.2991    2.0000

    0.2977    2.0000

    0.2907    2.0000

    0.2969    2.0000

    0.2990    2.0000

    0.2964    2.0000

    0.2976    2.0000

    0.2984    2.0000

    0.2996    2.0000

    0.2985    2.0000

    0.0940    2.0000

    0.2993    2.0000

    0.1886    2.0000

    0.2987    2.0000

    0.3000    2.0000

    0.2999    2.0000

    0.2925    2.0000

    0.2993    2.0000

    0.2986    3.0000

    0.2984    1.0000

    0.2999    2.0000

    0.1789    2.0000

    0.2986    2.0000

    0.2997    2.0000

    0.2986    2.0000

    0.2993    1.0000

    0.2997    4.0000

    0.2997    1.0000

   11              460        -0.03623        -0.03623        0
    0.2993    2.0000

    0.2983    2.0000

    0.2988    2.0000

    0.2986    2.0000

    0.2996    2.0000

    0.2919    2.0000

    0.2999    2.0000

    0.3000    2.0000

    0.2997    2.0000

    0.2987    2.0000

    0.2972    2.0000

    0.2989    2.0000

    0.2999    2.0000

    0.2993    2.0000

    0.2290    2.0000

    0.2986    2.0000

    0.2996    2.0000

    0.2827    2.0000

    0.1587    2.0000

    0.2988    2.0000

    0.2996    2.0000

    0.2995    2.0000

    0.2993    2.0000

    0.2964    2.0000

    0.2964    2.0000

    0.3000    2.0000

    0.2945    2.0000

    0.2995    2.0000

    0.2998    1.0000

    0.2985    2.0000

    0.2985    2.0000

    0.2973    4.0000

    0.2993    3.0000

    0.3000    1.0000

    0.2991    1.0000

    0.2999    2.0000

    0.2997    2.0000

    0.2997    2.0000

   12              498        -0.03623        -0.03623        0
    0.3000    2.0000

    0.2995    2.0000

    0.3000    2.0000

    0.2999    2.0000

    0.2998    2.0000

    0.2988    2.0000

    0.3000    2.0000

    0.2995    2.0000

    0.3000    2.0000

    0.3000    2.0000

    0.2990    2.0000

    0.2984    2.0000

    0.3000    2.0000

    0.2986    2.0000

    0.2993    2.0000

    0.2999    2.0000

    0.2996    2.0000

    0.2997    2.0000

    0.2890    2.0000

    0.2991    2.0000

    0.2997    2.0000

    0.2986    2.0000

    0.2999    2.0000

    0.2995    2.0000

    0.2993    2.0000

    0.3000    1.0000

    0.2997    2.0000

    0.2993    2.0000

    0.2998    2.0000

    0.2993    2.0000

    0.2985    2.0000

    0.3000    2.0000

    0.2999    2.0000

    0.2995    1.0000

    0.3000    3.0000

    0.2958    2.0000

    0.2862    2.0000

    0.2988    1.0000

   13              536        -0.03623        -0.03623        0
    0.2997    2.0000

    0.2998    2.0000

    0.1322    2.0000

    0.2993    2.0000

    0.3000    2.0000

    0.3000    2.0000

    0.2999    2.0000

    0.1649    2.0000

    0.1610    2.0000

    0.0923    2.0000

    0.2995    2.0000

    0.2993    2.0000

    0.2783    2.0000

    0.2994    2.0000

    0.2008    2.0000

    0.2997    2.0000

    0.1839    2.0000

    0.2997    2.0000

    0.2995    2.0000

    0.3000    2.0000

    0.2999    2.0000

    0.2861    2.0000

    0.2999    2.0000

    0.2997    2.0000

    0.2994    2.0000

    0.3000    2.0000

    0.2993    1.0000

    0.2998    2.0000

    0.2998    2.0000

    0.2997    2.0000

    0.3000    2.0000

    0.2997    2.0000

    0.3000    2.0000

    0.2997    2.0000

    0.3000    2.0000

    0.3000    2.0000

    0.3000    2.0000

    0.2999    3.0000

   14              574        -0.03623        -0.03623        0
    0.1101    2.0000

    0.2828    2.0000

    0.3000    2.0000

    0.3000    2.0000

    0.2996    2.0000

    0.2997    2.0000

    0.2447    2.0000

    0.3000    2.0000

    0.2999    2.0000

    0.3000    2.0000

    0.2997    2.0000

    0.2994    2.0000

    0.3000    2.0000

    0.3000    2.0000

    0.2998    2.0000

    0.3000    2.0000

    0.3000    2.0000

    0.2718    2.0000

    0.2847    2.0000

    0.2744    2.0000

    0.3000    2.0000

    0.2998    2.0000

    0.2998    2.0000

    0.3000    2.0000

    0.2993    3.0000

    0.2997    1.0000

    0.3000    2.0000

    0.3000    2.0000

    0.2795    2.0000

    0.3000    1.0000

    0.2997    2.0000

    0.3000    2.0000

    0.3000    2.0000

    0.2995    1.0000

    0.3000    2.0000

    0.2997    2.0000

    0.2999    2.0000

    0.2998    2.0000

   15              612        -0.03623        -0.03623        0
    0.2154    2.0000

    0.2999    2.0000

    0.2997    2.0000

    0.3000    2.0000

    0.3000    2.0000

    0.2153    2.0000

    0.3000    2.0000

    0.3000    2.0000

    0.3000    2.0000

    0.2465    2.0000

    0.3000    2.0000

    0.3000    2.0000

    0.2997    2.0000

    0.2998    2.0000

    0.3000    2.0000

    0.3000    2.0000

    0.3000    2.0000

    0.2999    2.0000

    0.2995    2.0000

    0.3000    2.0000

    0.2999    2.0000

    0.3000    2.0000

    0.3000    2.0000

    0.3000    2.0000

    0.3000    2.0000

    0.3000    1.0000

    0.3000    2.0000

    0.2998    2.0000

    0.2998    2.0000

    0.3000    2.0000

    0.2887    2.0000

    0.2986    2.0000

    0.2997    2.0000

    0.2998    1.0000

    0.3000    1.0000

    0.2999    2.0000

    0.2998    2.0000

    0.3000    1.0000

   16              650        -0.03623        -0.03623        0
    0.3000    2.0000

    0.3000    2.0000

    0.3000    2.0000

    0.2998    2.0000

    0.3000    2.0000

    0.3000    2.0000

    0.2998    2.0000

    0.3000    2.0000

    0.3000    2.0000

    0.2987    2.0000

    0.3000    2.0000

    0.3000    2.0000

    0.3000    2.0000

    0.2999    2.0000

    0.2998    2.0000

    0.3000    2.0000

    0.2999    2.0000

    0.3000    2.0000

    0.3000    2.0000

    0.3000    2.0000

    0.3000    2.0000

    0.2997    2.0000

    0.3000    2.0000

    0.3000    2.0000

    0.3000    3.0000

    0.3000    2.0000

    0.3000    1.0000

    0.2997    2.0000

    0.3000    2.0000

    0.3000    2.0000

    0.2998    2.0000

    0.3000    1.0000

    0.2999    3.0000

    0.3000    4.0000

    0.3000    2.0000

    0.3000    2.0000

    0.3000    2.0000

    0.3000    2.0000

   17              688        -0.03623        -0.03623        1
    0.3000    2.0000

    0.3000    2.0000

    0.3000    2.0000

    0.3000    2.0000

    0.3000    2.0000

    0.3000    2.0000

    0.3000    2.0000

    0.3000    2.0000

    0.3000    2.0000

    0.2998    2.0000

    0.3000    2.0000

    0.3000    2.0000

    0.3000    2.0000

    0.3000    2.0000

    0.3000    2.0000

    0.3000    2.0000

    0.3000    2.0000

    0.3000    2.0000

    0.3000    1.0000

    0.3000    2.0000

    0.3000    2.0000

    0.2999    2.0000

    0.3000    2.0000

    0.3000    2.0000

    0.3000    1.0000

    0.3000    2.0000

    0.3000    1.0000

    0.3000    2.0000

    0.3000    2.0000

    0.3000    2.0000

    0.3000    3.0000

    0.3000    2.0000

    0.2998    2.0000

    0.3000    2.0000

    0.3000    2.0000

    0.3000    2.0000

    0.3000    2.0000

    0.3000    2.0000

   18              726        -0.03623        -0.03623        0
    0.3000    2.0000

    0.3000    2.0000

    0.3000    2.0000

    0.3000    2.0000

    0.3000    2.0000

    0.3000    2.0000

    0.3000    2.0000

    0.3000    2.0000

    0.3000    2.0000

    0.3000    2.0000

    0.3000    2.0000

    0.3000    2.0000

    0.3000    2.0000

    0.3000    2.0000

    0.3000    2.0000

    0.3000    2.0000

    0.3000    2.0000

    0.3000    2.0000

    0.3000    2.0000

    0.3000    2.0000

    0.3000    2.0000

    0.3000    2.0000

    0.3000    2.0000

    0.3000    2.0000

    0.2999    2.0000

    0.3000    2.0000

    0.3000    4.0000

    0.3000    2.0000

    0.3000    2.0000

    0.3000    2.0000

    0.2999    2.0000

    0.3000    1.0000

    0.3000    4.0000

    0.3000    3.0000

    0.3000    2.0000

    0.3000    2.0000

    0.3000    2.0000

    0.3000    3.0000

   19              764        -0.03623        -0.03623        0
    0.3000    2.0000

    0.3000    2.0000

    0.3000    2.0000

    0.3000    2.0000

    0.3000    2.0000

    0.3000    2.0000

    0.2999    2.0000

    0.3000    2.0000

    0.3000    2.0000

    0.3000    2.0000

    0.3000    2.0000

    0.3000    2.0000

    0.3000    2.0000

    0.3000    2.0000

    0.3000    2.0000

    0.3000    2.0000

    0.1096    2.0000

    0.3000    2.0000

    0.3000    2.0000

    0.3000    2.0000

    0.3000    2.0000

    0.3000    2.0000

    0.3000    2.0000

    0.3000    2.0000

    0.3000    4.0000

    0.3000    3.0000

    0.3000    2.0000

    0.3000    1.0000

    0.3000    2.0000

    0.3000    2.0000

    0.3000    2.0000

    0.3000    2.0000

    0.3000    2.0000

    0.3000    2.0000

    0.3000    2.0000

    0.3000    1.0000

    0.3000    2.0000

    0.3000    1.0000

   20              802        -0.03623        -0.03623        0
    0.3000    2.0000

    0.3000    2.0000

    0.3000    2.0000

    0.3000    2.0000

    0.3000    2.0000

    0.3000    2.0000

    0.3000    2.0000

    0.3000    2.0000

    0.3000    2.0000

    0.3000    2.0000

    0.3000    2.0000

    0.3000    2.0000

    0.3000    2.0000

    0.3000    2.0000

    0.3000    2.0000

    0.3000    2.0000

    0.2549    2.0000

    0.3000    2.0000

    0.1690    2.0000

    0.3000    2.0000

    0.3000    2.0000

    0.3000    2.0000

    0.3000    2.0000

    0.3000    2.0000

    0.3000    1.0000

    0.3000    2.0000

    0.3000    2.0000

    0.3000    2.0000

    0.3000    2.0000

    0.3000    2.0000

    0.3000    2.0000

    0.3000    2.0000

    0.3000    2.0000

    0.3000    2.0000

    0.3000    2.0000

    0.3000    2.0000

    0.3000    1.0000

    0.3000    2.0000

   21              840        -0.03623        -0.03623        1
    0.0548    2.0000

    0.3000    2.0000

    0.3000    2.0000

    0.3000    2.0000

    0.3000    2.0000

    0.3000    2.0000

    0.3000    2.0000

    0.3000    2.0000

    0.3000    2.0000

    0.3000    2.0000

    0.3000    2.0000

    0.3000    2.0000

    0.3000    2.0000

    0.1046    2.0000

    0.3000    2.0000

    0.3000    2.0000

    0.3000    2.0000

    0.3000    2.0000

    0.3000    2.0000

    0.3000    2.0000

    0.3000    2.0000

    0.3000    2.0000

    0.3000    2.0000

    0.2599    2.0000

    0.3000    1.0000

    0.3000    2.0000

    0.3000    2.0000

    0.3000    1.0000

    0.3000    1.0000

    0.3000    2.0000

    0.3000    1.0000

    0.0669    2.0000

    0.3000    2.0000

    0.3000    2.0000

    0.3000    2.0000

    0.3000    2.0000

    0.3000    2.0000

    0.3000    2.0000

   22              878        -0.03623        -0.03623        2
    0.1653    2.0000

    0.3000    2.0000

    0.3000    2.0000

    0.3000    2.0000

    0.3000    2.0000

    0.3000    2.0000

    0.3000    2.0000

    0.3000    2.0000

    0.3000    2.0000

    0.3000    2.0000

    0.3000    2.0000

    0.3000    2.0000

    0.3000    2.0000

    0.3000    2.0000

    0.3000    2.0000

    0.3000    2.0000

    0.3000    2.0000

    0.3000    2.0000

    0.3000    2.0000

    0.3000    2.0000

    0.3000    2.0000

    0.2043    2.0000

    0.3000    2.0000

    0.3000    2.0000

    0.3000    2.0000

    0.3000    2.0000

    0.3000    1.0000

    0.3000    2.0000

    0.3000    2.0000

    0.3000    2.0000

    0.3000    2.0000

    0.3000    2.0000

    0.3000    2.0000

    0.3000    2.0000

    0.3000    2.0000

    0.3000    4.0000

    0.3000    1.0000

    0.3000    2.0000

   23              916        -0.03623        -0.03623        0
    0.3000    2.0000

    0.3000    2.0000

    0.3000    2.0000

    0.3000    2.0000

    0.3000    2.0000

    0.3000    2.0000

    0.3000    2.0000

    0.3000    2.0000

    0.3000    2.0000

    0.3000    2.0000

    0.3000    2.0000

    0.3000    2.0000

    0.3000    2.0000

    0.3000    2.0000

    0.3000    2.0000

    0.3000    2.0000

    0.3000    2.0000

    0.3000    2.0000

    0.3000    2.0000

    0.3000    2.0000

    0.3000    2.0000

    0.3000    2.0000

    0.3000    2.0000

    0.3000    2.0000

    0.3000    2.0000

    0.3000    1.0000

    0.3000    2.0000

    0.3000    2.0000

    0.3000    1.0000

    0.3000    2.0000

    0.3000    2.0000

    0.3000    2.0000

    0.3000    3.0000

    0.3000    2.0000

    0.3000    2.0000

    0.3000    2.0000

    0.3000    4.0000

    0.3000    3.0000

   24              954        -0.03623        -0.03623        0
    0.3000    2.0000

    0.3000    2.0000

    0.3000    2.0000

    0.3000    2.0000

    0.3000    2.0000

    0.3000    2.0000

    0.3000    2.0000

    0.3000    2.0000

    0.3000    2.0000

    0.3000    2.0000

    0.3000    2.0000

    0.3000    2.0000

    0.3000    2.0000

    0.3000    2.0000

    0.3000    2.0000

    0.3000    2.0000

    0.3000    2.0000

    0.3000    2.0000

    0.3000    2.0000

    0.3000    2.0000

    0.3000    2.0000

    0.3000    2.0000

    0.3000    2.0000

    0.3000    2.0000

    0.3000    2.0000

    0.3000    1.0000

    0.3000    2.0000

    0.3000    3.0000

    0.3000    2.0000

    0.3000    2.0000

    0.3000    1.0000

    0.3000    2.0000

    0.3000    2.0000

    0.3000    2.0000

    0.3000    2.0000

    0.3000    2.0000

    0.3000    2.0000

    0.3000    2.0000

   25              992        -0.03623        -0.03623        0
    0.3000    2.0000

    0.3000    2.0000

    0.2337    2.0000

    0.3000    2.0000

    0.3000    2.0000

    0.3000    2.0000

    0.3000    2.0000

    0.3000    2.0000

    0.3000    2.0000

    0.3000    2.0000

    0.3000    2.0000

    0.3000    2.0000

    0.3000    2.0000

    0.3000    2.0000

    0.3000    2.0000

    0.3000    2.0000

    0.3000    2.0000

    0.3000    2.0000

    0.3000    2.0000

    0.3000    2.0000

    0.3000    2.0000

    0.3000    2.0000

    0.3000    2.0000

    0.3000    2.0000

    0.3000    1.0000

    0.3000    1.0000

    0.3000    4.0000

    0.3000    3.0000

    0.3000    2.0000

    0.3000    2.0000

    0.3000    2.0000

    0.3000    1.0000

    0.3000    2.0000

    0.3000    2.0000

    0.3000    1.0000

    0.3000    2.0000

    0.3000    2.0000

    0.3000    2.0000

   26             1030        -0.03623        -0.03623        1
    0.3000    2.0000

    0.3000    2.0000

    0.3000    2.0000

    0.3000    2.0000

    0.3000    2.0000

    0.3000    2.0000

    0.3000    2.0000

    0.3000    2.0000

    0.3000    2.0000

    0.3000    2.0000

    0.3000    2.0000

    0.3000    2.0000

    0.3000    2.0000

    0.3000    2.0000

    0.3000    2.0000

    0.3000    2.0000

    0.3000    2.0000

    0.3000    2.0000

    0.3000    2.0000

    0.3000    2.0000

    0.3000    2.0000

    0.3000    2.0000

    0.3000    2.0000

    0.3000    2.0000

    0.3000    2.0000

    0.3000    2.0000

    0.3000    2.0000

    0.3000    2.0000

    0.3000    2.0000

    0.3000    3.0000

    0.3000    2.0000

    0.3000    3.0000

    0.3000    2.0000

    0.3000    3.0000

    0.3000    2.0000

    0.3000    2.0000

    0.3000    2.0000

    0.3000    1.0000

   27             1068        -0.03623        -0.03623        0
    0.3000    2.0000

    0.3000    2.0000

    0.3000    2.0000

    0.3000    2.0000

    0.3000    2.0000

    0.3000    2.0000

    0.3000    2.0000

    0.3000    2.0000

    0.3000    2.0000

    0.3000    2.0000

    0.3000    2.0000

    0.3000    2.0000

    0.3000    2.0000

    0.3000    2.0000

    0.3000    2.0000

    0.3000    2.0000

    0.3000    2.0000

    0.3000    2.0000

    0.3000    2.0000

    0.3000    2.0000

    0.3000    2.0000

    0.3000    2.0000

    0.3000    2.0000

    0.3000    2.0000

    0.3000    1.0000

    0.3000    2.0000

    0.3000    2.0000

    0.3000    1.0000

    0.3000    1.0000

    0.3000    2.0000

    0.3000    1.0000

    0.3000    2.0000

    0.3000    2.0000

    0.3000    1.0000

    0.3000    2.0000

    0.3000    2.0000

    0.3000    2.0000

    0.3000    1.0000

   28             1106        -0.03623        -0.03623        0
    0.3000    2.0000

    0.3000    2.0000

    0.3000    2.0000

    0.3000    2.0000

    0.3000    2.0000

    0.3000    2.0000

    0.3000    2.0000

    0.3000    2.0000

    0.3000    2.0000

    0.3000    2.0000

    0.3000    2.0000

    0.3000    2.0000

    0.3000    2.0000

    0.3000    2.0000

    0.3000    2.0000

    0.3000    2.0000

    0.3000    2.0000

    0.3000    2.0000

    0.3000    2.0000

    0.3000    2.0000

    0.3000    2.0000

    0.2635    2.0000

    0.3000    2.0000

    0.3000    2.0000

    0.3000    3.0000

    0.3000    2.0000

    0.3000    2.0000

    0.3000    2.0000

    0.3000    1.0000

    0.3000    2.0000

    0.3000    2.0000

    0.3000    1.0000

    0.3000    1.0000

    0.3000    2.0000

    0.3000    2.0000

    0.3000    2.0000

    0.3000    2.0000

    0.3000    1.0000

   29             1144        -0.03623        -0.03623        1
    0.3000    2.0000

    0.3000    2.0000

    0.3000    2.0000

    0.3000    3.0000

    0.3000    2.0000

    0.3000    2.0000

    0.3000    2.0000

    0.3000    2.0000

    0.3000    2.0000

    0.3000    2.0000

    0.3000    2.0000

    0.3000    2.0000

    0.3000    2.0000

    0.3000    2.0000

    0.3000    2.0000

    0.3000    2.0000

    0.3000    2.0000

    0.3000    2.0000

    0.3000    2.0000

    0.3000    2.0000

    0.3000    2.0000

    0.3000    2.0000

    0.3000    2.0000

    0.3000    2.0000

    0.3000    2.0000

    0.3000    2.0000

    0.3000    2.0000

    0.3000    1.0000

    0.3000    2.0000

    0.3000    2.0000

    0.3000    4.0000

    0.3000    1.0000

    0.3000    2.0000

    0.3000    2.0000

    0.3000    3.0000

    0.3000    2.0000

    0.3000    1.0000

    0.3000    1.0000


                                  Best          Mean         Stall
Generation      Func-count     Penalty         Penalty    Generations
   30             1182        -0.03623        -0.03623        0
    0.3000    2.0000

    0.3000    2.0000

    0.3000    2.0000

    0.3000    2.0000

    0.3000    3.0000

    0.3000    2.0000

    0.3000    2.0000

    0.3000    2.0000

    0.3000    2.0000

    0.3000    2.0000

    0.3000    2.0000

    0.3000    1.0000

    0.3000    2.0000

    0.3000    2.0000

    0.3000    2.0000

    0.3000    2.0000

    0.3000    2.0000

    0.3000    2.0000

    0.3000    2.0000

    0.3000    2.0000

    0.3000    2.0000

    0.3000    2.0000

    0.3000    2.0000

    0.3000    2.0000

    0.3000    1.0000

    0.3000    2.0000

    0.3000    2.0000

    0.3000    2.0000

    0.3000    2.0000

    0.3000    2.0000

    0.3000    2.0000

    0.3000    2.0000

    0.3000    4.0000

    0.3000    4.0000

    0.3000    2.0000

    0.3000    2.0000

    0.3000    3.0000

    0.3000    1.0000

   31             1220        -0.03623        -0.03623        1
    0.3000    1.0000

    0.3000    2.0000

    0.3000    2.0000

    0.3000    2.0000

    0.3000    2.0000

    0.3000    2.0000

    0.3000    2.0000

    0.3000    2.0000

    0.3000    2.0000

    0.3000    2.0000

    0.3000    2.0000

    0.3000    2.0000

    0.3000    2.0000

    0.3000    2.0000

    0.3000    2.0000

    0.3000    2.0000

    0.3000    2.0000

    0.3000    2.0000

    0.3000    2.0000

    0.3000    2.0000

    0.3000    2.0000

    0.3000    2.0000

    0.3000    2.0000

    0.3000    2.0000

    0.3000    2.0000

    0.3000    2.0000

    0.3000    2.0000

    0.3000    1.0000

    0.3000    2.0000

    0.3000    1.0000

    0.3000    2.0000

    0.3000    2.0000

    0.3000    2.0000

    0.3000    2.0000

    0.3000    3.0000

    0.3000    2.0000

    0.3000    2.0000

    0.3000    2.0000

   32             1258        -0.03623        -0.03623        0
    0.3000    2.0000

    0.3000    2.0000

    0.3000    2.0000

    0.3000    2.0000

    0.3000    2.0000

    0.3000    2.0000

    0.3000    2.0000

    0.3000    2.0000

    0.3000    2.0000

    0.3000    2.0000

    0.3000    2.0000

    0.3000    2.0000

    0.3000    2.0000

    0.3000    2.0000

    0.3000    2.0000

    0.3000    2.0000

    0.3000    2.0000

    0.3000    2.0000

    0.3000    2.0000

    0.3000    2.0000

    0.3000    2.0000

    0.3000    2.0000

    0.3000    2.0000

    0.3000    2.0000

    0.3000    1.0000

    0.3000    2.0000

    0.3000    2.0000

    0.3000    1.0000

    0.3000    2.0000

    0.3000    1.0000

    0.3000    2.0000

    0.3000    2.0000

    0.3000    2.0000

    0.3000    2.0000

    0.3000    2.0000

    0.3000    2.0000

    0.3000    3.0000

    0.3000    2.0000

   33             1296        -0.03623        -0.03623        0
    0.3000    2.0000

    0.3000    2.0000

    0.3000    2.0000

    0.3000    2.0000

    0.3000    2.0000

    0.3000    2.0000

    0.3000    2.0000

    0.3000    2.0000

    0.3000    2.0000

    0.3000    2.0000

    0.3000    2.0000

    0.3000    2.0000

    0.3000    2.0000

    0.3000    2.0000

    0.3000    2.0000

    0.3000    2.0000

    0.3000    2.0000

    0.3000    2.0000

    0.3000    2.0000

    0.3000    3.0000

    0.3000    2.0000

    0.3000    2.0000

    0.3000    2.0000

    0.3000    2.0000

    0.3000    3.0000

    0.3000    2.0000

    0.3000    2.0000

    0.3000    2.0000

    0.3000    1.0000

    0.3000    2.0000

    0.3000    2.0000

    0.3000    2.0000

    0.3000    2.0000

    0.3000    2.0000

    0.3000    2.0000

    0.3000    1.0000

    0.3000    2.0000

    0.3000    1.0000

   34             1334        -0.03623        -0.03623        0
    0.3000    2.0000

    0.3000    2.0000

    0.3000    2.0000

    0.3000    2.0000

    0.3000    2.0000

    0.3000    1.0000

    0.3000    2.0000

    0.3000    2.0000

    0.3000    2.0000

    0.3000    2.0000

    0.3000    2.0000

    0.3000    2.0000

    0.3000    2.0000

    0.3000    2.0000

    0.3000    2.0000

    0.3000    3.0000

    0.3000    2.0000

    0.3000    2.0000

    0.3000    2.0000

    0.3000    2.0000

    0.3000    2.0000

    0.3000    2.0000

    0.3000    2.0000

    0.3000    2.0000

    0.3000    2.0000

    0.3000    2.0000

    0.3000    2.0000

    0.3000    1.0000

    0.3000    2.0000

    0.3000    2.0000

    0.3000    2.0000

    0.3000    2.0000

    0.3000    2.0000

    0.3000    1.0000

    0.3000    2.0000

    0.3000    2.0000

    0.3000    2.0000

    0.3000    2.0000

   35             1372        -0.03623        -0.03623        0
    0.3000    2.0000

    0.3000    2.0000

    0.3000    2.0000

    0.3000    2.0000

    0.3000    2.0000

    0.3000    2.0000

    0.3000    2.0000

    0.3000    2.0000

    0.3000    2.0000

    0.3000    2.0000

    0.3000    2.0000

    0.3000    2.0000

    0.3000    2.0000

    0.3000    2.0000

    0.3000    2.0000

    0.3000    2.0000

    0.3000    2.0000

    0.3000    2.0000

    0.3000    2.0000

    0.3000    2.0000

    0.3000    2.0000

    0.3000    2.0000

    0.3000    2.0000

    0.3000    2.0000

    0.3000    3.0000

    0.3000    2.0000

    0.3000    1.0000

    0.3000    2.0000

    0.3000    2.0000

    0.3000    1.0000

    0.3000    3.0000

    0.3000    2.0000

    0.3000    2.0000

    0.3000    2.0000

    0.3000    2.0000

    0.3000    2.0000

    0.3000    2.0000

    0.3000    1.0000

   36             1410        -0.03623        -0.03623        1
    0.3000    2.0000

    0.3000    2.0000

    0.3000    2.0000

    0.3000    2.0000

    0.3000    2.0000

    0.3000    2.0000

    0.3000    2.0000

    0.3000    2.0000

    0.3000    2.0000

    0.3000    2.0000

    0.3000    2.0000

    0.3000    2.0000

    0.3000    2.0000

    0.3000    2.0000

    0.3000    2.0000

    0.3000    2.0000

    0.3000    2.0000

    0.3000    2.0000

    0.3000    2.0000

    0.3000    2.0000

    0.3000    2.0000

    0.3000    2.0000

    0.3000    2.0000

    0.3000    2.0000

    0.3000    2.0000

    0.3000    2.0000

    0.3000    2.0000

    0.3000    2.0000

    0.3000    2.0000

    0.3000    2.0000

    0.3000    2.0000

    0.3000    4.0000

    0.3000    2.0000

    0.3000    2.0000

    0.3000    2.0000

    0.3000    1.0000

    0.3000    2.0000

    0.3000    3.0000

   37             1448        -0.03623        -0.03623        0
    0.3000    2.0000

    0.3000    2.0000

    0.3000    2.0000

    0.3000    2.0000

    0.3000    2.0000

    0.3000    2.0000

    0.3000    2.0000

    0.3000    2.0000

    0.3000    2.0000

    0.3000    2.0000

    0.3000    2.0000

    0.3000    2.0000

    0.3000    2.0000

    0.3000    2.0000

    0.3000    2.0000

    0.3000    2.0000

    0.3000    2.0000

    0.3000    2.0000

    0.3000    2.0000

    0.3000    2.0000

    0.3000    2.0000

    0.3000    2.0000

    0.3000    2.0000

    0.3000    2.0000

    0.3000    1.0000

    0.3000    3.0000

    0.3000    2.0000

    0.3000    2.0000

    0.3000    2.0000

    0.3000    2.0000

    0.3000    2.0000

    0.3000    2.0000

    0.3000    2.0000

    0.3000    2.0000

    0.3000    2.0000

    0.3000    1.0000

    0.3000    3.0000

    0.3000    3.0000

   38             1486        -0.03623        -0.03623        1
    0.3000    2.0000

    0.3000    2.0000

    0.3000    2.0000

    0.3000    2.0000

    0.3000    2.0000

    0.3000    2.0000

    0.3000    2.0000

    0.3000    2.0000

    0.3000    2.0000

    0.3000    2.0000

    0.3000    2.0000

    0.3000    2.0000

    0.3000    2.0000

    0.3000    2.0000

    0.3000    2.0000

    0.3000    2.0000

    0.3000    2.0000

    0.3000    2.0000

    0.3000    2.0000

    0.3000    2.0000

    0.3000    2.0000

    0.3000    2.0000

    0.3000    2.0000

    0.3000    2.0000

    0.3000    2.0000

    0.3000    2.0000

    0.3000    2.0000

    0.3000    1.0000

    0.3000    1.0000

    0.3000    2.0000

    0.3000    1.0000

    0.3000    2.0000

    0.3000    2.0000

    0.3000    2.0000

    0.3000    2.0000

    0.3000    2.0000

    0.3000    1.0000

    0.3000    2.0000

   39             1524        -0.03623        -0.03623        0
    0.3000    2.0000

    0.3000    2.0000

    0.3000    2.0000

    0.3000    2.0000

    0.3000    2.0000

    0.3000    2.0000

    0.3000    2.0000

    0.3000    2.0000

    0.3000    2.0000

    0.3000    2.0000

    0.3000    2.0000

    0.3000    2.0000

    0.3000    2.0000

    0.3000    2.0000

    0.3000    2.0000

    0.3000    2.0000

    0.3000    2.0000

    0.3000    2.0000

    0.3000    2.0000

    0.3000    2.0000

    0.3000    2.0000

    0.3000    2.0000

    0.3000    2.0000

    0.3000    2.0000

    0.3000    1.0000

    0.3000    2.0000

    0.3000    2.0000

    0.3000    1.0000

    0.3000    4.0000

    0.3000    2.0000

    0.3000    2.0000

    0.3000    1.0000

    0.3000    2.0000

    0.3000    2.0000

    0.3000    1.0000

    0.3000    1.0000

    0.3000    4.0000

    0.3000    2.0000

   40             1562        -0.03623        -0.03623        1
    0.3000    2.0000

    0.3000    2.0000

    0.3000    2.0000

    0.3000    1.0000

    0.3000    2.0000

    0.3000    2.0000

    0.3000    2.0000

    0.3000    2.0000

    0.3000    2.0000

    0.3000    2.0000

    0.3000    2.0000

    0.3000    2.0000

    0.3000    2.0000

    0.3000    2.0000

    0.3000    2.0000

    0.3000    2.0000

    0.3000    1.0000

    0.3000    2.0000

    0.3000    2.0000

    0.3000    2.0000

    0.3000    2.0000

    0.3000    2.0000

    0.3000    2.0000

    0.3000    2.0000

    0.3000    2.0000

    0.3000    4.0000

    0.3000    2.0000

    0.3000    1.0000

    0.3000    1.0000

    0.3000    2.0000

    0.3000    1.0000

    0.3000    2.0000

    0.3000    2.0000

    0.3000    3.0000

    0.3000    3.0000

    0.3000    2.0000

    0.3000    2.0000

    0.3000    1.0000

   41             1600        -0.03623        -0.03623        0
    0.3000    2.0000

    0.3000    2.0000

    0.3000    2.0000

    0.3000    2.0000

    0.3000    2.0000

    0.3000    2.0000

    0.3000    2.0000

    0.3000    2.0000

    0.3000    2.0000

    0.3000    2.0000

    0.3000    2.0000

    0.3000    2.0000

    0.3000    2.0000

    0.3000    2.0000

    0.3000    2.0000

    0.3000    2.0000

    0.3000    2.0000

    0.3000    1.0000

    0.3000    2.0000

    0.3000    2.0000

    0.3000    2.0000

    0.3000    2.0000

    0.3000    2.0000

    0.3000    2.0000

    0.3000    2.0000

    0.3000    2.0000

    0.3000    2.0000

    0.3000    2.0000

    0.3000    2.0000

    0.3000    2.0000

    0.3000    2.0000

    0.3000    2.0000

    0.3000    2.0000

    0.3000    2.0000

    0.3000    4.0000

    0.3000    1.0000

    0.3000    2.0000

    0.3000    1.0000

   42             1638        -0.03623        -0.03623        1
    0.3000    2.0000

    0.3000    2.0000

    0.3000    2.0000

    0.3000    2.0000

    0.3000    2.0000

    0.3000    2.0000

    0.3000    2.0000

    0.3000    2.0000

    0.3000    2.0000

    0.3000    2.0000

    0.3000    2.0000

    0.3000    2.0000

    0.3000    2.0000

    0.3000    2.0000

    0.3000    2.0000

    0.3000    2.0000

    0.3000    2.0000

    0.3000    2.0000

    0.3000    2.0000

    0.3000    2.0000

    0.3000    2.0000

    0.3000    2.0000

    0.3000    2.0000

    0.3000    2.0000

    0.3000    2.0000

    0.3000    1.0000

    0.3000    2.0000

    0.3000    2.0000

    0.3000    1.0000

    0.3000    2.0000

    0.3000    2.0000

    0.3000    2.0000

    0.3000    3.0000

    0.3000    2.0000

    0.3000    2.0000

    0.3000    3.0000

    0.3000    3.0000

    0.3000    1.0000

   43             1676        -0.03623        -0.03623        0
    0.3000    2.0000

    0.3000    2.0000

    0.3000    2.0000

    0.3000    2.0000

    0.3000    2.0000

    0.3000    2.0000

    0.3000    2.0000

    0.3000    2.0000

    0.3000    2.0000

    0.3000    2.0000

    0.3000    2.0000

    0.3000    2.0000

    0.3000    2.0000

    0.3000    2.0000

    0.3000    2.0000

    0.3000    2.0000

    0.3000    2.0000

    0.3000    2.0000

    0.3000    2.0000

    0.3000    2.0000

    0.3000    2.0000

    0.3000    3.0000

    0.3000    2.0000

    0.3000    2.0000

    0.3000    1.0000

    0.3000    2.0000

    0.3000    2.0000

    0.3000    2.0000

    0.3000    3.0000

    0.3000    2.0000

    0.3000    2.0000

    0.3000    1.0000

    0.3000    3.0000

    0.3000    2.0000

    0.3000    2.0000

    0.3000    1.0000

    0.3000    3.0000

    0.3000    4.0000

   44             1714        -0.03623        -0.03623        1
    0.3000    2.0000

    0.2927    2.0000

    0.3000    2.0000

    0.3000    2.0000

    0.3000    2.0000

    0.3000    2.0000

    0.3000    2.0000

    0.3000    2.0000

    0.3000    2.0000

    0.3000    2.0000

    0.3000    2.0000

    0.3000    2.0000

    0.3000    2.0000

    0.3000    2.0000

    0.3000    2.0000

    0.3000    2.0000

    0.3000    2.0000

    0.3000    2.0000

    0.3000    2.0000

    0.3000    2.0000

    0.3000    2.0000

    0.3000    2.0000

    0.3000    2.0000

    0.3000    2.0000

    0.3000    3.0000

    0.3000    3.0000

    0.3000    2.0000

    0.3000    2.0000

    0.3000    2.0000

    0.3000    2.0000

    0.3000    2.0000

    0.3000    2.0000

    0.3000    2.0000

    0.3000    2.0000

    0.3000    2.0000

    0.3000    2.0000

    0.3000    1.0000

    0.3000    2.0000

   45             1752        -0.03623        -0.03623        0
    0.3000    2.0000

    0.3000    2.0000

    0.3000    2.0000

    0.3000    2.0000

    0.3000    2.0000

    0.3000    2.0000

    0.3000    2.0000

    0.3000    2.0000

    0.3000    2.0000

    0.3000    2.0000

    0.3000    2.0000

    0.3000    2.0000

    0.3000    2.0000

    0.3000    2.0000

    0.3000    2.0000

    0.3000    2.0000

    0.3000    2.0000

    0.3000    2.0000

    0.3000    2.0000

    0.3000    2.0000

    0.3000    2.0000

    0.3000    2.0000

    0.3000    2.0000

    0.3000    2.0000

    0.3000    1.0000

    0.3000    2.0000

    0.3000    3.0000

    0.3000    2.0000

    0.3000    2.0000

    0.3000    1.0000

    0.3000    2.0000

    0.3000    2.0000

    0.3000    3.0000

    0.3000    2.0000

    0.3000    2.0000

    0.3000    2.0000

    0.3000    2.0000

    0.3000    1.0000

   46             1790        -0.03623        -0.03623        0
    0.3000    2.0000

    0.3000    2.0000

    0.3000    2.0000

    0.3000    2.0000

    0.3000    2.0000

    0.3000    2.0000

    0.3000    2.0000

    0.3000    2.0000

    0.3000    2.0000

    0.3000    2.0000

    0.3000    2.0000

    0.3000    2.0000

    0.3000    2.0000

    0.3000    2.0000

    0.3000    2.0000

    0.3000    2.0000

    0.3000    2.0000

    0.3000    2.0000

    0.3000    2.0000

    0.3000    2.0000

    0.3000    2.0000

    0.3000    2.0000

    0.3000    2.0000

    0.3000    2.0000

    0.3000    3.0000

    0.3000    2.0000

    0.3000    2.0000

    0.3000    4.0000

    0.3000    1.0000

    0.3000    2.0000

    0.3000    2.0000

    0.3000    1.0000

    0.3000    2.0000

    0.3000    2.0000

    0.3000    2.0000

    0.3000    1.0000

    0.3000    1.0000

    0.3000    2.0000

   47             1828        -0.03623        -0.03623        1
    0.3000    2.0000

    0.3000    2.0000

    0.3000    2.0000

    0.3000    2.0000

    0.3000    2.0000

    0.3000    2.0000

    0.3000    2.0000

    0.3000    2.0000

    0.3000    2.0000

    0.3000    2.0000

    0.3000    2.0000

    0.3000    2.0000

    0.3000    2.0000

    0.3000    2.0000

    0.3000    2.0000

    0.3000    2.0000

    0.3000    2.0000

    0.3000    2.0000

    0.3000    2.0000

    0.3000    2.0000

    0.3000    2.0000

    0.3000    2.0000

    0.3000    2.0000

    0.3000    4.0000

    0.3000    2.0000

    0.3000    2.0000

    0.3000    1.0000

    0.3000    2.0000

    0.3000    2.0000

    0.3000    2.0000

    0.3000    2.0000

    0.3000    2.0000

    0.3000    2.0000

    0.3000    1.0000

    0.3000    2.0000

    0.3000    2.0000

    0.3000    1.0000

    0.3000    3.0000

   48             1866        -0.03623        -0.03623        2
    0.3000    2.0000

    0.3000    2.0000

    0.3000    2.0000

    0.3000    2.0000

    0.3000    2.0000

    0.3000    2.0000

    0.3000    2.0000

    0.3000    2.0000

    0.3000    2.0000

    0.3000    2.0000

    0.3000    2.0000

    0.3000    2.0000

    0.3000    2.0000

    0.3000    2.0000

    0.3000    1.0000

    0.3000    2.0000

    0.3000    2.0000

    0.3000    2.0000

    0.3000    2.0000

    0.3000    2.0000

    0.3000    2.0000

    0.3000    2.0000

    0.3000    2.0000

    0.3000    3.0000

    0.3000    3.0000

    0.3000    1.0000

    0.3000    2.0000

    0.3000    2.0000

    0.3000    3.0000

    0.3000    4.0000

    0.3000    2.0000

    0.3000    2.0000

    0.3000    1.0000

    0.3000    2.0000

    0.3000    2.0000

    0.3000    2.0000

    0.3000    3.0000

    0.3000    2.0000

   49             1904        -0.03623        -0.03623        3
    0.3000    2.0000

    0.3000    2.0000

    0.3000    3.0000

    0.3000    2.0000

    0.3000    2.0000

    0.3000    2.0000

    0.3000    2.0000

    0.3000    2.0000

    0.3000    2.0000

    0.3000    2.0000

    0.3000    2.0000

    0.3000    2.0000

    0.3000    2.0000

    0.3000    2.0000

    0.3000    2.0000

    0.3000    2.0000

    0.3000    2.0000

    0.3000    2.0000

    0.3000    2.0000

    0.3000    2.0000

    0.3000    2.0000

    0.3000    2.0000

    0.3000    2.0000

    0.3000    2.0000

    0.3000    2.0000

    0.3000    3.0000

    0.3000    2.0000

    0.3000    2.0000

    0.3000    2.0000

    0.3000    1.0000

    0.3000    2.0000

    0.3000    1.0000

    0.3000    2.0000

    0.3000    2.0000

    0.3000    2.0000

    0.3000    2.0000

    0.3000    2.0000

    0.3000    1.0000

   50             1942        -0.03623        -0.03623        0
    0.3000    2.0000

    0.3000    2.0000

    0.3000    2.0000

    0.3000    2.0000

    0.3000    2.0000

    0.3000    2.0000

    0.3000    2.0000

    0.3000    2.0000

    0.3000    2.0000

    0.3000    2.0000

    0.3000    2.0000

    0.3000    2.0000

    0.3000    2.0000

    0.3000    2.0000

    0.3000    2.0000

    0.3000    2.0000

    0.3000    2.0000

    0.3000    2.0000

    0.3000    2.0000

    0.3000    2.0000

    0.3000    2.0000

    0.3000    2.0000

    0.3000    2.0000

    0.3000    2.0000

    0.3000    2.0000

    0.3000    1.0000

    0.3000    2.0000

    0.3000    2.0000

    0.3000    2.0000

    0.3000    1.0000

    0.3000    2.0000

    0.3000    2.0000

    0.3000    2.0000

    0.3000    1.0000

    0.3000    2.0000

    0.3000    2.0000

    0.3000    2.0000

    0.3000    1.0000

   51             1980        -0.03623        -0.03623        1
    0.3000    2.0000

Optimization terminated: average change in the penalty fitness value less than options.FunctionTolerance
and constraint violation is less than options.ConstraintTolerance.

ans =

    'Time passed (hours): '

    0.0129

Fitness function has reached the value: 
-0.036235
Algorithm outputs the given Length parameters: 
0.3           2
H
    0.0744    2.0000

    0.0817    4.0000

    0.2783    4.0000

    0.2081    2.0000

    0.2481    2.0000

    0.2789    2.0000

    0.1554    4.0000

    0.0855    2.0000

    0.2623    2.0000

    0.0589    2.0000

    0.2139    3.0000

    0.2899    1.0000

    0.1196    3.0000

    0.0894    1.0000

    0.2912    4.0000

    0.2894    3.0000

    0.1867    3.0000

    0.1192    3.0000

    0.0580    1.0000

    0.0586    2.0000

    0.2501    2.0000

    0.1713    2.0000

    0.2893    3.0000

    0.2926    3.0000

    0.0743    3.0000

    0.0615    2.0000

    0.1597    2.0000

    0.2237    2.0000

    0.2559    3.0000

    0.2876    2.0000

    0.2139    2.0000

    0.1481    2.0000

    0.1293    2.0000

    0.2358    2.0000

    0.2394    4.0000

    0.2197    3.0000

    0.2835    4.0000

    0.2265    3.0000

    0.0928    2.0000

    0.1454    4.0000


                                  Best          Mean         Stall
Generation      Func-count     Penalty         Penalty    Generations
    0.0629    1.0000

    0.2876    2.0000

    0.2789    2.0000

    0.2438    2.0000

    0.1941    4.0000

    0.2973    2.0000

    0.2619    4.0000

    0.2518    2.0000

    0.2850    4.0000

    0.2897    1.0000

    0.2566    4.0000

    0.2246    3.0000

    0.2268    2.0000

    0.2900    3.0000

    0.2781    3.0000

    0.2523    2.0000

    0.1597    2.0000

    0.2197    3.0000

    0.2358    2.0000

    0.2893    4.0000

    0.2326    2.0000

    0.2859    2.0000

    0.2906    1.0000

    0.2899    3.0000

    0.2467    2.0000

    0.2794    1.0000

    0.2404    4.0000

    0.2876    2.0000

    0.2750    1.0000

    0.0511    1.0000

    0.2490    4.0000

    0.2784    2.0000

    0.2912    4.0000

    0.2795    1.0000

    0.1561    2.0000

    0.2867    3.0000

    0.0871    4.0000

    0.1546    2.0000

    0.2494    2.0000

    0.1481    3.0000

    1               80        -0.03623        -0.03623        0
    0.2882    3.0000

    0.2183    2.0000

    0.1294    3.0000

    0.2885    2.0000

    0.2794    2.0000

    0.0650    2.0000

    0.2897    2.0000

    0.2451    2.0000

    0.2926    1.0000

    0.2678    2.0000

    0.2927    2.0000

    0.2467    2.0000

    0.1791    4.0000

    0.2818    1.0000

    0.2793    1.0000

    0.2904    4.0000

    0.2811    3.0000

    0.1980    2.0000

    0.2500    2.0000

    0.2636    3.0000

    0.2872    1.0000

    0.2899    1.0000

    0.2789    1.0000

    0.2246    2.0000

    0.2460    2.0000

    0.2776    2.0000

    0.2916    4.0000

    0.2324    2.0000

    0.2927    2.0000

    0.2795    1.0000

    0.1177    4.0000

    0.2382    2.0000

    0.2268    1.0000

    0.2859    1.0000

    0.1693    2.0000

    0.2801    4.0000

    0.2283    2.0000

    0.2897    1.0000

    2              118        -0.03623        -0.03623        1
    0.2861    1.0000

    0.1706    3.0000

    0.2874    2.0000

    0.2834    3.0000

    0.2271    2.0000

    0.2875    2.0000

    0.2903    1.0000

    0.2466    2.0000

    0.1146    2.0000

    0.2323    2.0000

    0.2894    1.0000

    0.2347    2.0000

    0.2897    3.0000

    0.2478    2.0000

    0.2452    2.0000

    0.2454    2.0000

    0.2467    2.0000

    0.2912    2.0000

    0.2897    2.0000

    0.2788    2.0000

    0.2229    2.0000

    0.2703    1.0000

    0.2242    2.0000

    0.2902    2.0000

    0.2927    2.0000

    0.2496    2.0000

    0.2749    2.0000

    0.2283    1.0000

    0.2916    4.0000

    0.2875    2.0000

    0.2833    2.0000

    0.2801    4.0000

    0.2878    1.0000

    0.1793    1.0000

    0.2973    2.0000

    0.2324    1.0000

    0.2415    1.0000

    0.2469    3.0000

    3              156        -0.03623        -0.03623        0
    0.2973    2.0000

Optimization terminated: stop requested from plot function.

ans =

    'Time passed (hours): '

    0.0017

Fitness function has reached the value: 
-0.036235
Algorithm outputs the given Length parameters: 
0.29732           2
E
    0.0817    4.0000

    0.2783    4.0000

    0.2081    2.0000

    0.0744    2.0000

    0.1196    3.0000

    0.0894    1.0000

    0.2912    4.0000

    0.2894    3.0000

    0.1867    3.0000

    0.2501    2.0000

    0.1713    2.0000

    0.2893    3.0000

    0.2926    3.0000

    0.2481    2.0000

    0.2789    2.0000

    0.1554    4.0000

    0.0855    2.0000

    0.2623    2.0000

    0.0589    2.0000

    0.2139    3.0000

    0.2899    1.0000

    0.2265    3.0000

    0.0928    2.0000

    0.2358    2.0000

    0.2394    4.0000

    0.2197    3.0000

    0.2835    4.0000

    0.2139    2.0000

    0.1481    2.0000

    0.1293    2.0000

    0.0743    3.0000

    0.0615    2.0000

    0.1454    4.0000

    0.2237    2.0000

    0.2559    3.0000

    0.0586    2.0000

    0.2876    2.0000

    0.1192    3.0000

    0.0580    1.0000

    0.1597    2.0000


                                  Best          Mean         Stall
Generation      Func-count     Penalty         Penalty    Generations
{Operation terminated by user during <a href="matlab:matlab.internal.language.introspective.errorDocCallback('distcomp.remoteparfor/buildParforController', 'D:\Program Files\MATLAB\R2021a\toolbox\parallel\distcomp\+distcomp\remoteparfor.m', 167)" style="font-weight:bold">distcomp.remoteparfor/buildParforController</a>
(<a href="matlab: opentoline('D:\Program Files\MATLAB\R2021a\toolbox\parallel\distcomp\+distcomp\remoteparfor.m',167,0)">line 167</a>)


In <a href="matlab:matlab.internal.language.introspective.errorDocCallback('distcomp.remoteparfor', 'D:\Program Files\MATLAB\R2021a\toolbox\parallel\distcomp\+distcomp\remoteparfor.m', 310)" style="font-weight:bold">distcomp.remoteparfor</a> (<a href="matlab: opentoline('D:\Program Files\MATLAB\R2021a\toolbox\parallel\distcomp\+distcomp\remoteparfor.m',310,0)">line 310</a>)
            obj.buildParforController();

In <a href="matlab:matlab.internal.language.introspective.errorDocCallback('parallel.parfor.PoolOptions/createEngine', 'D:\Program Files\MATLAB\R2021a\toolbox\parallel\cluster\+parallel\+parfor\PoolOptions.m', 35)" style="font-weight:bold">parallel.parfor.PoolOptions/createEngine</a> (<a href="matlab: opentoline('D:\Program Files\MATLAB\R2021a\toolbox\parallel\cluster\+parallel\+parfor\PoolOptions.m',35,0)">line 35</a>)
                engine = distcomp.remoteparfor(...

In <a href="matlab:matlab.internal.language.introspective.errorDocCallback('parallel_function>@(initData,F)createEngine(M,initData,F)', 'D:\Program Files\MATLAB\R2021a\toolbox\matlab\lang\parallel_function.m', 441)" style="font-weight:bold">parallel_function>@(initData,F)createEngine(M,initData,F)</a> (<a href="matlab: opentoline('D:\Program Files\MATLAB\R2021a\toolbox\matlab\lang\parallel_function.m',441,0)">line 441</a>)
    engineBuilder = @(initData, F) createEngine(M, initData, F);

In <a href="matlab:matlab.internal.language.introspective.errorDocCallback('parallel_function', 'D:\Program Files\MATLAB\R2021a\toolbox\matlab\lang\parallel_function.m', 458)" style="font-weight:bold">parallel_function</a> (<a href="matlab: opentoline('D:\Program Files\MATLAB\R2021a\toolbox\matlab\lang\parallel_function.m',458,0)">line 458</a>)
        engine = engineBuilder({@make_channel, parfor_C}, F);

In <a href="matlab:matlab.internal.language.introspective.errorDocCallback('fcnvectorizer', 'D:\Program Files\MATLAB\R2021a\toolbox\globaloptim\globaloptim\private\fcnvectorizer.m', 16)" style="font-weight:bold">fcnvectorizer</a> (<a href="matlab: opentoline('D:\Program Files\MATLAB\R2021a\toolbox\globaloptim\globaloptim\private\fcnvectorizer.m',16,0)">line 16</a>)
        parfor (i = 1:popSize)

In gaminlppenaltyfcn

In gapenalty

In <a href="matlab:matlab.internal.language.introspective.errorDocCallback('stepGA', 'D:\Program Files\MATLAB\R2021a\toolbox\globaloptim\globaloptim\private\stepGA.m', 63)" style="font-weight:bold">stepGA</a> (<a href="matlab: opentoline('D:\Program Files\MATLAB\R2021a\toolbox\globaloptim\globaloptim\private\stepGA.m',63,0)">line 63</a>)
    nextScore = FitnessFcn(pop);

In <a href="matlab:matlab.internal.language.introspective.errorDocCallback('galincon', 'D:\Program Files\MATLAB\R2021a\toolbox\globaloptim\globaloptim\private\galincon.m', 67)" style="font-weight:bold">galincon</a> (<a href="matlab: opentoline('D:\Program Files\MATLAB\R2021a\toolbox\globaloptim\globaloptim\private\galincon.m',67,0)">line 67</a>)
        [score,population,state] =
        stepGA(score,population,options,state,GenomeLength,FitnessFcn);

In gapenalty

In gaminlp

In <a href="matlab:matlab.internal.language.introspective.errorDocCallback('ga', 'D:\Program Files\MATLAB\R2021a\toolbox\globaloptim\globaloptim\ga.m', 394)" style="font-weight:bold">ga</a> (<a href="matlab: opentoline('D:\Program Files\MATLAB\R2021a\toolbox\globaloptim\globaloptim\ga.m',394,0)">line 394</a>)
    [x,fval,exitFlag,output,population,scores] = gaminlp(FitnessFcn,nvars, ...

In <a href="matlab:matlab.internal.language.introspective.errorDocCallback('Ga', 'C:\Users\Ignatio Denton\Desktop\Darbas\2D RCWA\Ga.m', 25)" style="font-weight:bold">Ga</a> (<a href="matlab: opentoline('C:\Users\Ignatio Denton\Desktop\Darbas\2D RCWA\Ga.m',25,0)">line 25</a>)
    [vec_var_output, fval_output, eflag_output, ~] = ga(fun,L,A,b,Aeq,beq,...

In <a href="matlab:matlab.internal.language.introspective.errorDocCallback('Optimization', 'C:\Users\Ignatio Denton\Desktop\Darbas\2D RCWA\Optimization.m', 3)" style="font-weight:bold">Optimization</a> (<a href="matlab: opentoline('C:\Users\Ignatio Denton\Desktop\Darbas\2D RCWA\Optimization.m',3,0)">line 3</a>)
        [Params, Output, fval_output, eflag_output] = Ga(fitness, Params, lb, ub,
        distribution); % Genetic Algorithm - mixed problem

In <a href="matlab:matlab.internal.language.introspective.errorDocCallback('LiveEditorEvaluationHelperESectionEvalcd4537fb', 'C:\Users\Ignatio Denton\AppData\Local\Temp\Editor_dgkmj\LiveEditorEvaluationHelperESectionEvalcd4537fb.m', 231)" style="font-weight:bold">LiveEditorEvaluationHelperESectionEvalcd4537fb</a> (<a href="matlab: opentoline('C:\Users\Ignatio Denton\AppData\Local\Temp\Editor_dgkmj\LiveEditorEvaluationHelperESectionEvalcd4537fb.m',231,0)">line 231</a>)
            [~, Output, fval_output_G, eflag_output_G] = Optimization(fitness,...
} 
clc
close all
P.n_sub

ans =

   1.4700 + 0.0050i

clc
E
    0.0817    4.0000

    0.2783    4.0000

    0.2081    2.0000

    0.0744    2.0000

    0.1196    3.0000

    0.0894    1.0000

    0.2912    4.0000

    0.2894    3.0000

    0.1867    3.0000

    0.2501    2.0000

    0.1713    2.0000

    0.2893    3.0000

    0.2926    3.0000

    0.2481    2.0000

    0.2789    2.0000

    0.1554    4.0000

    0.0855    2.0000

    0.2623    2.0000

    0.0589    2.0000

    0.2139    3.0000

    0.2899    1.0000

    0.2358    2.0000

    0.2394    4.0000

    0.2197    3.0000

    0.2835    4.0000

    0.2265    3.0000

    0.0928    2.0000

    0.0586    2.0000

    0.2237    2.0000

    0.2559    3.0000

    0.1454    4.0000

    0.0743    3.0000

    0.0615    2.0000

    0.1597    2.0000

    0.2139    2.0000

    0.1481    2.0000

    0.1293    2.0000

    0.1192    3.0000

    0.0580    1.0000

    0.2876    2.0000


                                  Best          Mean         Stall
Generation      Func-count     Penalty         Penalty    Generations
    0.0629    1.0000

    0.2876    2.0000

    0.2900    3.0000

    0.2781    3.0000

    0.2523    2.0000

    0.1597    2.0000

    0.2789    2.0000

    0.2438    2.0000

    0.1941    4.0000

    0.2973    2.0000

    0.2619    4.0000

    0.2518    2.0000

    0.2899    3.0000

    0.2467    2.0000

    0.2794    1.0000

    0.2404    4.0000

    0.2850    4.0000

    0.2897    1.0000

    0.2566    4.0000

    0.2246    3.0000

    0.2490    4.0000

    0.2784    2.0000

    0.2268    2.0000

    0.2795    1.0000

    0.1561    2.0000

    0.2867    3.0000

    0.0871    4.0000

    0.2326    2.0000

    0.2859    2.0000

    0.2893    4.0000

    0.2876    2.0000

    0.2750    1.0000

    0.0511    1.0000

    0.1546    2.0000

    0.2494    2.0000

    0.2906    1.0000

    0.2912    4.0000

    0.2197    3.0000

    0.2358    2.0000

    0.1481    3.0000

    1               80        -0.03632        -0.03632        0
    0.2882    3.0000

    0.2183    2.0000

    0.1294    3.0000

    0.2885    2.0000

    0.2794    2.0000

    0.2451    2.0000

    0.2926    1.0000

    0.2678    2.0000

    0.2927    2.0000

    0.2467    2.0000

    0.1791    4.0000

    0.2818    1.0000

    0.2793    1.0000

    0.2904    4.0000

    0.2811    3.0000

    0.1980    2.0000

    0.2500    2.0000

    0.0650    2.0000

    0.2897    2.0000

    0.2636    3.0000

    0.2872    1.0000

    0.2899    1.0000

    0.2324    2.0000

    0.2927    2.0000

    0.2283    2.0000

    0.2897    1.0000

    0.2460    2.0000

    0.2776    2.0000

    0.2916    4.0000

    0.1177    4.0000

    0.2382    2.0000

    0.2268    1.0000

    0.2795    1.0000

    0.2246    2.0000

    0.1693    2.0000

    0.2801    4.0000

    0.2789    1.0000

    0.2859    1.0000

    2              118        -0.03632        -0.03632        1
    0.1706    3.0000

    0.2861    1.0000

    0.2874    2.0000

    0.2834    3.0000

    0.2271    2.0000

    0.2875    2.0000

    0.2903    1.0000

    0.2466    2.0000

    0.1146    2.0000

    0.2323    2.0000

    0.2894    1.0000

    0.2347    2.0000

    0.2897    3.0000

    0.2478    2.0000

    0.2452    2.0000

    0.2454    2.0000

    0.2467    2.0000

    0.2912    2.0000

    0.2897    2.0000

    0.2788    2.0000

    0.2496    2.0000

    0.2749    2.0000

    0.2229    2.0000

    0.2703    1.0000

    0.2927    2.0000

    0.2878    1.0000

    0.1793    1.0000

    0.2283    1.0000

    0.2324    1.0000

    0.2242    2.0000

    0.2902    2.0000

    0.2801    4.0000

    0.2875    2.0000

    0.2833    2.0000

    0.2973    2.0000

    0.2916    4.0000

    0.2415    1.0000

    0.2469    3.0000

    3              156        -0.03632        -0.03632        0
    0.2895    2.0000

    0.2470    2.0000

    0.2874    2.0000

    0.2893    2.0000

    0.2773    2.0000

    0.2788    2.0000

    0.2313    2.0000

    0.2493    2.0000

    0.2219    2.0000

    0.2895    3.0000

    0.2910    2.0000

    0.2877    1.0000

    0.2289    2.0000

    0.1757    2.0000

    0.2568    2.0000

    0.2999    2.0000

    0.2779    2.0000

    0.2889    2.0000

    0.2885    3.0000

    0.2326    2.0000

    0.2934    2.0000

    0.2454    2.0000

    0.2868    2.0000

    0.2462    2.0000

    0.2801    4.0000

    0.2797    2.0000

    0.2844    2.0000

    0.2912    2.0000

    0.2912    2.0000

    0.2970    2.0000

    0.2947    2.0000

    0.2467    3.0000

    0.2819    2.0000

    0.2937    2.0000

    0.1962    1.0000

    0.2406    1.0000

    0.2506    1.0000

    0.2912    3.0000

    4              194        -0.03632        -0.03632        0
    0.2937    2.0000

    0.2931    2.0000

    0.2878    2.0000

    0.2968    2.0000

    0.2492    3.0000

    0.2932    2.0000

    0.2891    2.0000

    0.2967    2.0000

    0.2867    2.0000

    0.2886    2.0000

    0.2248    2.0000

    0.3000    2.0000

    0.2877    3.0000

    0.2716    2.0000

    0.1953    3.0000

    0.2774    2.0000

    0.2815    2.0000

    0.2791    2.0000

    0.2851    2.0000

    0.2911    2.0000

    0.2936    2.0000

    0.1279    2.0000

    0.2912    2.0000

    0.2823    2.0000

    0.2868    1.0000

    0.2374    2.0000

    0.2840    2.0000

    0.2819    3.0000

    0.2912    2.0000

    0.2971    2.0000

    0.2869    2.0000

    0.2889    2.0000

    0.2912    2.0000

    0.2876    3.0000

    0.2986    1.0000

    0.2999    1.0000

    0.2912    3.0000

    0.2916    2.0000

    5              232        -0.03632        -0.03632        0
    0.2749    2.0000

    0.2828    2.0000

    0.2911    2.0000

    0.2993    2.0000

    0.2900    2.0000

    0.2971    2.0000

    0.2961    2.0000

    0.2929    2.0000

    0.2863    2.0000

    0.2787    2.0000

    0.2889    2.0000

    0.2967    2.0000

    0.2973    2.0000

    0.2916    3.0000

    0.2841    2.0000

    0.2757    3.0000

    0.2869    2.0000

    0.2874    2.0000

    0.1473    2.0000

    0.2733    2.0000

    0.2912    2.0000

    0.2820    2.0000

    0.2937    2.0000

    0.2877    2.0000

    0.2937    1.0000

    0.2847    2.0000

    0.2935    2.0000

    0.2968    2.0000

    0.2973    1.0000

    0.2942    2.0000

    0.2746    2.0000

    0.2916    2.0000

    0.2973    2.0000

    0.2401    2.0000

    0.2972    2.0000

    0.2719    2.0000

    0.2937    1.0000

    0.2774    2.0000

    6              270        -0.03632        -0.03632        1
    0.2824    2.0000

    0.2480    2.0000

    0.2859    2.0000

    0.2971    2.0000

    0.2973    2.0000

    0.2965    2.0000

    0.2868    2.0000

    0.2911    2.0000

    0.2984    3.0000

    0.2889    2.0000

    0.2958    2.0000

    0.2725    2.0000

    0.2937    2.0000

    0.2936    2.0000

    0.2915    2.0000

    0.2987    2.0000

    0.2971    2.0000

    0.2907    2.0000

    0.1681    2.0000

    0.2946    2.0000

    0.2937    2.0000

    0.2910    2.0000

    0.2971    2.0000

    0.2811    2.0000

    0.2969    2.0000

    0.2851    2.0000

    0.2820    4.0000

    0.2821    2.0000

    0.2898    2.0000

    0.2933    2.0000

    0.2971    1.0000

    0.2732    3.0000

    0.2998    2.0000

    0.2871    2.0000

    0.2971    2.0000

    0.2967    2.0000

    0.2975    2.0000

    0.2977    1.0000

    7              308        -0.03632        -0.03632        2
    0.2821    2.0000

    0.2959    2.0000

    0.2941    2.0000

    0.2908    2.0000

    0.2971    2.0000

    0.2879    2.0000

    0.2935    2.0000

    0.2941    2.0000

    0.2931    2.0000

    0.2971    2.0000

    0.2932    2.0000

    0.2938    2.0000

    0.2972    2.0000

    0.2919    2.0000

    0.2845    2.0000

    0.2903    2.0000

    0.2831    2.0000

    0.2998    2.0000

    0.2973    2.0000

    0.2922    2.0000

    0.2959    2.0000

    0.2958    2.0000

    0.2933    2.0000

    0.2943    2.0000

    0.2971    1.0000

    0.2910    2.0000

    0.2948    2.0000

    0.2987    2.0000

    0.2481    1.0000

    0.2999    2.0000

    0.2969    2.0000

    0.2978    2.0000

    0.2969    2.0000

    0.2971    2.0000

    0.2967    2.0000

    0.2941    2.0000

    0.2946    4.0000

    0.2972    2.0000

    8              346        -0.03632        -0.03632        3
    0.2968    2.0000

    0.2873    2.0000

    0.2929    2.0000

    0.3000    2.0000

    0.1651    2.0000

    0.2932    2.0000

    0.2980    2.0000

    0.2971    2.0000

    0.2945    2.0000

    0.2813    2.0000

    0.2958    2.0000

    0.2971    2.0000

    0.2978    2.0000

    0.2994    2.0000

    0.2999    2.0000

    0.2943    2.0000

    0.2979    2.0000

    0.2958    2.0000

    0.2971    2.0000

    0.2933    2.0000

    0.3000    2.0000

    0.2969    2.0000

    0.2954    1.0000

    0.2972    2.0000

    0.2979    2.0000

    0.2997    2.0000

    0.2971    3.0000

    0.2821    2.0000

    0.2998    2.0000

    0.2911    2.0000

    0.2955    2.0000

    0.2875    2.0000

    0.2947    2.0000

    0.2944    2.0000

    0.2972    2.0000

    0.2966    2.0000

    0.2959    2.0000

    0.2972    1.0000

    9              384        -0.03632        -0.03632        4
    0.1145    2.0000

    0.3000    2.0000

    0.2933    2.0000

    0.2942    2.0000

    0.0870    2.0000

    0.2947    2.0000

    0.2945    2.0000

    0.2769    2.0000

    0.2932    2.0000

    0.2981    2.0000

    0.2125    2.0000

    0.2998    2.0000

    0.2969    2.0000

    0.2953    2.0000

    0.2979    2.0000

    0.2969    2.0000

    0.2967    2.0000

    0.2966    2.0000

    0.3000    2.0000

    0.2967    2.0000

    0.2971    2.0000

    0.1749    2.0000

    0.2987    2.0000

    0.2972    2.0000

    0.2983    2.0000

    0.2971    2.0000

    0.2958    2.0000

    0.2974    3.0000

    0.2969    2.0000

    0.2943    2.0000

    0.3000    1.0000

    0.3000    1.0000

    0.2972    2.0000

    0.2942    2.0000

    0.2945    2.0000

    0.2999    2.0000

    0.2945    2.0000

    0.2972    2.0000

   10              422        -0.03632        -0.03632        0
    0.2968    2.0000

    0.2935    2.0000

    0.2972    2.0000

    0.2938    2.0000

    0.2989    2.0000

    0.2931    2.0000

    0.2967    2.0000

    0.2977    2.0000

    0.2974    2.0000

    0.2969    2.0000

    0.2981    2.0000

    0.2982    2.0000

    0.2971    2.0000

    0.2994    2.0000

    0.2946    2.0000

    0.2942    2.0000

    0.2972    2.0000

    0.2981    2.0000

    0.2999    2.0000

    0.1974    2.0000

    0.2965    2.0000

    0.2984    2.0000

    0.3000    2.0000

    0.2001    2.0000

    0.2987    3.0000

    0.2975    2.0000

    0.2976    2.0000

    0.2969    2.0000

    0.2972    2.0000

    0.2985    2.0000

    0.2958    3.0000

    0.3000    3.0000

    0.2985    2.0000

    0.2969    2.0000

    0.2972    2.0000

    0.2972    2.0000

    0.3000    2.0000

    0.2968    2.0000

   11              460        -0.03632        -0.03632        1
    0.2984    2.0000

    0.2979    2.0000

    0.2976    2.0000

    0.2971    2.0000

    0.2964    2.0000

    0.2975    2.0000

    0.2976    2.0000

    0.2992    2.0000

    0.2981    2.0000

    0.2996    2.0000

    0.2981    2.0000

    0.2974    2.0000

    0.2969    2.0000

    0.2983    2.0000

    0.1541    2.0000

    0.2986    2.0000

    0.2980    2.0000

    0.2988    2.0000

    0.2994    2.0000

    0.2976    2.0000

    0.2969    2.0000

    0.0536    2.0000

    0.2984    2.0000

    0.2965    2.0000

    0.2969    2.0000

    0.2933    2.0000

    0.2994    1.0000

    0.2981    1.0000

    0.2982    2.0000

    0.2978    2.0000

    0.2969    1.0000

    0.3000    2.0000

    0.2982    1.0000

    0.3000    2.0000

    0.2969    2.0000

    0.2976    2.0000

    0.2943    1.0000

    0.3000    1.0000

   12              498        -0.03632        -0.03632        0
    0.2974    2.0000

    0.2973    2.0000

    0.2997    2.0000

    0.2988    2.0000

    0.2977    2.0000

    0.2977    2.0000

    0.2969    1.0000

    0.3000    2.0000

    0.2975    2.0000

    0.2985    2.0000

    0.2980    2.0000

    0.2982    2.0000

    0.3000    2.0000

    0.2987    2.0000

    0.2985    2.0000

    0.2982    2.0000

    0.2975    2.0000

    0.2976    2.0000

    0.2999    2.0000

    0.3000    2.0000

    0.2994    2.0000

    0.2971    2.0000

    0.2982    2.0000

    0.2967    2.0000

    0.2986    2.0000

    0.2976    3.0000

    0.2991    2.0000

    0.2905    2.0000

    0.2996    1.0000

    0.2982    2.0000

    0.2981    2.0000

    0.2997    2.0000

    0.2979    2.0000

    0.2990    1.0000

    0.1583    2.0000

    0.2965    2.0000

    0.2992    1.0000

    0.2969    2.0000

   13              536        -0.03632        -0.03632        0
    0.2997    2.0000

    0.2995    2.0000

    0.2987    2.0000

    0.2982    2.0000

    0.2982    2.0000

    0.2975    2.0000

    0.2999    2.0000

    0.2998    2.0000

    0.0906    2.0000

    0.2982    2.0000

    0.2988    2.0000

    0.2980    2.0000

    0.2978    2.0000

    0.2988    2.0000

    0.3000    2.0000

    0.2981    2.0000

    0.2994    2.0000

    0.3000    2.0000

    0.2982    2.0000

    0.2988    2.0000

    0.2997    2.0000

    0.2980    2.0000

    0.2996    2.0000

    0.2995    2.0000

    0.2976    2.0000

    0.2997    3.0000

    0.2982    2.0000

    0.2999    2.0000

    0.2982    1.0000

    0.2988    1.0000

    0.2994    3.0000

    0.0573    2.0000

    0.1343    2.0000

    0.2987    2.0000

    0.2994    2.0000

    0.2987    2.0000

    0.3000    2.0000

    0.2985    1.0000

   14              574        -0.03632        -0.03632        1
    0.2987    2.0000

    0.3000    2.0000

    0.2995    2.0000

    0.3000    2.0000

    0.2992    2.0000

    0.2999    2.0000

    0.2995    2.0000

    0.2996    2.0000

    0.2996    2.0000

    0.2999    2.0000

    0.2982    2.0000

    0.2996    2.0000

    0.2997    2.0000

    0.2988    4.0000

    0.2993    2.0000

    0.1674    2.0000

    0.2987    2.0000

    0.2986    2.0000

    0.2987    2.0000

    0.2986    2.0000

    0.2975    2.0000

    0.2994    2.0000

    0.3000    2.0000

    0.0930    2.0000

    0.2999    3.0000

    0.3000    1.0000

    0.2070    2.0000

    0.2977    2.0000

    0.3000    2.0000

    0.3000    2.0000

    0.2989    2.0000

    0.2997    2.0000

    0.2980    2.0000

    0.2997    2.0000

    0.2999    1.0000

    0.2988    2.0000

    0.2986    2.0000

    0.2988    2.0000

   15              612        -0.03632        -0.03632        0
    0.2982    2.0000

    0.2999    2.0000

    0.2991    2.0000

    0.3000    2.0000

    0.3000    2.0000

    0.2987    2.0000

    0.2985    2.0000

    0.2999    2.0000

    0.3000    3.0000

    0.2987    2.0000

    0.2993    2.0000

    0.2995    2.0000

    0.2995    2.0000

    0.3000    2.0000

    0.2990    2.0000

    0.2999    1.0000

    0.2994    2.0000

    0.2995    2.0000

    0.2995    2.0000

    0.2992    2.0000

    0.3000    2.0000

    0.3000    2.0000

    0.3000    2.0000

    0.3000    2.0000

    0.3000    2.0000

    0.2982    2.0000

    0.2992    2.0000

    0.2993    2.0000

    0.2991    2.0000

    0.2996    2.0000

    0.3000    3.0000

    0.3000    2.0000

    0.2996    1.0000

    0.3000    1.0000

    0.2997    2.0000

    0.2997    2.0000

    0.2980    2.0000

    0.2987    2.0000

   16              650        -0.03632        -0.03632        1
    0.2999    2.0000

    0.1888    2.0000

    0.2997    2.0000

    0.2991    2.0000

    0.2995    2.0000

    0.2186    2.0000

    0.2997    2.0000

    0.3000    2.0000

    0.3000    2.0000

    0.3000    2.0000

    0.2995    2.0000

    0.3000    2.0000

    0.3000    2.0000

    0.2996    2.0000

    0.2984    2.0000

    0.2996    2.0000

    0.2999    2.0000

    0.2987    2.0000

    0.2995    2.0000

    0.3000    2.0000

    0.3000    2.0000

    0.2947    2.0000

    0.2993    2.0000

    0.2989    2.0000

    0.2997    3.0000

    0.3000    4.0000

    0.2995    2.0000

    0.1919    2.0000

    0.2990    3.0000

    0.3000    2.0000

    0.3000    2.0000

    0.2987    2.0000

    0.3000    2.0000

    0.2995    2.0000

    0.2993    2.0000

    0.3000    2.0000

    0.3000    2.0000

    0.3000    1.0000

   17              688        -0.03632        -0.03632        0
    0.2999    2.0000

    0.3000    2.0000

    0.3000    2.0000

    0.2703    2.0000

    0.2999    2.0000

    0.1395    2.0000

    0.2993    2.0000

    0.2994    2.0000

    0.1284    2.0000

    0.3000    2.0000

    0.3000    2.0000

    0.2986    2.0000

    0.3000    2.0000

    0.3000    2.0000

    0.2997    2.0000

    0.3000    2.0000

    0.3000    2.0000

    0.2999    2.0000

    0.3000    1.0000

    0.2994    2.0000

    0.2991    2.0000

    0.2998    2.0000

    0.3000    2.0000

    0.2997    2.0000

    0.2749    2.0000

    0.3000    2.0000

    0.2997    3.0000

    0.2995    2.0000

    0.3000    2.0000

    0.2997    1.0000

    0.3000    2.0000

    0.2134    2.0000

    0.2996    2.0000

    0.3000    2.0000

    0.2996    2.0000

    0.2995    2.0000

    0.3000    2.0000

    0.3000    2.0000

   18              726        -0.03632        -0.03632        1
    0.0901    2.0000

    0.2986    2.0000

    0.3000    2.0000

    0.1275    2.0000

    0.2995    2.0000

    0.3000    2.0000

    0.3000    2.0000

    0.3000    2.0000

    0.2860    2.0000

    0.3000    2.0000

    0.2710    2.0000

    0.3000    2.0000

    0.3000    2.0000

    0.3000    2.0000

    0.2996    2.0000

    0.2991    2.0000

    0.3000    2.0000

    0.2998    2.0000

    0.2995    2.0000

    0.3000    2.0000

    0.3000    2.0000

    0.2700    2.0000

    0.3000    3.0000

    0.3000    2.0000

    0.3000    2.0000

    0.2999    2.0000

    0.3000    1.0000

    0.2993    2.0000

    0.3000    2.0000

    0.3000    3.0000

    0.3000    2.0000

    0.2999    2.0000

    0.2990    2.0000

    0.2999    2.0000

    0.3000    2.0000

    0.3000    2.0000

    0.2995    2.0000

    0.3000    2.0000

   19              764        -0.03632        -0.03632        0
    0.3000    2.0000

    0.3000    2.0000

    0.3000    2.0000

    0.3000    2.0000

    0.3000    2.0000

    0.3000    2.0000

    0.2998    2.0000

    0.0670    2.0000

    0.1309    2.0000

    0.2999    2.0000

    0.3000    2.0000

    0.2718    2.0000

    0.3000    2.0000

    0.3000    2.0000

    0.3000    2.0000

    0.3000    2.0000

    0.1588    2.0000

    0.3000    2.0000

    0.3000    2.0000

    0.3000    2.0000

    0.3000    2.0000

    0.3000    1.0000

    0.1472    2.0000

    0.3000    2.0000

    0.3000    1.0000

    0.3000    1.0000

    0.2991    2.0000

    0.3000    2.0000

    0.3000    2.0000

    0.3000    2.0000

    0.3000    3.0000

    0.3000    2.0000

    0.3000    2.0000

    0.3000    2.0000

    0.2656    2.0000

    0.3000    2.0000

    0.2999    1.0000

    0.3000    1.0000

   20              802        -0.03632        -0.03632        0
    0.3000    2.0000

    0.3000    2.0000

    0.1919    2.0000

    0.3000    2.0000

    0.3000    2.0000

    0.3000    2.0000

    0.2339    2.0000

    0.3000    2.0000

    0.3000    2.0000

    0.2999    3.0000

    0.3000    3.0000

    0.3000    2.0000

    0.3000    2.0000

    0.3000    2.0000

    0.3000    2.0000

    0.3000    2.0000

    0.3000    3.0000

    0.3000    2.0000

    0.2466    2.0000

    0.3000    2.0000

    0.3000    2.0000

    0.3000    2.0000

    0.3000    2.0000

    0.3000    2.0000

    0.3000    1.0000

    0.2233    2.0000

    0.2563    2.0000

    0.3000    2.0000

    0.1597    2.0000

    0.3000    2.0000

    0.3000    2.0000

    0.3000    2.0000

    0.3000    1.0000

    0.3000    2.0000

    0.2999    1.0000

    0.3000    2.0000

    0.3000    1.0000

    0.3000    1.0000

   21              840        -0.03632        -0.03632        0
    0.3000    2.0000

    0.3000    2.0000

    0.2596    2.0000

    0.3000    2.0000

    0.3000    2.0000

    0.3000    2.0000

    0.3000    2.0000

    0.3000    2.0000

    0.2711    1.0000

    0.3000    2.0000

    0.3000    2.0000

    0.3000    1.0000

    0.3000    1.0000

    0.3000    2.0000

    0.2184    2.0000

    0.3000    2.0000

    0.3000    2.0000

    0.3000    2.0000

    0.3000    2.0000

    0.3000    2.0000

    0.3000    2.0000

    0.1740    2.0000

    0.3000    2.0000

    0.3000    2.0000

    0.2896    2.0000

    0.3000    2.0000

    0.3000    1.0000

    0.3000    1.0000

    0.3000    2.0000

    0.3000    3.0000

    0.3000    2.0000

    0.3000    2.0000

    0.3000    3.0000

    0.3000    1.0000

    0.3000    4.0000

    0.3000    1.0000

    0.3000    2.0000

    0.3000    2.0000

   22              878        -0.03632        -0.03632        0
    0.2945    2.0000

    0.3000    2.0000

    0.3000    1.0000

    0.3000    2.0000

    0.3000    2.0000

    0.3000    2.0000

    0.3000    2.0000

    0.3000    2.0000

    0.3000    2.0000

    0.3000    2.0000

    0.3000    2.0000

    0.3000    2.0000

    0.3000    2.0000

    0.3000    2.0000

    0.2866    4.0000

    0.3000    2.0000

    0.3000    3.0000

    0.3000    2.0000

    0.3000    2.0000

    0.3000    2.0000

    0.3000    2.0000

    0.2888    2.0000

    0.2126    2.0000

    0.3000    2.0000

    0.3000    2.0000

    0.3000    2.0000

    0.3000    2.0000

    0.3000    2.0000

    0.3000    2.0000

    0.3000    1.0000

    0.3000    2.0000

    0.3000    2.0000

    0.3000    2.0000

    0.1888    2.0000

    0.3000    2.0000

    0.3000    1.0000

    0.3000    2.0000

    0.3000    1.0000

   23              916        -0.03632        -0.03632        0
    0.2876    4.0000

    0.3000    2.0000

    0.3000    2.0000

    0.3000    2.0000

    0.3000    2.0000

    0.3000    1.0000

    0.2784    2.0000

    0.3000    2.0000

    0.1530    2.0000

    0.3000    2.0000

    0.3000    2.0000

    0.3000    2.0000

    0.3000    2.0000

    0.3000    2.0000

    0.3000    2.0000

    0.3000    2.0000

    0.3000    2.0000

    0.3000    2.0000

    0.3000    2.0000

    0.3000    2.0000

    0.3000    2.0000

    0.3000    2.0000

    0.3000    2.0000

    0.3000    1.0000

    0.3000    2.0000

    0.3000    2.0000

    0.3000    2.0000

    0.3000    2.0000

    0.3000    2.0000

    0.3000    1.0000

    0.3000    2.0000

    0.1885    2.0000

    0.2891    1.0000

    0.3000    2.0000

    0.3000    2.0000

    0.2301    2.0000

    0.3000    2.0000

    0.3000    2.0000

   24              954        -0.03632        -0.03632        0
    0.3000    2.0000

    0.3000    2.0000

    0.3000    2.0000

    0.3000    2.0000

    0.3000    2.0000

    0.3000    2.0000

    0.3000    2.0000

    0.1818    2.0000

    0.3000    2.0000

    0.2199    2.0000

    0.3000    2.0000

    0.3000    2.0000

    0.3000    2.0000

    0.3000    2.0000

    0.3000    2.0000

    0.3000    2.0000

    0.3000    2.0000

    0.3000    2.0000

    0.2996    1.0000

    0.3000    2.0000

    0.3000    2.0000

    0.3000    2.0000

    0.3000    2.0000

    0.3000    2.0000

    0.3000    3.0000

    0.3000    1.0000

    0.3000    2.0000

    0.3000    2.0000

    0.2784    2.0000

    0.3000    2.0000

    0.3000    2.0000

    0.3000    1.0000

    0.3000    2.0000

    0.2336    2.0000

    0.3000    2.0000

    0.3000    2.0000

    0.3000    1.0000

    0.3000    1.0000

   25              992        -0.03632        -0.03632        0
    0.3000    2.0000

    0.3000    2.0000

    0.3000    2.0000

    0.3000    2.0000

    0.3000    2.0000

    0.3000    2.0000

    0.3000    2.0000

    0.3000    2.0000

    0.3000    3.0000

    0.3000    2.0000

    0.3000    2.0000

    0.3000    2.0000

    0.3000    2.0000

    0.3000    2.0000

    0.3000    2.0000

    0.3000    2.0000

    0.3000    2.0000

    0.3000    2.0000

    0.3000    2.0000

    0.3000    2.0000

    0.3000    1.0000

    0.3000    2.0000

    0.3000    2.0000

    0.3000    2.0000

    0.3000    1.0000

    0.3000    1.0000

    0.2839    2.0000

    0.3000    2.0000

    0.3000    2.0000

    0.3000    1.0000

    0.3000    1.0000

    0.3000    2.0000

    0.3000    2.0000

    0.3000    2.0000

    0.3000    1.0000

    0.3000    2.0000

    0.3000    2.0000

    0.3000    1.0000

   26             1030        -0.03632        -0.03632        0
    0.3000    2.0000

    0.3000    2.0000

    0.3000    2.0000

    0.3000    2.0000

    0.3000    2.0000

    0.3000    2.0000

    0.3000    2.0000

    0.3000    3.0000

    0.3000    2.0000

    0.3000    2.0000

    0.3000    2.0000

    0.1309    2.0000

    0.3000    2.0000

    0.3000    2.0000

    0.3000    2.0000

    0.3000    2.0000

    0.3000    2.0000

    0.3000    2.0000

    0.3000    2.0000

    0.3000    2.0000

    0.3000    2.0000

    0.3000    2.0000

    0.3000    2.0000

    0.3000    2.0000

    0.3000    1.0000

    0.3000    1.0000

    0.3000    2.0000

    0.3000    2.0000

    0.3000    2.0000

    0.3000    2.0000

    0.3000    2.0000

    0.3000    3.0000

    0.3000    2.0000

    0.3000    2.0000

    0.3000    2.0000

    0.3000    3.0000

    0.3000    1.0000

    0.2839    2.0000

   27             1068        -0.03632        -0.03632        0
    0.3000    2.0000

    0.3000    2.0000

    0.3000    2.0000

    0.3000    2.0000

    0.0563    2.0000

    0.3000    2.0000

    0.3000    2.0000

    0.3000    2.0000

    0.3000    2.0000

    0.3000    2.0000

    0.0613    2.0000

    0.3000    2.0000

    0.3000    2.0000

    0.2007    2.0000

    0.3000    2.0000

    0.3000    1.0000

    0.3000    2.0000

    0.3000    2.0000

    0.3000    2.0000

    0.3000    2.0000

    0.3000    2.0000

    0.3000    2.0000

    0.3000    1.0000

    0.3000    1.0000

    0.3000    2.0000

    0.3000    2.0000

    0.3000    2.0000

    0.1307    1.0000

    0.3000    2.0000

    0.3000    2.0000

    0.3000    2.0000

    0.3000    2.0000

    0.3000    2.0000

    0.3000    3.0000

    0.3000    2.0000

    0.3000    2.0000

    0.3000    2.0000

    0.3000    3.0000

   28             1106        -0.03632        -0.03632        1
    0.0781    2.0000

    0.2577    2.0000

    0.3000    2.0000

    0.3000    2.0000

    0.3000    2.0000

    0.3000    2.0000

    0.3000    2.0000

    0.3000    2.0000

    0.3000    2.0000

    0.3000    2.0000

    0.3000    2.0000

    0.3000    2.0000

    0.3000    2.0000

    0.3000    2.0000

    0.3000    2.0000

    0.3000    2.0000

    0.3000    2.0000

    0.3000    2.0000

    0.3000    2.0000

    0.3000    2.0000

    0.3000    2.0000

    0.3000    2.0000

    0.3000    2.0000

    0.3000    2.0000

    0.3000    2.0000

    0.3000    2.0000

    0.3000    2.0000

    0.3000    1.0000

    0.3000    3.0000

    0.3000    2.0000

    0.3000    2.0000

    0.3000    3.0000

    0.3000    2.0000

    0.1767    2.0000

    0.3000    2.0000

    0.3000    1.0000

    0.3000    1.0000

    0.3000    2.0000

   29             1144        -0.03632        -0.03632        0
    0.3000    2.0000

    0.3000    2.0000

    0.3000    2.0000

    0.3000    1.0000

    0.3000    2.0000

    0.3000    2.0000

    0.3000    2.0000

    0.3000    2.0000

    0.3000    2.0000

    0.3000    2.0000

    0.3000    2.0000

    0.3000    2.0000

    0.3000    2.0000

    0.2992    2.0000

    0.3000    2.0000

    0.3000    2.0000

    0.3000    2.0000

    0.3000    2.0000

    0.1221    2.0000

    0.3000    3.0000

    0.2217    2.0000

    0.3000    2.0000

    0.2096    2.0000

    0.3000    2.0000

    0.3000    2.0000

    0.3000    2.0000

    0.3000    2.0000

    0.2126    2.0000

    0.3000    1.0000

    0.3000    2.0000

    0.3000    2.0000

    0.3000    2.0000

    0.3000    2.0000

    0.3000    3.0000

    0.3000    2.0000

    0.3000    2.0000

    0.3000    1.0000

    0.3000    3.0000


                                  Best          Mean         Stall
Generation      Func-count     Penalty         Penalty    Generations
   30             1182        -0.03632        -0.03632        1
    0.3000    2.0000

    0.1112    2.0000

    0.1110    2.0000

    0.3000    2.0000

    0.1546    2.0000

    0.3000    2.0000

    0.3000    2.0000

    0.3000    2.0000

    0.3000    2.0000

    0.3000    2.0000

    0.3000    2.0000

    0.3000    2.0000

    0.3000    2.0000

    0.3000    2.0000

    0.3000    2.0000

    0.3000    2.0000

    0.3000    2.0000

    0.0961    2.0000

    0.3000    2.0000

    0.2186    2.0000

    0.3000    2.0000

    0.3000    2.0000

    0.3000    2.0000

    0.3000    2.0000

    0.3000    2.0000

    0.3000    3.0000

    0.3000    2.0000

    0.3000    2.0000

    0.3000    3.0000

    0.3000    2.0000

    0.3000    2.0000

    0.3000    1.0000

    0.3000    1.0000

    0.3000    3.0000

    0.3000    2.0000

    0.2871    2.0000

    0.3000    1.0000

    0.3000    1.0000

   31             1220        -0.03632        -0.03632        2
    0.3000    2.0000

    0.3000    2.0000

    0.3000    2.0000

    0.3000    2.0000

    0.3000    2.0000

    0.3000    2.0000

    0.0539    2.0000

    0.3000    2.0000

    0.3000    2.0000

    0.3000    2.0000

    0.3000    2.0000

    0.1788    2.0000

    0.3000    2.0000

    0.3000    2.0000

    0.3000    2.0000

    0.3000    2.0000

    0.2879    2.0000

    0.3000    2.0000

    0.3000    2.0000

    0.3000    2.0000

    0.3000    3.0000

    0.3000    2.0000

    0.3000    2.0000

    0.3000    2.0000

    0.1461    2.0000

    0.3000    4.0000

    0.3000    2.0000

    0.3000    2.0000

    0.3000    3.0000

    0.3000    1.0000

    0.3000    1.0000

    0.3000    2.0000

    0.3000    2.0000

    0.3000    2.0000

    0.3000    2.0000

    0.3000    2.0000

    0.2813    2.0000

    0.3000    2.0000

   32             1258        -0.03632        -0.03632        3
    0.0500    2.0000

    0.3000    2.0000

    0.3000    2.0000

    0.3000    2.0000

    0.1037    2.0000

    0.3000    2.0000

    0.3000    2.0000

    0.3000    2.0000

    0.3000    2.0000

    0.3000    2.0000

    0.3000    2.0000

    0.3000    2.0000

    0.3000    2.0000

    0.3000    2.0000

    0.3000    2.0000

    0.3000    2.0000

    0.3000    4.0000

    0.3000    2.0000

    0.3000    2.0000

    0.0902    2.0000

    0.3000    3.0000

    0.3000    2.0000

    0.3000    3.0000

    0.3000    2.0000

    0.3000    2.0000

    0.3000    2.0000

    0.3000    2.0000

    0.3000    2.0000

    0.1276    2.0000

    0.3000    1.0000

    0.3000    1.0000

    0.3000    2.0000

    0.3000    3.0000

    0.3000    3.0000

    0.3000    2.0000

    0.3000    2.0000

    0.3000    2.0000

    0.3000    2.0000

   33             1296        -0.03632        -0.03632        4
    0.2902    2.0000

    0.3000    2.0000

    0.3000    2.0000

    0.3000    2.0000

    0.3000    2.0000

    0.3000    2.0000

    0.3000    2.0000

    0.3000    2.0000

    0.3000    2.0000

    0.3000    2.0000

    0.3000    3.0000

    0.3000    2.0000

    0.3000    2.0000

    0.3000    2.0000

    0.3000    2.0000

    0.3000    2.0000

    0.2052    2.0000

    0.3000    2.0000

    0.3000    2.0000

    0.3000    2.0000

    0.3000    2.0000

    0.2050    2.0000

    0.3000    2.0000

    0.3000    3.0000

    0.3000    2.0000

    0.3000    2.0000

    0.3000    2.0000

    0.3000    2.0000

    0.3000    3.0000

    0.3000    1.0000

    0.3000    1.0000

    0.1975    2.0000

    0.3000    2.0000

    0.3000    1.0000

    0.2715    2.0000

    0.1600    2.0000

    0.3000    2.0000

    0.3000    2.0000

   34             1334        -0.03632        -0.03632        5
    0.3000    2.0000

    0.3000    2.0000

    0.3000    1.0000

    0.3000    2.0000

    0.3000    3.0000

    0.3000    2.0000

    0.3000    2.0000

    0.2233    2.0000

    0.3000    2.0000

    0.2720    2.0000

    0.3000    2.0000

    0.3000    2.0000

    0.3000    2.0000

    0.3000    2.0000

    0.3000    2.0000

    0.3000    2.0000

    0.3000    2.0000

    0.3000    2.0000

    0.3000    2.0000

    0.3000    2.0000

    0.3000    2.0000

    0.3000    2.0000

    0.3000    2.0000

    0.3000    2.0000

    0.3000    1.0000

    0.3000    4.0000

    0.1962    2.0000

    0.3000    2.0000

    0.3000    3.0000

    0.3000    1.0000

    0.3000    2.0000

    0.2046    2.0000

    0.3000    2.0000

    0.3000    3.0000

    0.3000    2.0000

    0.3000    2.0000

    0.3000    2.0000

    0.3000    1.0000

   35             1372        -0.03632        -0.03632        6
    0.0623    2.0000

    0.3000    2.0000

    0.3000    2.0000

    0.3000    4.0000

    0.3000    2.0000

    0.3000    2.0000

    0.3000    2.0000

    0.3000    2.0000

    0.3000    2.0000

    0.3000    2.0000

    0.3000    2.0000

    0.3000    2.0000

    0.3000    2.0000

    0.2989    2.0000

    0.1958    2.0000

    0.2244    1.0000

    0.3000    2.0000

    0.3000    2.0000

    0.3000    2.0000

    0.3000    3.0000

    0.3000    2.0000

    0.3000    2.0000

    0.3000    2.0000

    0.3000    2.0000

    0.3000    1.0000

    0.3000    1.0000

    0.3000    2.0000

    0.3000    2.0000

    0.2720    1.0000

    0.3000    2.0000

    0.3000    3.0000

    0.3000    2.0000

    0.3000    2.0000

    0.3000    1.0000

    0.3000    2.0000

    0.3000    2.0000

    0.3000    2.0000

    0.3000    1.0000

   36             1410        -0.03632        -0.03632        7
    0.3000    2.0000

    0.3000    2.0000

    0.1371    2.0000

    0.3000    2.0000

    0.3000    2.0000

    0.3000    2.0000

    0.3000    2.0000

    0.3000    2.0000

    0.3000    2.0000

    0.2344    2.0000

    0.3000    2.0000

    0.3000    2.0000

    0.3000    2.0000

    0.3000    2.0000

    0.3000    2.0000

    0.3000    1.0000

    0.3000    2.0000

    0.3000    2.0000

    0.2432    2.0000

    0.2883    2.0000

    0.3000    2.0000

    0.2812    2.0000

    0.3000    2.0000

    0.3000    2.0000

    0.3000    1.0000

    0.3000    2.0000

    0.3000    1.0000

    0.3000    1.0000

    0.3000    3.0000

    0.3000    2.0000

    0.3000    2.0000

    0.3000    2.0000

    0.3000    2.0000

    0.3000    3.0000

    0.3000    2.0000

    0.2555    2.0000

    0.3000    3.0000

    0.3000    3.0000

   37             1448        -0.03632        -0.03632        0
    0.0784    2.0000

    0.3000    2.0000

    0.3000    2.0000

    0.3000    2.0000

    0.3000    2.0000

    0.3000    3.0000

    0.3000    2.0000

    0.3000    2.0000

    0.3000    2.0000

    0.2819    2.0000

    0.1879    2.0000

    0.3000    1.0000

    0.3000    2.0000

    0.2359    2.0000

    0.3000    2.0000

    0.3000    2.0000

    0.3000    2.0000

    0.3000    2.0000

    0.3000    3.0000

    0.3000    2.0000

    0.3000    2.0000

    0.3000    2.0000

    0.2976    2.0000

    0.0718    2.0000

    0.2812    1.0000

    0.3000    2.0000

    0.3000    2.0000

    0.3000    2.0000

    0.3000    3.0000

    0.3000    2.0000

    0.3000    2.0000

    0.3000    3.0000

    0.3000    2.0000

    0.3000    2.0000

    0.3000    1.0000

    0.3000    1.0000

    0.3000    1.0000

    0.3000    1.0000

   38             1486        -0.03632        -0.03632        1
    0.3000    2.0000

    0.3000    2.0000

    0.3000    2.0000

    0.3000    2.0000

    0.3000    2.0000

    0.3000    2.0000

    0.0777    2.0000

    0.1866    2.0000

    0.3000    2.0000

    0.3000    2.0000

    0.3000    2.0000

    0.3000    4.0000

    0.3000    1.0000

    0.3000    2.0000

    0.2878    2.0000

    0.3000    2.0000

    0.2423    2.0000

    0.3000    2.0000

    0.1383    2.0000

    0.3000    2.0000

    0.0580    2.0000

    0.3000    2.0000

    0.3000    2.0000

    0.3000    2.0000

    0.3000    2.0000

    0.3000    3.0000

    0.3000    2.0000

    0.3000    2.0000

    0.2880    2.0000

    0.3000    1.0000

    0.3000    2.0000

    0.3000    1.0000

    0.3000    2.0000

    0.2769    2.0000

    0.2823    1.0000

    0.3000    3.0000

    0.3000    2.0000

    0.2812    1.0000

   39             1524        -0.03632        -0.03632        0
    0.2996    2.0000

    0.3000    2.0000

    0.3000    2.0000

    0.3000    2.0000

    0.3000    2.0000

    0.3000    2.0000

    0.3000    2.0000

    0.3000    2.0000

    0.3000    2.0000

    0.3000    2.0000

    0.3000    2.0000

    0.3000    2.0000

    0.3000    2.0000

    0.3000    2.0000

    0.3000    2.0000

    0.0515    2.0000

    0.3000    2.0000

    0.3000    2.0000

    0.3000    1.0000

    0.3000    1.0000

    0.2468    2.0000

    0.3000    2.0000

    0.3000    2.0000

    0.3000    2.0000

    0.3000    2.0000

    0.3000    2.0000

    0.3000    2.0000

    0.3000    1.0000

    0.3000    2.0000

    0.3000    3.0000

    0.2881    2.0000

    0.1689    2.0000

    0.2812    1.0000

    0.3000    3.0000

    0.3000    2.0000

    0.3000    2.0000

    0.3000    2.0000

    0.3000    2.0000

   40             1562        -0.03632        -0.03632        1
    0.3000    2.0000

    0.1480    2.0000

    0.3000    2.0000

    0.3000    2.0000

    0.3000    2.0000

    0.3000    2.0000

    0.3000    2.0000

    0.3000    2.0000

    0.3000    2.0000

    0.3000    2.0000

    0.3000    2.0000

    0.3000    2.0000

    0.3000    2.0000

    0.3000    2.0000

    0.3000    2.0000

    0.3000    2.0000

    0.3000    2.0000

    0.3000    2.0000

    0.3000    2.0000

    0.3000    2.0000

    0.3000    2.0000

    0.3000    2.0000

    0.3000    2.0000

    0.3000    2.0000

    0.3000    2.0000

    0.3000    1.0000

    0.3000    2.0000

    0.2999    2.0000

    0.3000    2.0000

    0.3000    3.0000

    0.3000    2.0000

    0.3000    1.0000

    0.3000    3.0000

    0.3000    1.0000

    0.3000    2.0000

    0.3000    2.0000

    0.3000    2.0000

    0.3000    3.0000

   41             1600        -0.03632        -0.03632        2
    0.3000    2.0000

    0.3000    2.0000

    0.3000    2.0000

    0.3000    2.0000

    0.3000    2.0000

    0.3000    2.0000

    0.3000    2.0000

    0.3000    1.0000

    0.3000    2.0000

    0.3000    2.0000

    0.3000    2.0000

    0.3000    2.0000

    0.3000    2.0000

    0.2825    2.0000

    0.3000    2.0000

    0.3000    2.0000

    0.3000    2.0000

    0.3000    2.0000

    0.3000    2.0000

    0.3000    2.0000

    0.3000    2.0000

    0.3000    2.0000

    0.1570    2.0000

    0.3000    2.0000

    0.3000    2.0000

    0.3000    2.0000

    0.3000    2.0000

    0.3000    1.0000

    0.3000    1.0000

    0.3000    2.0000

    0.1745    2.0000

    0.3000    2.0000

    0.3000    1.0000

    0.3000    2.0000

    0.3000    2.0000

    0.3000    2.0000

    0.3000    2.0000

    0.3000    2.0000

   42             1638        -0.03632        -0.03632        3
    0.3000    2.0000

    0.3000    2.0000

    0.3000    2.0000

    0.3000    2.0000

    0.3000    2.0000

    0.3000    2.0000

    0.3000    2.0000

    0.3000    2.0000

    0.3000    2.0000

    0.3000    2.0000

    0.3000    2.0000

    0.3000    2.0000

    0.3000    2.0000

    0.3000    3.0000

    0.3000    2.0000

    0.3000    2.0000

    0.3000    2.0000

    0.3000    2.0000

    0.3000    2.0000

    0.3000    2.0000

    0.3000    2.0000

    0.3000    2.0000

    0.3000    2.0000

    0.3000    2.0000

    0.3000    2.0000

    0.3000    2.0000

    0.3000    2.0000

    0.1783    2.0000

    0.3000    2.0000

    0.3000    2.0000

    0.3000    1.0000

    0.3000    2.0000

    0.3000    2.0000

    0.3000    1.0000

    0.3000    2.0000

    0.3000    2.0000

    0.3000    2.0000

    0.3000    3.0000

   43             1676        -0.03632        -0.03632        4
    0.3000    2.0000

    0.3000    2.0000

    0.3000    2.0000

    0.3000    2.0000

    0.3000    2.0000

    0.3000    2.0000

    0.3000    2.0000

    0.3000    2.0000

    0.3000    2.0000

    0.3000    2.0000

    0.3000    2.0000

    0.3000    2.0000

    0.3000    2.0000

    0.3000    2.0000

    0.3000    3.0000

    0.3000    2.0000

    0.3000    2.0000

    0.3000    2.0000

    0.3000    2.0000

    0.3000    2.0000

    0.3000    2.0000

    0.3000    2.0000

    0.3000    2.0000

    0.3000    2.0000

    0.3000    2.0000

    0.3000    1.0000

    0.3000    2.0000

    0.3000    2.0000

    0.3000    1.0000

    0.3000    1.0000

    0.3000    3.0000

    0.3000    2.0000

    0.3000    2.0000

    0.3000    1.0000

    0.3000    1.0000

    0.3000    2.0000

    0.3000    2.0000

    0.3000    2.0000

   44             1714        -0.03632        -0.03632        5
    0.3000    2.0000

    0.3000    2.0000

    0.3000    2.0000

    0.3000    2.0000

    0.3000    2.0000

    0.3000    2.0000

    0.3000    2.0000

    0.3000    2.0000

    0.3000    2.0000

    0.3000    2.0000

    0.3000    2.0000

    0.3000    2.0000

    0.3000    2.0000

    0.3000    2.0000

    0.3000    2.0000

    0.3000    2.0000

    0.3000    2.0000

    0.3000    2.0000

    0.3000    2.0000

    0.3000    2.0000

    0.3000    2.0000

    0.3000    2.0000

    0.3000    2.0000

    0.3000    2.0000

    0.3000    4.0000

    0.3000    2.0000

    0.3000    2.0000

    0.3000    2.0000

    0.3000    1.0000

    0.3000    2.0000

    0.3000    2.0000

    0.3000    2.0000

    0.3000    2.0000

    0.3000    2.0000

    0.3000    2.0000

    0.3000    2.0000

    0.3000    2.0000

    0.3000    1.0000

   45             1752        -0.03632        -0.03632        6
    0.3000    2.0000

    0.3000    2.0000

    0.3000    2.0000

    0.3000    2.0000

    0.0759    2.0000

    0.3000    2.0000

    0.3000    2.0000

    0.3000    2.0000

    0.3000    2.0000

    0.3000    2.0000

    0.3000    2.0000

    0.0924    3.0000

    0.3000    2.0000

    0.3000    2.0000

    0.3000    2.0000

    0.1093    2.0000

    0.1355    2.0000

    0.3000    2.0000

    0.3000    2.0000

    0.3000    2.0000

    0.3000    2.0000

    0.3000    2.0000

    0.3000    2.0000

    0.3000    2.0000

    0.3000    2.0000

    0.3000    2.0000

    0.3000    1.0000

    0.3000    2.0000

    0.3000    2.0000

    0.3000    1.0000

    0.3000    1.0000

    0.3000    2.0000

    0.3000    2.0000

    0.3000    1.0000

    0.3000    1.0000

    0.3000    2.0000

    0.3000    2.0000

    0.3000    3.0000

   46             1790        -0.03632        -0.03632        7
    0.3000    1.0000

    0.3000    2.0000

    0.3000    1.0000

    0.3000    2.0000

    0.3000    2.0000

    0.3000    2.0000

    0.3000    2.0000

    0.3000    2.0000

    0.3000    2.0000

    0.3000    2.0000

    0.3000    2.0000

    0.3000    2.0000

    0.3000    2.0000

    0.3000    2.0000

    0.3000    2.0000

    0.3000    2.0000

    0.3000    2.0000

    0.3000    2.0000

    0.3000    2.0000

    0.3000    2.0000

    0.3000    2.0000

    0.3000    2.0000

    0.3000    2.0000

    0.3000    1.0000

    0.3000    2.0000

    0.3000    2.0000

    0.3000    3.0000

    0.3000    2.0000

    0.3000    2.0000

    0.3000    2.0000

    0.3000    1.0000

    0.3000    2.0000

    0.3000    2.0000

    0.3000    3.0000

    0.3000    2.0000

    0.3000    2.0000

    0.3000    2.0000

    0.3000    2.0000

   47             1828        -0.03632        -0.03632        8
    0.3000    2.0000

    0.3000    2.0000

    0.3000    2.0000

    0.3000    2.0000

    0.3000    2.0000

    0.3000    2.0000

    0.3000    2.0000

    0.3000    2.0000

    0.3000    2.0000

    0.3000    2.0000

    0.3000    2.0000

    0.3000    2.0000

    0.3000    2.0000

    0.3000    1.0000

    0.3000    2.0000

    0.3000    2.0000

    0.3000    2.0000

    0.3000    2.0000

    0.3000    2.0000

    0.3000    2.0000

    0.3000    2.0000

    0.3000    2.0000

    0.3000    2.0000

    0.3000    2.0000

    0.3000    2.0000

    0.3000    2.0000

    0.3000    2.0000

    0.3000    2.0000

    0.3000    1.0000

    0.3000    2.0000

    0.3000    2.0000

    0.3000    2.0000

    0.3000    2.0000

    0.3000    2.0000

    0.3000    2.0000

    0.3000    2.0000

    0.3000    1.0000

    0.3000    2.0000

   48             1866        -0.03632        -0.03632        9
    0.3000    2.0000

    0.3000    2.0000

    0.3000    2.0000

    0.3000    2.0000

    0.3000    2.0000

    0.3000    2.0000

    0.3000    2.0000

    0.3000    2.0000

    0.2800    2.0000

    0.3000    2.0000

    0.3000    2.0000

    0.3000    2.0000

    0.3000    2.0000

    0.3000    2.0000

    0.3000    2.0000

    0.3000    2.0000

    0.3000    2.0000

    0.3000    2.0000

    0.3000    2.0000

    0.3000    2.0000

    0.3000    2.0000

    0.3000    2.0000

    0.3000    2.0000

    0.3000    2.0000

    0.3000    1.0000

    0.3000    2.0000

    0.3000    2.0000

    0.3000    3.0000

    0.3000    2.0000

    0.3000    2.0000

    0.3000    3.0000

    0.3000    2.0000

    0.3000    1.0000

    0.3000    2.0000

    0.3000    2.0000

    0.3000    2.0000

    0.3000    1.0000

    0.3000    2.0000

   49             1904        -0.03632        -0.03632       10
    0.3000    2.0000

    0.3000    2.0000

    0.3000    2.0000

    0.3000    2.0000

    0.3000    2.0000

    0.3000    2.0000

    0.3000    2.0000

    0.3000    2.0000

    0.3000    2.0000

    0.3000    2.0000

    0.3000    2.0000

    0.1622    2.0000

    0.3000    2.0000

    0.3000    2.0000

    0.3000    2.0000

    0.3000    2.0000

    0.3000    2.0000

    0.3000    2.0000

    0.3000    2.0000

    0.3000    2.0000

    0.3000    2.0000

    0.3000    2.0000

    0.3000    2.0000

    0.3000    2.0000

    0.3000    2.0000

    0.3000    1.0000

    0.3000    2.0000

    0.3000    2.0000

    0.3000    2.0000

    0.3000    3.0000

    0.3000    1.0000

    0.3000    2.0000

    0.3000    2.0000

    0.3000    3.0000

    0.3000    2.0000

    0.3000    2.0000

    0.3000    2.0000

    0.3000    1.0000

   50             1942        -0.03632        -0.03632       11
    0.3000    2.0000

    0.3000    2.0000

    0.3000    2.0000

    0.3000    2.0000

    0.3000    2.0000

    0.3000    2.0000

    0.3000    2.0000

    0.3000    2.0000

    0.3000    2.0000

    0.3000    2.0000

    0.3000    2.0000

    0.3000    2.0000

    0.3000    2.0000

    0.3000    2.0000

    0.3000    2.0000

    0.3000    2.0000

    0.3000    2.0000

    0.3000    2.0000

    0.3000    2.0000

    0.3000    2.0000

    0.3000    2.0000

    0.3000    2.0000

    0.3000    2.0000

    0.3000    3.0000

    0.3000    3.0000

    0.3000    2.0000

    0.3000    2.0000

    0.3000    2.0000

    0.3000    2.0000

    0.3000    3.0000

    0.3000    1.0000

    0.3000    2.0000

    0.3000    2.0000

    0.3000    3.0000

    0.3000    2.0000

    0.3000    2.0000

    0.3000    2.0000

    0.3000    2.0000

   51             1980        -0.03632        -0.03632       12
    0.3000    2.0000

Optimization terminated: average change in the penalty fitness value less than options.FunctionTolerance
and constraint violation is less than options.ConstraintTolerance.

ans =

    'Time passed (hours): '

    0.0129

Fitness function has reached the value: 
-0.036316
Algorithm outputs the given Length parameters: 
0.3           2
H
    0.0817    4.0000

    0.0894    1.0000

    0.2912    4.0000

    0.2894    3.0000

    0.1867    3.0000

    0.2783    4.0000

    0.2501    2.0000

    0.1713    2.0000

    0.2893    3.0000

    0.2926    3.0000

    0.2081    2.0000

    0.2481    2.0000

    0.2789    2.0000

    0.1554    4.0000

    0.0855    2.0000

    0.0744    2.0000

    0.2623    2.0000

    0.0589    2.0000

    0.2139    3.0000

    0.2899    1.0000

    0.1196    3.0000

    0.2358    2.0000

    0.2394    4.0000

    0.2197    3.0000

    0.2835    4.0000

    0.2139    2.0000

    0.1481    2.0000

    0.1293    2.0000

    0.2237    2.0000

    0.2559    3.0000

    0.1454    4.0000

    0.1192    3.0000

    0.0580    1.0000

    0.0586    2.0000

    0.2265    3.0000

    0.0928    2.0000

    0.2876    2.0000

    0.0743    3.0000

    0.0615    2.0000

    0.1597    2.0000


                                  Best          Mean         Stall
Generation      Func-count     Penalty         Penalty    Generations
    0.0629    1.0000

    0.2876    2.0000

    0.2789    2.0000

    0.2518    2.0000

    0.2899    3.0000

    0.2467    2.0000

    0.2794    1.0000

    0.2404    4.0000

    0.2850    4.0000

    0.2897    1.0000

    0.2566    4.0000

    0.2246    3.0000

    0.2268    2.0000

    0.2795    1.0000

    0.1561    2.0000

    0.2867    3.0000

    0.0871    4.0000

    0.2900    3.0000

    0.2781    3.0000

    0.2523    2.0000

    0.1597    2.0000

    0.2197    3.0000

    0.2388    1.0000

    0.0615    3.0000

    0.2438    2.0000

    0.1941    4.0000

    0.2973    2.0000

    0.2619    4.0000

    0.2883    1.0000

    0.2776    1.0000

    0.2910    3.0000

    0.1546    2.0000

    0.2494    2.0000

    0.1625    1.0000

    0.2490    4.0000

    0.2784    2.0000

    0.2899    1.0000

    0.2326    2.0000

    0.2859    2.0000

    0.2925    4.0000

    1               80        -0.03632        -0.03632        0
    0.2441    2.0000

    0.2789    2.0000

    0.2743    1.0000

    0.2771    2.0000

    0.2462    2.0000

    0.2842    2.0000

    0.2794    2.0000

    0.2142    2.0000

    0.2828    2.0000

    0.2880    4.0000

    0.0909    3.0000

    0.2539    1.0000

    0.2850    2.0000

    0.2861    2.0000

    0.1968    2.0000

    0.2644    2.0000

    0.2774    2.0000

    0.2265    2.0000

    0.2896    2.0000

    0.2398    3.0000

    0.2884    1.0000

    0.2872    2.0000

    0.2843    2.0000

    0.2815    2.0000

    0.2268    1.0000

    0.1683    1.0000

    0.2810    4.0000

    0.2926    4.0000

    0.2867    2.0000

    0.2907    2.0000

    0.2789    1.0000

    0.2860    2.0000

    0.2497    1.0000

    0.2057    4.0000

    0.2281    2.0000

    0.2776    2.0000

    0.2798    1.0000

    0.2897    1.0000

    2              118        -0.03632        -0.03632        1
    0.2880    4.0000

    0.2875    2.0000

    0.2860    2.0000

    0.2810    2.0000

    0.2775    4.0000

    0.2932    2.0000

    0.2826    2.0000

    0.2830    2.0000

    0.2774    2.0000

    0.2852    3.0000

    0.2877    3.0000

    0.2845    2.0000

    0.2885    3.0000

    0.2851    2.0000

    0.2692    2.0000

    0.2633    2.0000

    0.2821    2.0000

    0.2840    2.0000

    0.2839    2.0000

    0.2730    1.0000

    0.2784    2.0000

    0.2815    3.0000

    0.2793    2.0000

    0.2775    2.0000

    0.2794    2.0000

    0.2875    2.0000

    0.2865    2.0000

    0.2973    2.0000

    0.2774    1.0000

    0.2415    1.0000

    0.2829    3.0000

    0.2679    2.0000

    0.2776    2.0000

    0.2862    1.0000

    0.2906    2.0000

    0.2870    2.0000

    0.2539    1.0000

    0.2926    4.0000

    3              156        -0.03632        -0.03632        0
    0.2877    2.0000

    0.2860    2.0000

    0.2849    2.0000

    0.2906    2.0000

    0.2857    2.0000

    0.2843    2.0000

    0.2761    2.0000

    0.2868    3.0000

    0.2807    2.0000

    0.2969    2.0000

    0.2877    2.0000

    0.2972    2.0000

    0.2990    2.0000

    0.2779    2.0000

    0.2850    2.0000

    0.2761    2.0000

    0.2903    2.0000

    0.2971    2.0000

    0.2813    2.0000

    0.2929    2.0000

    0.2908    2.0000

    0.2898    3.0000

    0.2820    2.0000

    0.2820    2.0000

    0.2840    2.0000

    0.2837    2.0000

    0.2830    2.0000

    0.2793    3.0000

    0.2818    3.0000

    0.2945    2.0000

    0.2920    4.0000

    0.2846    2.0000

    0.2783    1.0000

    0.2815    2.0000

    0.2963    2.0000

    0.2844    2.0000

    0.2774    1.0000

    0.2851    1.0000

    4              194        -0.03632        -0.03632        0
    0.2827    2.0000

    0.2814    2.0000

    0.2845    2.0000

    0.2973    2.0000

    0.2797    2.0000

    0.2836    2.0000

    0.2913    2.0000

    0.2851    2.0000

    0.2938    2.0000

    0.2938    2.0000

    0.2840    2.0000

    0.2817    2.0000

    0.2854    2.0000

    0.2959    2.0000

    0.2846    2.0000

    0.2847    2.0000

    0.2888    2.0000

    0.2908    2.0000

    0.2817    2.0000

    0.2921    2.0000

    0.2905    2.0000

    0.2833    2.0000

    0.2860    1.0000

    0.2869    2.0000

    0.1505    2.0000

    0.2909    2.0000

    0.2877    2.0000

    0.2808    2.0000

    0.2844    2.0000

    0.2963    1.0000

    0.2991    4.0000

    0.2961    2.0000

    0.2932    2.0000

    0.2921    3.0000

    0.2973    2.0000

    0.2984    2.0000

    0.2838    2.0000

    0.2972    1.0000

    5              232        -0.03632        -0.03632        1
    0.2972    4.0000

    0.2841    2.0000

    0.2847    2.0000

    0.2991    2.0000

    0.2846    2.0000

    0.2777    2.0000

    0.2989    2.0000

    0.2852    2.0000

    0.2956    2.0000

    0.2851    2.0000

    0.2909    2.0000

    0.2938    2.0000

    0.2933    2.0000

    0.2897    2.0000

    0.2870    2.0000

    0.2969    2.0000

    0.2873    2.0000

    0.2970    2.0000

    0.1474    2.0000

    0.2997    2.0000

    0.2963    2.0000

    0.2937    2.0000

    0.2876    2.0000

    0.2964    2.0000

    0.2839    2.0000

    0.2913    3.0000

    0.2892    2.0000

    0.2900    2.0000

    0.2921    1.0000

    0.2852    2.0000

    0.2837    2.0000

    0.2932    3.0000

    0.2815    1.0000

    0.2912    2.0000

    0.2839    2.0000

    0.2969    2.0000

    0.2973    2.0000

    0.2973    2.0000

    6              270        -0.03632        -0.03632        0
    0.2940    2.0000

    0.2991    2.0000

    0.2995    2.0000

    0.2921    2.0000

    0.2986    2.0000

    0.2956    2.0000

    0.2956    2.0000

    0.2893    1.0000

    0.2983    2.0000

    0.1484    2.0000

    0.2945    2.0000

    0.2977    2.0000

    0.2998    2.0000

    0.2931    2.0000

    0.2969    2.0000

    0.2871    2.0000

    0.2966    2.0000

    0.2981    2.0000

    0.2841    2.0000

    0.2997    2.0000

    0.2975    2.0000

    0.2985    2.0000

{Operation terminated by user during <a href="matlab:matlab.internal.language.introspective.errorDocCallback('distcomp.remoteparfor/getCompleteIntervals', 'D:\Program Files\MATLAB\R2021a\toolbox\parallel\distcomp\+distcomp\remoteparfor.m', 379)" style="font-weight:bold">distcomp.remoteparfor/getCompleteIntervals</a>
(<a href="matlab: opentoline('D:\Program Files\MATLAB\R2021a\toolbox\parallel\distcomp\+distcomp\remoteparfor.m',379,0)">line 379</a>)


In <a href="matlab:matlab.internal.language.introspective.errorDocCallback('parallel_function>distributed_execution', 'D:\Program Files\MATLAB\R2021a\toolbox\matlab\lang\parallel_function.m', 741)" style="font-weight:bold">parallel_function>distributed_execution</a> (<a href="matlab: opentoline('D:\Program Files\MATLAB\R2021a\toolbox\matlab\lang\parallel_function.m',741,0)">line 741</a>)
        [tags, out] = P.getCompleteIntervals(chunkSize);

In <a href="matlab:matlab.internal.language.introspective.errorDocCallback('parallel_function', 'D:\Program Files\MATLAB\R2021a\toolbox\matlab\lang\parallel_function.m', 573)" style="font-weight:bold">parallel_function</a> (<a href="matlab: opentoline('D:\Program Files\MATLAB\R2021a\toolbox\matlab\lang\parallel_function.m',573,0)">line 573</a>)
    R = distributed_execution(...

In <a href="matlab:matlab.internal.language.introspective.errorDocCallback('fcnvectorizer', 'D:\Program Files\MATLAB\R2021a\toolbox\globaloptim\globaloptim\private\fcnvectorizer.m', 16)" style="font-weight:bold">fcnvectorizer</a> (<a href="matlab: opentoline('D:\Program Files\MATLAB\R2021a\toolbox\globaloptim\globaloptim\private\fcnvectorizer.m',16,0)">line 16</a>)
        parfor (i = 1:popSize)

In gaminlppenaltyfcn

In gapenalty

In <a href="matlab:matlab.internal.language.introspective.errorDocCallback('stepGA', 'D:\Program Files\MATLAB\R2021a\toolbox\globaloptim\globaloptim\private\stepGA.m', 63)" style="font-weight:bold">stepGA</a> (<a href="matlab: opentoline('D:\Program Files\MATLAB\R2021a\toolbox\globaloptim\globaloptim\private\stepGA.m',63,0)">line 63</a>)
    nextScore = FitnessFcn(pop);

In <a href="matlab:matlab.internal.language.introspective.errorDocCallback('galincon', 'D:\Program Files\MATLAB\R2021a\toolbox\globaloptim\globaloptim\private\galincon.m', 67)" style="font-weight:bold">galincon</a> (<a href="matlab: opentoline('D:\Program Files\MATLAB\R2021a\toolbox\globaloptim\globaloptim\private\galincon.m',67,0)">line 67</a>)
        [score,population,state] =
        stepGA(score,population,options,state,GenomeLength,FitnessFcn);

In gapenalty

In gaminlp

In <a href="matlab:matlab.internal.language.introspective.errorDocCallback('ga', 'D:\Program Files\MATLAB\R2021a\toolbox\globaloptim\globaloptim\ga.m', 394)" style="font-weight:bold">ga</a> (<a href="matlab: opentoline('D:\Program Files\MATLAB\R2021a\toolbox\globaloptim\globaloptim\ga.m',394,0)">line 394</a>)
    [x,fval,exitFlag,output,population,scores] = gaminlp(FitnessFcn,nvars, ...

In <a href="matlab:matlab.internal.language.introspective.errorDocCallback('Ga', 'C:\Users\Ignatio Denton\Desktop\Darbas\2D RCWA\Ga.m', 25)" style="font-weight:bold">Ga</a> (<a href="matlab: opentoline('C:\Users\Ignatio Denton\Desktop\Darbas\2D RCWA\Ga.m',25,0)">line 25</a>)
    [vec_var_output, fval_output, eflag_output, ~] = ga(fun,L,A,b,Aeq,beq,...

In <a href="matlab:matlab.internal.language.introspective.errorDocCallback('Optimization', 'C:\Users\Ignatio Denton\Desktop\Darbas\2D RCWA\Optimization.m', 3)" style="font-weight:bold">Optimization</a> (<a href="matlab: opentoline('C:\Users\Ignatio Denton\Desktop\Darbas\2D RCWA\Optimization.m',3,0)">line 3</a>)
        [Params, Output, fval_output, eflag_output] = Ga(fitness, Params, lb, ub,
        distribution); % Genetic Algorithm - mixed problem

In <a href="matlab:matlab.internal.language.introspective.errorDocCallback('LiveEditorEvaluationHelperESectionEvalcd4537fb', 'C:\Users\Ignatio Denton\AppData\Local\Temp\Editor_dgkmj\LiveEditorEvaluationHelperESectionEvalcd4537fb.m', 231)" style="font-weight:bold">LiveEditorEvaluationHelperESectionEvalcd4537fb</a> (<a href="matlab: opentoline('C:\Users\Ignatio Denton\AppData\Local\Temp\Editor_dgkmj\LiveEditorEvaluationHelperESectionEvalcd4537fb.m',231,0)">line 231</a>)
            [~, Output, fval_output_G, eflag_output_G] = Optimization(fitness,...
} 
obj_function

obj_function =

    'Rectangle'

Obj

Obj =

    'REF'

interface

interface =

    'DE4'

E
    0.0817    4.0000

    0.2783    4.0000

    0.2081    2.0000

    0.0744    2.0000

    0.1196    3.0000

    0.0894    1.0000

    0.2912    4.0000

    0.2894    3.0000

    0.1867    3.0000

    0.2501    2.0000

    0.1713    2.0000

    0.2893    3.0000

    0.2926    3.0000

    0.2481    2.0000

    0.2789    2.0000

    0.1554    4.0000

    0.0855    2.0000

    0.0743    3.0000

    0.0615    2.0000

    0.2623    2.0000

    0.0589    2.0000

    0.2139    3.0000

    0.2899    1.0000

    0.2358    2.0000

    0.2394    4.0000

    0.2197    3.0000

    0.2835    4.0000

    0.2265    3.0000

    0.0928    2.0000

    0.2876    2.0000

    0.2237    2.0000

    0.2559    3.0000

    0.1454    4.0000

    0.0586    2.0000

    0.2139    2.0000

    0.1481    2.0000

    0.1293    2.0000

    0.1192    3.0000

    0.0580    1.0000

    0.1597    2.0000


                                  Best          Mean         Stall
Generation      Func-count     Penalty         Penalty    Generations
    0.0629    1.0000

    0.2876    2.0000

    0.2900    3.0000

    0.2781    3.0000

    0.2523    2.0000

    0.1597    2.0000

    0.2789    2.0000

    0.2438    2.0000

    0.1941    4.0000

    0.2973    2.0000

    0.2619    4.0000

    0.2518    2.0000

    0.2899    3.0000

    0.2467    2.0000

    0.2794    1.0000

    0.2404    4.0000

    0.2850    4.0000

    0.2897    1.0000

    0.2566    4.0000

    0.2246    3.0000

    0.2490    4.0000

    0.2784    2.0000

    0.2268    2.0000

    0.2795    1.0000

    0.1561    2.0000

    0.2867    3.0000

    0.0871    4.0000

    0.1546    2.0000

    0.2494    2.0000

    0.2893    4.0000

    0.2876    2.0000

    0.2750    1.0000

    0.0511    1.0000

    0.2326    2.0000

    0.2859    2.0000

    0.1481    3.0000

    0.2912    4.0000

    0.2197    3.0000

    0.2358    2.0000

    0.2906    1.0000

    1               80        -0.03632        -0.03632        0
    0.2451    2.0000

    0.2882    3.0000

    0.2183    2.0000

    0.1294    3.0000

    0.2885    2.0000

    0.2794    2.0000

    0.0650    2.0000

    0.2897    2.0000

    0.2926    1.0000

    0.2678    2.0000

    0.2927    2.0000

    0.1177    4.0000

    0.2382    2.0000

    0.2467    2.0000

    0.1791    4.0000

    0.2818    1.0000

    0.2793    1.0000

    0.2904    4.0000

    0.2811    3.0000

    0.1980    2.0000

    0.2500    2.0000

    0.2636    3.0000

    0.2872    1.0000

    0.2899    1.0000

    0.2789    1.0000

    0.2246    2.0000

    0.2283    2.0000

    0.2859    1.0000

    0.2460    2.0000

    0.2776    2.0000

    0.2916    4.0000

    0.2324    2.0000

    0.2927    2.0000

    0.2268    1.0000

    0.2897    1.0000

    0.1693    2.0000

    0.2801    4.0000

    0.2795    1.0000

    2              118        -0.03632        -0.03632        1
    0.2861    1.0000

    0.1706    3.0000

    0.2874    2.0000

    0.2834    3.0000

    0.2271    2.0000

    0.2875    2.0000

    0.2903    1.0000

    0.2466    2.0000

    0.1146    2.0000

    0.2323    2.0000

    0.2894    1.0000

    0.2347    2.0000

    0.2897    3.0000

    0.2478    2.0000

    0.2452    2.0000

    0.2454    2.0000

    0.2467    2.0000

    0.2496    2.0000

    0.2749    2.0000

    0.2912    2.0000

    0.2897    2.0000

    0.2788    2.0000

    0.2875    2.0000

    0.2833    2.0000

    0.2973    2.0000

    0.2916    4.0000

    0.2878    1.0000

    0.1793    1.0000

    0.2927    2.0000

    0.2242    2.0000

    0.2902    2.0000

    0.2801    4.0000

    0.2415    1.0000

    0.2469    3.0000

    0.2229    2.0000

    0.2703    1.0000

    0.2283    1.0000

    0.2324    1.0000

    3              156        -0.03632        -0.03632        0
    0.2895    3.0000

    0.2470    2.0000

    0.2874    2.0000

    0.2893    2.0000

    0.2773    2.0000

    0.2788    2.0000

    0.2313    2.0000

    0.2493    2.0000

    0.2219    2.0000

    0.2910    2.0000

    0.2877    1.0000

    0.2289    2.0000

    0.2895    2.0000

    0.1757    2.0000

    0.2568    2.0000

    0.2999    2.0000

    0.2779    2.0000

    0.2889    2.0000

    0.2885    3.0000

    0.2326    2.0000

    0.2970    2.0000

    0.2947    2.0000

    0.2797    2.0000

    0.2844    2.0000

    0.2912    2.0000

    0.2934    2.0000

    0.2454    2.0000

    0.2801    4.0000

    0.2819    2.0000

    0.2937    2.0000

    0.2506    1.0000

    0.2406    1.0000

    0.2868    2.0000

    0.2462    2.0000

    0.2467    3.0000

    0.2912    2.0000

    0.1962    1.0000

    0.2912    3.0000

    4              194        -0.03632        -0.03632        0
    0.2815    2.0000

    0.2931    2.0000

    0.2878    2.0000

    0.2968    2.0000

    0.2492    3.0000

    0.2932    2.0000

    0.2891    2.0000

    0.2967    2.0000

    0.2867    2.0000

    0.2886    2.0000

    0.2248    2.0000

    0.3000    2.0000

    0.2877    3.0000

    0.2937    2.0000

    0.2716    2.0000

    0.1953    3.0000

    0.2774    2.0000

    0.2936    2.0000

    0.1279    2.0000

    0.2791    2.0000

    0.2851    2.0000

    0.2911    2.0000

    0.2971    2.0000

    0.2869    2.0000

    0.2986    1.0000

    0.2374    2.0000

    0.2840    2.0000

    0.2912    3.0000

    0.2912    2.0000

    0.2912    2.0000

    0.2823    2.0000

    0.2889    2.0000

    0.2999    1.0000

    0.2819    3.0000

    0.2916    2.0000

    0.2912    2.0000

    0.2876    3.0000

    0.2868    1.0000

    5              232        -0.03632        -0.03632        0
    0.2749    2.0000

    0.2828    2.0000

    0.2911    2.0000

    0.2993    2.0000

    0.2900    2.0000

    0.2912    2.0000

    0.2820    2.0000

    0.2971    2.0000

    0.2961    2.0000

    0.2929    2.0000

    0.2863    2.0000

    0.2787    2.0000

    0.2889    2.0000

    0.2967    2.0000

    0.2973    2.0000

    0.2916    3.0000

    0.2841    2.0000

    0.2757    3.0000

    0.2869    2.0000

    0.2874    2.0000

    0.1473    2.0000

    0.2733    2.0000

    0.2972    2.0000

    0.2774    2.0000

    0.2942    2.0000

    0.2746    2.0000

    0.2937    1.0000

    0.2973    1.0000

    0.2937    2.0000

    0.2877    2.0000

    0.2937    1.0000

    0.2973    2.0000

    0.2401    2.0000

    0.2916    2.0000

    0.2719    2.0000

    0.2847    2.0000

    0.2935    2.0000

    0.2968    2.0000

    6              270        -0.03632        -0.03632        1
    0.1681    2.0000

    0.2480    2.0000

    0.2859    2.0000

    0.2971    2.0000

    0.2973    2.0000

    0.2965    2.0000

    0.2868    2.0000

    0.2911    2.0000

    0.2984    3.0000

    0.2889    2.0000

    0.2958    2.0000

    0.2725    2.0000

    0.2937    2.0000

    0.2824    2.0000

    0.2987    2.0000

    0.2971    2.0000

    0.2907    2.0000

    0.2946    2.0000

    0.2937    2.0000

    0.2910    2.0000

    0.2998    2.0000

    0.2871    2.0000

    0.2821    2.0000

    0.2898    2.0000

    0.2933    2.0000

    0.2969    2.0000

    0.2851    2.0000

    0.2820    4.0000

    0.2971    2.0000

    0.2811    2.0000

    0.2971    2.0000

    0.2967    2.0000

    0.2936    2.0000

    0.2915    2.0000

    0.2975    2.0000

    0.2732    3.0000

    0.2971    1.0000

    0.2977    1.0000

    7              308        -0.03632        -0.03632        2
    0.2879    2.0000

    0.2959    2.0000

    0.2941    2.0000

    0.2908    2.0000

    0.2971    2.0000

    0.2935    2.0000

    0.2941    2.0000

    0.2931    2.0000

    0.2971    2.0000

    0.2932    2.0000

    0.2938    2.0000

    0.2972    2.0000

    0.2903    2.0000

    0.2831    2.0000

    0.2998    2.0000

    0.2973    2.0000

    0.2821    2.0000

    0.2922    2.0000

    0.2959    2.0000

    0.2958    2.0000

    0.2910    2.0000

    0.2948    2.0000

    0.2969    2.0000

    0.2978    2.0000

    0.2969    2.0000

    0.2967    2.0000

    0.2941    2.0000

    0.2481    1.0000

    0.2972    2.0000

    0.2919    2.0000

    0.2845    2.0000

    0.2971    1.0000

    0.2971    2.0000

    0.2933    2.0000

    0.2943    2.0000

    0.2987    2.0000

    0.2946    4.0000

    0.2999    2.0000

    8              346        -0.03632        -0.03632        3
    0.2968    2.0000

    0.2873    2.0000

    0.2929    2.0000

    0.3000    2.0000

    0.1651    2.0000

    0.2971    2.0000

    0.2945    2.0000

    0.2813    2.0000

    0.2958    2.0000

    0.2971    2.0000

    0.2978    2.0000

    0.2994    2.0000

    0.2998    2.0000

    0.2911    2.0000

    0.2999    2.0000

    0.2943    2.0000

    0.2979    2.0000

    0.2958    2.0000

    0.2971    2.0000

    0.2933    2.0000

    0.3000    2.0000

    0.2969    2.0000

    0.2972    2.0000

    0.2966    2.0000

    0.2955    2.0000

    0.2821    2.0000

    0.2979    2.0000

    0.2997    2.0000

    0.2971    3.0000

    0.2972    1.0000

    0.2954    1.0000

    0.2972    2.0000

    0.2875    2.0000

    0.2947    2.0000

    0.2959    2.0000

    0.2932    2.0000

    0.2980    2.0000

    0.2944    2.0000

    9              384        -0.03632        -0.03632        4
    0.1145    2.0000

    0.3000    2.0000

    0.2933    2.0000

    0.2942    2.0000

    0.0870    2.0000

    0.2769    2.0000

    0.2932    2.0000

    0.2981    2.0000

    0.2125    2.0000

    0.2947    2.0000

    0.2945    2.0000

    0.2998    2.0000

    0.2969    2.0000

    0.2953    2.0000

    0.2979    2.0000

    0.2969    2.0000

    0.2967    2.0000

    0.2966    2.0000

    0.3000    2.0000

    0.2967    2.0000

    0.2971    2.0000

    0.1749    2.0000

    0.2983    2.0000

    0.2971    2.0000

    0.3000    1.0000

    0.2987    2.0000

    0.2972    2.0000

    0.2972    2.0000

    0.2942    2.0000

    0.2958    2.0000

    0.2974    3.0000

    0.2969    2.0000

    0.2943    2.0000

    0.2972    2.0000

    0.3000    1.0000

    0.2999    2.0000

    0.2945    2.0000

    0.2945    2.0000

   10              422        -0.03632        -0.03632        0
    0.2972    2.0000

    0.2972    2.0000

    0.2938    2.0000

    0.2989    2.0000

    0.2931    2.0000

    0.2967    2.0000

    0.2977    2.0000

    0.2974    2.0000

    0.2969    2.0000

    0.2968    2.0000

    0.2981    2.0000

    0.2982    2.0000

    0.2971    2.0000

    0.2935    2.0000

    0.2994    2.0000

    0.2946    2.0000

    0.2942    2.0000

    0.3000    2.0000

    0.2001    2.0000

    0.2981    2.0000

    0.2999    2.0000

    0.1974    2.0000

    0.2965    2.0000

    0.2984    2.0000

    0.2969    2.0000

    0.2975    2.0000

    0.2976    2.0000

    0.2958    3.0000

    0.2972    2.0000

    0.2985    2.0000

    0.2987    3.0000

    0.3000    3.0000

    0.3000    2.0000

    0.2968    2.0000

    0.2985    2.0000

    0.2969    2.0000

    0.2972    2.0000

    0.2972    2.0000

   11              460        -0.03632        -0.03632        1
    0.1541    2.0000

    0.2979    2.0000

    0.2975    2.0000

    0.2984    2.0000

    0.2996    2.0000

    0.2981    2.0000

    0.2974    2.0000

    0.2994    2.0000

{Operation terminated by user during <a href="matlab:matlab.internal.language.introspective.errorDocCallback('distcomp.remoteparfor/getCompleteIntervals', 'D:\Program Files\MATLAB\R2021a\toolbox\parallel\distcomp\+distcomp\remoteparfor.m', 379)" style="font-weight:bold">distcomp.remoteparfor/getCompleteIntervals</a>
(<a href="matlab: opentoline('D:\Program Files\MATLAB\R2021a\toolbox\parallel\distcomp\+distcomp\remoteparfor.m',379,0)">line 379</a>)


In <a href="matlab:matlab.internal.language.introspective.errorDocCallback('parallel_function>distributed_execution', 'D:\Program Files\MATLAB\R2021a\toolbox\matlab\lang\parallel_function.m', 741)" style="font-weight:bold">parallel_function>distributed_execution</a> (<a href="matlab: opentoline('D:\Program Files\MATLAB\R2021a\toolbox\matlab\lang\parallel_function.m',741,0)">line 741</a>)
        [tags, out] = P.getCompleteIntervals(chunkSize);

In <a href="matlab:matlab.internal.language.introspective.errorDocCallback('parallel_function', 'D:\Program Files\MATLAB\R2021a\toolbox\matlab\lang\parallel_function.m', 573)" style="font-weight:bold">parallel_function</a> (<a href="matlab: opentoline('D:\Program Files\MATLAB\R2021a\toolbox\matlab\lang\parallel_function.m',573,0)">line 573</a>)
    R = distributed_execution(...

In <a href="matlab:matlab.internal.language.introspective.errorDocCallback('fcnvectorizer', 'D:\Program Files\MATLAB\R2021a\toolbox\globaloptim\globaloptim\private\fcnvectorizer.m', 16)" style="font-weight:bold">fcnvectorizer</a> (<a href="matlab: opentoline('D:\Program Files\MATLAB\R2021a\toolbox\globaloptim\globaloptim\private\fcnvectorizer.m',16,0)">line 16</a>)
        parfor (i = 1:popSize)

In gaminlppenaltyfcn

In gapenalty

In <a href="matlab:matlab.internal.language.introspective.errorDocCallback('stepGA', 'D:\Program Files\MATLAB\R2021a\toolbox\globaloptim\globaloptim\private\stepGA.m', 63)" style="font-weight:bold">stepGA</a> (<a href="matlab: opentoline('D:\Program Files\MATLAB\R2021a\toolbox\globaloptim\globaloptim\private\stepGA.m',63,0)">line 63</a>)
    nextScore = FitnessFcn(pop);

In <a href="matlab:matlab.internal.language.introspective.errorDocCallback('galincon', 'D:\Program Files\MATLAB\R2021a\toolbox\globaloptim\globaloptim\private\galincon.m', 67)" style="font-weight:bold">galincon</a> (<a href="matlab: opentoline('D:\Program Files\MATLAB\R2021a\toolbox\globaloptim\globaloptim\private\galincon.m',67,0)">line 67</a>)
        [score,population,state] =
        stepGA(score,population,options,state,GenomeLength,FitnessFcn);

In gapenalty

In gaminlp

In <a href="matlab:matlab.internal.language.introspective.errorDocCallback('ga', 'D:\Program Files\MATLAB\R2021a\toolbox\globaloptim\globaloptim\ga.m', 394)" style="font-weight:bold">ga</a> (<a href="matlab: opentoline('D:\Program Files\MATLAB\R2021a\toolbox\globaloptim\globaloptim\ga.m',394,0)">line 394</a>)
    [x,fval,exitFlag,output,population,scores] = gaminlp(FitnessFcn,nvars, ...

In <a href="matlab:matlab.internal.language.introspective.errorDocCallback('Ga', 'C:\Users\Ignatio Denton\Desktop\Darbas\2D RCWA\Ga.m', 25)" style="font-weight:bold">Ga</a> (<a href="matlab: opentoline('C:\Users\Ignatio Denton\Desktop\Darbas\2D RCWA\Ga.m',25,0)">line 25</a>)
    [vec_var_output, fval_output, eflag_output, ~] = ga(fun,L,A,b,Aeq,beq,...

In <a href="matlab:matlab.internal.language.introspective.errorDocCallback('Optimization', 'C:\Users\Ignatio Denton\Desktop\Darbas\2D RCWA\Optimization.m', 3)" style="font-weight:bold">Optimization</a> (<a href="matlab: opentoline('C:\Users\Ignatio Denton\Desktop\Darbas\2D RCWA\Optimization.m',3,0)">line 3</a>)
        [Params, Output, fval_output, eflag_output] = Ga(fitness, Params, lb, ub,
        distribution); % Genetic Algorithm - mixed problem

In <a href="matlab:matlab.internal.language.introspective.errorDocCallback('LiveEditorEvaluationHelperESectionEvalcd4537fb', 'C:\Users\Ignatio Denton\AppData\Local\Temp\Editor_dgkmj\LiveEditorEvaluationHelperESectionEvalcd4537fb.m', 231)" style="font-weight:bold">LiveEditorEvaluationHelperESectionEvalcd4537fb</a> (<a href="matlab: opentoline('C:\Users\Ignatio Denton\AppData\Local\Temp\Editor_dgkmj\LiveEditorEvaluationHelperESectionEvalcd4537fb.m',231,0)">line 231</a>)
            [~, Output, fval_output_G, eflag_output_G] = Optimization(fitness,...
} 
E
    0.0817    4.0000

    0.2783    4.0000

    0.2081    2.0000

    0.0744    2.0000

    0.1196    3.0000

    0.0894    1.0000

    0.2912    4.0000

    0.2894    3.0000

    0.1867    3.0000

    0.2623    2.0000

    0.0589    2.0000

    0.2139    3.0000

    0.2899    1.0000

    0.2358    2.0000

    0.2394    4.0000

    0.2197    3.0000

    0.2835    4.0000

    0.2265    3.0000

    0.0928    2.0000

    0.2876    2.0000

    0.2501    2.0000

    0.1713    2.0000

    0.2893    3.0000

    0.2926    3.0000

    0.0743    3.0000

    0.0615    2.0000

    0.1597    2.0000

    0.2481    2.0000

    0.2789    2.0000

    0.1554    4.0000

    0.0855    2.0000

    0.2237    2.0000

    0.2559    3.0000

    0.1454    4.0000

    0.2139    2.0000

    0.1481    2.0000

    0.1293    2.0000

    0.1192    3.0000

    0.0580    1.0000

    0.0586    2.0000


                                  Best          Mean         Stall
Generation      Func-count     Penalty         Penalty    Generations
    0.0629    1.0000

    0.2876    2.0000

    0.2789    2.0000

    0.2438    2.0000

    0.1941    4.0000

    0.2973    2.0000

    0.2619    4.0000

    0.2518    2.0000

    0.2899    3.0000

    0.2467    2.0000

    0.2794    1.0000

    0.2404    4.0000

    0.2850    4.0000

    0.2897    1.0000

    0.2566    4.0000

    0.2246    3.0000

    0.2268    2.0000

    0.2795    1.0000

    0.1561    2.0000

    0.2867    3.0000

    0.0871    4.0000

    0.2900    3.0000

    0.2781    3.0000

    0.2523    2.0000

    0.1597    2.0000

    0.2876    2.0000

    0.2750    1.0000

    0.0511    1.0000

    0.2326    2.0000

    0.2859    2.0000

    0.2893    4.0000

    0.1546    2.0000

    0.2494    2.0000

    0.1481    3.0000

    0.2490    4.0000

    0.2784    2.0000

    0.2912    4.0000

    0.2197    3.0000

    0.2358    2.0000

    0.2906    1.0000

    1               80        -0.03632        -0.03632        0
    0.2904    4.0000

    0.2183    2.0000

    0.1294    3.0000

    0.2885    2.0000

    0.2794    2.0000

    0.1177    4.0000

    0.2382    2.0000

    0.2451    2.0000

    0.2926    1.0000

    0.2678    2.0000

    0.2927    2.0000

    0.2467    2.0000

    0.1791    4.0000

    0.2818    1.0000

    0.2793    1.0000

    0.2811    3.0000

    0.1980    2.0000

    0.2500    2.0000

    0.2882    3.0000

    0.2636    3.0000

    0.2872    1.0000

    0.2899    1.0000

    0.2789    1.0000

    0.2246    2.0000

    0.0650    2.0000

    0.2897    2.0000

    0.2916    4.0000

    0.2460    2.0000

    0.2776    2.0000

    0.2795    1.0000

    0.1693    2.0000

    0.2801    4.0000

    0.2283    2.0000

    0.2859    1.0000

    0.2324    2.0000

    0.2927    2.0000

    0.2268    1.0000

    0.2897    1.0000

    2              118        -0.03632        -0.03632        1
    0.2478    2.0000

    0.1706    3.0000

    0.2874    2.0000

    0.2834    3.0000

    0.2271    2.0000

    0.2875    2.0000

    0.2903    1.0000

    0.2466    2.0000

    0.1146    2.0000

    0.2878    1.0000

    0.1793    1.0000

    0.2323    2.0000

    0.2894    1.0000

    0.2347    2.0000

    0.2897    3.0000

    0.2452    2.0000

    0.2454    2.0000

    0.2467    2.0000

    0.2861    1.0000

    0.2912    2.0000

    0.2897    2.0000

    0.2788    2.0000

    0.2242    2.0000

    0.2902    2.0000

    0.2801    4.0000

    0.2415    1.0000

    0.2469    3.0000

    0.2875    2.0000

    0.2833    2.0000

    0.2927    2.0000

    0.2324    1.0000

    0.2229    2.0000

    0.2703    1.0000

    0.2283    1.0000

    0.2496    2.0000

    0.2749    2.0000

    0.2973    2.0000

    0.2916    4.0000

    3              156        -0.03632        -0.03632        0
    0.2895    3.0000

    0.2470    2.0000

    0.2874    2.0000

    0.2893    2.0000

    0.2773    2.0000

    0.2788    2.0000

    0.2313    2.0000

    0.2826    2.0000

    0.2219    2.0000

    0.2910    2.0000

    0.2971    3.0000

    0.2980    4.0000

    0.2895    2.0000

    0.1757    2.0000

    0.2568    2.0000

    0.2999    2.0000

    0.2779    2.0000

    0.2889    2.0000

    0.2885    3.0000

    0.2326    2.0000

    0.2970    2.0000

    0.2947    2.0000

    0.2868    2.0000

    0.2462    2.0000

    0.2801    4.0000

    0.2797    2.0000

    0.2844    2.0000

    0.2506    1.0000

    0.2912    2.0000

    0.2819    2.0000

    0.2937    2.0000

    0.2467    3.0000

    0.2934    2.0000

    0.2454    2.0000

    0.2912    2.0000

    0.2406    1.0000

    0.1962    1.0000

    0.2912    3.0000

    4              194        -0.03632        -0.03632        0
    0.2932    2.0000

    0.2931    2.0000

    0.2662    2.0000

    0.2968    2.0000

    0.2788    3.0000

    0.2891    2.0000

    0.2967    2.0000

    0.2867    2.0000

    0.2886    2.0000

    0.2248    2.0000

    0.2900    2.0000

    0.2984    3.0000

    0.2937    2.0000

    0.2716    2.0000

    0.2926    1.0000

    0.2924    2.0000

    0.2936    2.0000

    0.1279    2.0000

    0.2815    2.0000

    0.2791    2.0000

    0.2974    2.0000

    0.2911    2.0000

    0.2972    1.0000

    0.2840    2.0000

    0.2912    2.0000

    0.2999    3.0000

    0.2912    2.0000

    0.2481    3.0000

    0.2839    1.0000

    0.2893    3.0000

    0.2910    2.0000

    0.2823    2.0000

    0.2868    3.0000

    0.2868    2.0000

    0.2874    2.0000

    0.2896    2.0000

    0.2562    2.0000

    0.2894    1.0000

    5              232        -0.03632        -0.03632        1
    0.2928    2.0000

    0.2879    2.0000

    0.2866    2.0000

    0.2911    2.0000

    0.2757    2.0000

    0.2912    2.0000

    0.2896    2.0000

    0.2993    2.0000

    0.2931    2.0000

    0.2974    2.0000

    0.2934    2.0000

    0.2925    2.0000

    0.2846    2.0000

    0.3000    2.0000

    0.2898    2.0000

    0.2958    3.0000

    0.2974    2.0000

    0.2200    1.0000

    0.2409    2.0000

    0.2641    2.0000

    0.1473    2.0000

    0.2943    2.0000

    0.2931    2.0000

    0.2924    1.0000

    0.2916    2.0000

    0.2953    2.0000

    0.0905    1.0000

    0.2973    3.0000

    0.2908    2.0000

    0.2928    2.0000

    0.2968    2.0000

    0.2716    2.0000

    0.2981    2.0000

    0.2936    2.0000

    0.2946    3.0000

    0.2875    2.0000

    0.2946    2.0000

    0.2874    3.0000

    6              270        -0.03632        -0.03632        0
    0.2948    2.0000

    0.2976    2.0000

    0.2974    2.0000

    0.2940    2.0000

    0.2898    2.0000

    0.2974    2.0000

    0.2974    2.0000

    0.2941    2.0000

    0.2874    2.0000

    0.2973    2.0000

    0.2922    2.0000

    0.1754    2.0000

    0.2906    2.0000

    0.2949    2.0000

    0.2928    2.0000

    0.2985    2.0000

    0.2929    2.0000

    0.2930    2.0000

    0.2898    2.0000

    0.2985    2.0000

    0.2915    2.0000

    0.2534    2.0000

    0.2935    2.0000

    0.2975    2.0000

    0.2909    2.0000

    0.2943    3.0000

    0.2896    1.0000

    0.2977    2.0000

    0.2907    2.0000

    0.2980    2.0000

    0.2926    2.0000

    0.2843    2.0000

    0.2966    2.0000

    0.2953    4.0000

    0.1988    2.0000

    0.2951    2.0000

    0.2939    2.0000

    0.2846    2.0000

    7              308        -0.03632        -0.03632        1
    0.2947    2.0000

    0.2974    2.0000

    0.2915    2.0000

    0.2973    2.0000

    0.2978    2.0000

    0.2975    2.0000

    0.2946    2.0000

    0.2924    2.0000

    0.2974    2.0000

    0.2972    2.0000

    0.2907    2.0000

    0.2977    2.0000

    0.2907    2.0000

    0.2989    2.0000

    0.2959    2.0000

    0.2936    2.0000

    0.2932    2.0000

    0.2973    2.0000

    0.2986    2.0000

    0.2951    2.0000

    0.2974    2.0000

    0.2984    2.0000

    0.0566    2.0000

    0.2942    2.0000

    0.2996    1.0000

    0.2951    1.0000

    0.2964    2.0000

    0.2973    2.0000

    0.2976    1.0000

    0.2941    2.0000

    0.2975    2.0000

    0.2985    1.0000

    0.2928    2.0000

    0.2985    2.0000

    0.2929    2.0000

    0.2949    1.0000

    0.2948    2.0000

    0.2999    2.0000

    8              346        -0.03632        -0.03632        2
    0.2975    2.0000

    0.2961    2.0000

    0.2988    2.0000

    0.0743    2.0000

    0.2949    2.0000

    0.2975    2.0000

    0.2973    2.0000

    0.2977    2.0000

    0.2993    2.0000

    0.2929    2.0000

    0.2972    2.0000

    0.2950    2.0000

    0.2987    2.0000

    0.2975    2.0000

    0.2988    2.0000

    0.2973    2.0000

    0.2428    2.0000

    0.2986    2.0000

    0.2980    2.0000

    0.2957    2.0000

    0.2999    2.0000

    0.2973    2.0000

    0.2929    2.0000

    0.2907    1.0000

    0.2987    2.0000

    0.2983    2.0000

    0.2984    1.0000

    0.2927    2.0000

    0.2974    2.0000

    0.2973    3.0000

    0.2962    2.0000

    0.2982    2.0000

    0.2942    2.0000

    0.2948    2.0000

    0.2999    2.0000

    0.2931    2.0000

    0.2993    1.0000

    0.2907    2.0000

    9              384        -0.03632        -0.03632        3
    0.2973    2.0000

    0.2999    2.0000

    0.2963    2.0000

    0.2975    2.0000

    0.2976    2.0000

    0.2927    2.0000

    0.2989    2.0000

    0.2998    2.0000

    0.2987    2.0000

    0.2975    2.0000

    0.2972    2.0000

    0.2975    2.0000

    0.2353    2.0000

    0.2976    2.0000

    0.2974    2.0000

    0.2963    2.0000

    0.2951    2.0000

    0.2969    2.0000

    0.2992    2.0000

    0.2972    2.0000

    0.2974    2.0000

    0.2993    2.0000

    0.2968    2.0000

    0.2988    2.0000

    0.2983    1.0000

    0.2993    2.0000

    0.2973    2.0000

    0.2999    3.0000

    0.2973    2.0000

    0.2950    2.0000

    0.2981    2.0000

    0.2997    4.0000

    0.3000    2.0000

    0.2900    2.0000

    0.2997    2.0000

    0.2986    2.0000

    0.2980    1.0000

    0.2949    1.0000

   10              422        -0.03632        -0.03632        0
    0.2340    2.0000

    0.2907    2.0000

    0.2964    2.0000

    0.2973    2.0000

    0.2985    2.0000

    0.2998    2.0000

    0.3000    2.0000

    0.2998    2.0000

    0.2988    2.0000

    0.2969    2.0000

    0.2943    2.0000

    0.2991    2.0000

    0.2977    2.0000

    0.2969    2.0000

    0.2990    2.0000

    0.2964    2.0000

    0.0940    2.0000

    0.2993    2.0000

    0.2976    2.0000

    0.2984    2.0000

    0.2996    2.0000

    0.2985    2.0000

    0.2999    2.0000

    0.1789    2.0000

    0.2986    2.0000

    0.2925    2.0000

    0.2993    2.0000

    0.2997    4.0000

    0.2984    1.0000

    0.2997    2.0000

    0.2986    2.0000

    0.2993    1.0000

    0.3000    2.0000

    0.2997    1.0000

    0.1886    2.0000

    0.2987    2.0000

    0.2986    3.0000

    0.2999    2.0000

   11              460        -0.03632        -0.03632        0
    0.2919    2.0000

    0.2983    2.0000

    0.2988    2.0000

    0.2986    2.0000

    0.2996    2.0000

    0.2999    2.0000

    0.2997    2.0000

    0.2999    2.0000

    0.3000    2.0000

    0.2997    2.0000

    0.2993    2.0000

    0.2987    2.0000

    0.2972    2.0000

    0.2989    2.0000

    0.2999    2.0000

    0.2993    2.0000

    0.2290    2.0000

    0.2986    2.0000

    0.1587    2.0000

    0.2988    2.0000

    0.2996    2.0000

    0.2995    2.0000

    0.2998    1.0000

    0.2991    1.0000

    0.2985    2.0000

    0.2985    2.0000

    0.3000    1.0000

    0.2996    2.0000

    0.2827    2.0000

    0.2997    2.0000

    0.2945    2.0000

    0.2995    2.0000

    0.2973    4.0000

    0.3000    2.0000

    0.2993    2.0000

    0.2964    2.0000

    0.2964    2.0000

    0.2993    3.0000

   12              498        -0.03632        -0.03632        0
    0.2890    2.0000

    0.3000    2.0000

    0.2999    2.0000

    0.2998    2.0000

    0.2988    2.0000

    0.3000    2.0000

    0.3000    2.0000

    0.2995    2.0000

    0.3000    2.0000

    0.2995    2.0000

    0.2984    2.0000

    0.3000    2.0000

    0.2986    2.0000

    0.2993    2.0000

    0.2999    2.0000

    0.2996    2.0000

    0.2997    2.0000

    0.2991    2.0000

    0.2997    2.0000

    0.2986    2.0000

    0.3000    2.0000

    0.2990    2.0000

    0.3000    2.0000

    0.2999    2.0000

    0.2988    1.0000

    0.2999    2.0000

    0.2995    2.0000

    0.2993    2.0000

    0.2985    2.0000

    0.2958    2.0000

    0.2862    2.0000

    0.2993    2.0000

    0.3000    3.0000

    0.2993    2.0000

    0.2998    2.0000

    0.2995    1.0000

    0.3000    1.0000

    0.2997    2.0000

   13              536        -0.03632        -0.03632        0
    0.2993    2.0000

    0.2998    2.0000

    0.1322    2.0000

    0.2993    2.0000

    0.3000    2.0000

    0.2994    2.0000

    0.3000    2.0000

    0.3000    2.0000

    0.2999    2.0000

    0.1649    2.0000

    0.1610    2.0000

    0.2783    2.0000

    0.2994    2.0000

    0.2008    2.0000

    0.2997    2.0000

    0.2997    2.0000

    0.1839    2.0000

    0.2997    2.0000

    0.2999    2.0000

    0.2861    2.0000

    0.2999    2.0000

    0.2997    2.0000

    0.0923    2.0000

    0.2995    2.0000

    0.2998    2.0000

    0.2998    2.0000

    0.3000    2.0000

    0.3000    2.0000

    0.2993    1.0000

    0.2999    3.0000

    0.2995    2.0000

    0.3000    2.0000

    0.3000    2.0000

    0.2997    2.0000

    0.3000    2.0000

    0.3000    2.0000

    0.2997    2.0000

    0.2997    2.0000

   14              574        -0.03632        -0.03632        0
    0.1101    2.0000

    0.2828    2.0000

    0.3000    2.0000

    0.3000    2.0000

    0.2996    2.0000

    0.2997    2.0000

    0.2447    2.0000

    0.3000    2.0000

    0.2999    2.0000

    0.2994    2.0000

    0.3000    2.0000

    0.3000    2.0000

    0.2998    2.0000

    0.3000    2.0000

    0.3000    2.0000

    0.2718    2.0000

    0.2997    2.0000

    0.3000    2.0000

    0.2847    2.0000

    0.2744    2.0000

    0.3000    2.0000

    0.2998    2.0000

    0.2998    2.0000

    0.3000    2.0000

    0.3000    2.0000

    0.2998    2.0000

    0.3000    2.0000

    0.2997    2.0000

    0.2997    1.0000

    0.2995    1.0000

    0.3000    2.0000

    0.2795    2.0000

    0.2993    3.0000

    0.2999    2.0000

    0.3000    2.0000

    0.3000    2.0000

    0.2997    2.0000

    0.3000    1.0000

   15              612        -0.03632        -0.03632        0
    0.2995    2.0000

    0.2999    2.0000

    0.2997    2.0000

    0.3000    2.0000

    0.3000    2.0000

    0.2154    2.0000

    0.2153    2.0000

    0.3000    2.0000

    0.3000    2.0000

    0.3000    2.0000

    0.3000    2.0000

    0.2997    2.0000

    0.2998    2.0000

    0.3000    2.0000

    0.3000    2.0000

    0.3000    2.0000

    0.2999    2.0000

    0.2998    2.0000

    0.2998    2.0000

    0.3000    2.0000

    0.2999    2.0000

    0.3000    2.0000

    0.2999    2.0000

    0.2998    2.0000

    0.3000    2.0000

    0.3000    1.0000

    0.3000    2.0000

    0.3000    2.0000

    0.3000    2.0000

    0.2986    2.0000

    0.2997    2.0000

    0.2998    1.0000

    0.3000    1.0000

    0.3000    2.0000

    0.3000    2.0000

    0.2465    2.0000

    0.3000    1.0000

    0.2887    2.0000

   16              650        -0.03632        -0.03632        0
    0.3000    2.0000

    0.3000    2.0000

    0.3000    2.0000

    0.2998    2.0000

    0.3000    2.0000

    0.3000    2.0000

    0.2998    2.0000

    0.3000    2.0000

    0.3000    2.0000

    0.3000    2.0000

    0.3000    2.0000

    0.2999    2.0000

    0.2997    2.0000

    0.3000    2.0000

    0.2998    2.0000

    0.3000    2.0000

    0.2999    2.0000

    0.3000    2.0000

    0.3000    2.0000

    0.3000    2.0000

    0.3000    2.0000

    0.2997    2.0000

    0.3000    2.0000

    0.3000    2.0000

    0.3000    3.0000

    0.3000    2.0000

    0.2987    2.0000

    0.3000    2.0000

    0.3000    2.0000

    0.3000    2.0000

    0.3000    1.0000

    0.2998    2.0000

    0.3000    1.0000

    0.3000    2.0000

    0.3000    4.0000

    0.3000    2.0000

    0.3000    2.0000

    0.2999    3.0000

   17              688        -0.03632        -0.03632        1
    0.3000    2.0000

    0.3000    2.0000

    0.3000    2.0000

    0.3000    2.0000

    0.3000    2.0000

    0.2998    2.0000

    0.3000    2.0000

    0.3000    2.0000

    0.3000    2.0000

    0.3000    2.0000

    0.3000    2.0000

    0.3000    2.0000

    0.3000    2.0000

    0.3000    2.0000

    0.3000    2.0000

    0.3000    2.0000

    0.3000    2.0000

    0.3000    2.0000

    0.3000    1.0000

    0.3000    2.0000

    0.3000    2.0000

    0.2999    2.0000

    0.3000    1.0000

    0.3000    2.0000

    0.3000    2.0000

    0.2998    2.0000

    0.3000    1.0000

    0.3000    2.0000

    0.3000    2.0000

    0.3000    2.0000

    0.3000    2.0000

    0.3000    2.0000

    0.3000    2.0000

    0.3000    2.0000

    0.3000    2.0000

    0.3000    2.0000

    0.3000    2.0000

    0.3000    3.0000

   18              726        -0.03632        -0.03632        0
    0.3000    2.0000

    0.3000    2.0000

    0.3000    2.0000

    0.3000    2.0000

    0.3000    2.0000

    0.3000    2.0000

    0.3000    2.0000

    0.3000    2.0000

    0.3000    2.0000

    0.3000    2.0000

    0.3000    2.0000

    0.3000    2.0000

    0.3000    2.0000

    0.3000    2.0000

    0.3000    2.0000

    0.3000    2.0000

    0.3000    2.0000

    0.3000    2.0000

    0.3000    2.0000

    0.3000    2.0000

    0.3000    2.0000

    0.3000    2.0000

    0.3000    2.0000

    0.3000    2.0000

    0.3000    3.0000

    0.3000    2.0000

    0.3000    2.0000

    0.3000    3.0000

    0.3000    4.0000

    0.3000    2.0000

    0.2999    2.0000

    0.3000    4.0000

    0.3000    2.0000

    0.3000    2.0000

    0.2999    2.0000

    0.3000    2.0000

    0.3000    1.0000

    0.3000    2.0000

   19              764        -0.03632        -0.03632        0
    0.3000    2.0000

    0.3000    2.0000

    0.3000    2.0000

    0.3000    2.0000

    0.3000    2.0000

    0.3000    2.0000

    0.2999    2.0000

    0.3000    2.0000

    0.3000    2.0000

    0.3000    2.0000

    0.3000    2.0000

    0.3000    2.0000

    0.3000    2.0000

    0.3000    2.0000

    0.3000    2.0000

    0.3000    2.0000

    0.1096    2.0000

    0.3000    2.0000

    0.3000    2.0000

    0.3000    2.0000

    0.3000    2.0000

    0.3000    2.0000

    0.3000    2.0000

    0.3000    2.0000

    0.3000    4.0000

    0.3000    2.0000

    0.3000    3.0000

    0.3000    2.0000

    0.3000    2.0000

    0.3000    2.0000

    0.3000    2.0000

    0.3000    1.0000

    0.3000    2.0000

    0.3000    1.0000

    0.3000    2.0000

    0.3000    2.0000

    0.3000    1.0000

    0.3000    2.0000

   20              802        -0.03632        -0.03632        0
    0.3000    2.0000

    0.3000    2.0000

    0.3000    2.0000

    0.3000    2.0000

    0.3000    2.0000

    0.3000    2.0000

    0.3000    2.0000

    0.3000    2.0000

    0.3000    2.0000

    0.3000    2.0000

    0.3000    2.0000

    0.3000    2.0000

    0.3000    2.0000

    0.3000    2.0000

    0.2549    2.0000

    0.3000    2.0000

    0.1690    2.0000

    0.3000    2.0000

    0.3000    2.0000

    0.3000    2.0000

    0.3000    2.0000

    0.3000    2.0000

    0.3000    2.0000

    0.3000    2.0000

    0.3000    1.0000

    0.3000    2.0000

    0.3000    2.0000

    0.3000    1.0000

    0.3000    2.0000

    0.3000    2.0000

    0.3000    2.0000

    0.3000    2.0000

    0.3000    2.0000

    0.3000    2.0000

    0.3000    2.0000

    0.3000    2.0000

    0.3000    2.0000

    0.3000    2.0000

   21              840        -0.03632        -0.03632        1
    0.0548    2.0000

    0.3000    2.0000

    0.3000    2.0000

    0.3000    2.0000

    0.3000    2.0000

    0.3000    2.0000

    0.3000    2.0000

    0.3000    2.0000

    0.3000    2.0000

    0.3000    2.0000

    0.3000    2.0000

    0.3000    2.0000

    0.3000    2.0000

    0.1046    2.0000

    0.3000    2.0000

    0.3000    2.0000

    0.3000    2.0000

    0.3000    2.0000

    0.3000    2.0000

    0.3000    2.0000

    0.3000    2.0000

    0.3000    2.0000

    0.3000    2.0000

    0.3000    2.0000

    0.3000    2.0000

    0.3000    2.0000

    0.2599    2.0000

    0.3000    1.0000

    0.3000    1.0000

    0.3000    2.0000

    0.3000    1.0000

    0.3000    2.0000

    0.3000    2.0000

    0.3000    1.0000

    0.0669    2.0000

    0.3000    2.0000

    0.3000    2.0000

    0.3000    2.0000

   22              878        -0.03632        -0.03632        2
    0.3000    2.0000

    0.3000    2.0000

    0.3000    2.0000

    0.3000    2.0000

    0.3000    2.0000

    0.1653    2.0000

    0.3000    2.0000

    0.3000    2.0000

    0.3000    2.0000

    0.3000    2.0000

    0.3000    2.0000

    0.3000    2.0000

    0.3000    2.0000

    0.3000    2.0000

    0.3000    2.0000

    0.3000    2.0000

    0.3000    2.0000

    0.3000    2.0000

    0.3000    2.0000

    0.3000    2.0000

    0.3000    2.0000

    0.2043    2.0000

    0.3000    2.0000

    0.3000    2.0000

    0.3000    2.0000

    0.3000    2.0000

    0.3000    2.0000

    0.3000    1.0000

    0.3000    2.0000

    0.3000    2.0000

    0.3000    2.0000

    0.3000    2.0000

    0.3000    4.0000

    0.3000    2.0000

    0.3000    2.0000

    0.3000    2.0000

    0.3000    2.0000

    0.3000    1.0000

   23              916        -0.03632        -0.03632        0
    0.3000    2.0000

    0.3000    2.0000

    0.3000    2.0000

    0.3000    2.0000

    0.3000    2.0000

    0.3000    2.0000

    0.3000    2.0000

    0.3000    2.0000

    0.3000    2.0000

    0.3000    2.0000

    0.3000    2.0000

    0.3000    2.0000

    0.3000    2.0000

    0.3000    2.0000

    0.3000    2.0000

    0.3000    2.0000

    0.3000    2.0000

    0.3000    2.0000

    0.3000    2.0000

    0.3000    2.0000

    0.3000    2.0000

    0.3000    2.0000

    0.3000    2.0000

    0.3000    2.0000

    0.3000    2.0000

    0.3000    2.0000

    0.3000    2.0000

    0.3000    2.0000

    0.3000    2.0000

    0.3000    2.0000

    0.3000    3.0000

    0.3000    1.0000

    0.3000    1.0000

    0.3000    3.0000

    0.3000    2.0000

    0.3000    2.0000

    0.3000    4.0000

    0.3000    2.0000

   24              954        -0.03632        -0.03632        0
    0.3000    2.0000

    0.3000    2.0000

    0.3000    2.0000

    0.3000    2.0000

    0.3000    2.0000

    0.3000    2.0000

    0.3000    2.0000

    0.3000    2.0000

    0.3000    2.0000

    0.3000    2.0000

    0.3000    2.0000

    0.3000    2.0000

    0.3000    2.0000

    0.3000    2.0000

    0.3000    2.0000

    0.3000    2.0000

    0.3000    2.0000

    0.3000    2.0000

    0.3000    2.0000

    0.3000    2.0000

    0.3000    2.0000

    0.3000    2.0000

    0.3000    2.0000

    0.3000    2.0000

    0.3000    2.0000

    0.3000    2.0000

    0.3000    3.0000

    0.3000    2.0000

    0.3000    2.0000

    0.3000    2.0000

    0.3000    2.0000

    0.3000    2.0000

    0.3000    2.0000

    0.3000    1.0000

    0.3000    2.0000

    0.3000    2.0000

    0.3000    2.0000

    0.3000    1.0000

   25              992        -0.03632        -0.03632        0
    0.3000    2.0000

    0.3000    2.0000

    0.3000    2.0000

    0.2337    2.0000

    0.3000    2.0000

    0.3000    2.0000

    0.3000    2.0000

    0.3000    2.0000

    0.3000    2.0000

    0.3000    2.0000

    0.3000    2.0000

    0.3000    2.0000

    0.3000    2.0000

    0.3000    2.0000

    0.3000    2.0000

    0.3000    2.0000

    0.3000    2.0000

    0.3000    2.0000

    0.3000    2.0000

    0.3000    2.0000

    0.3000    2.0000

    0.3000    2.0000

    0.3000    2.0000

    0.3000    2.0000

    0.3000    2.0000

    0.3000    2.0000

    0.3000    2.0000

    0.3000    2.0000

    0.3000    1.0000

    0.3000    2.0000

    0.3000    2.0000

    0.3000    1.0000

    0.3000    2.0000

    0.3000    2.0000

    0.3000    1.0000

    0.3000    1.0000

    0.3000    4.0000

    0.3000    3.0000

   26             1030        -0.03632        -0.03632        1
    0.3000    2.0000

    0.3000    2.0000

    0.3000    2.0000

    0.3000    2.0000

    0.3000    2.0000

    0.3000    2.0000

    0.3000    2.0000

    0.3000    2.0000

    0.3000    2.0000

    0.3000    2.0000

    0.3000    2.0000

    0.3000    2.0000

    0.3000    2.0000

    0.3000    2.0000

    0.3000    2.0000

    0.3000    2.0000

    0.3000    2.0000

    0.3000    2.0000

    0.3000    2.0000

    0.3000    2.0000

    0.3000    2.0000

    0.3000    2.0000

    0.3000    2.0000

    0.3000    2.0000

    0.3000    2.0000

    0.3000    3.0000

    0.3000    2.0000

    0.3000    3.0000

    0.3000    1.0000

    0.3000    2.0000

    0.3000    2.0000

    0.3000    2.0000

    0.3000    2.0000

    0.3000    2.0000

    0.3000    3.0000

    0.3000    2.0000

    0.3000    2.0000

    0.3000    2.0000

   27             1068        -0.03632        -0.03632        0
    0.3000    2.0000

    0.3000    2.0000

    0.3000    2.0000

    0.3000    2.0000

    0.3000    2.0000

    0.3000    2.0000

    0.3000    2.0000

    0.3000    2.0000

    0.3000    2.0000

    0.3000    2.0000

    0.3000    2.0000

    0.3000    2.0000

    0.3000    2.0000

    0.3000    2.0000

    0.3000    2.0000

    0.3000    2.0000

    0.3000    2.0000

    0.3000    2.0000

    0.3000    2.0000

    0.3000    2.0000

    0.3000    2.0000

    0.3000    2.0000

    0.3000    2.0000

    0.3000    2.0000

    0.3000    1.0000

    0.3000    2.0000

    0.3000    2.0000

    0.3000    1.0000

    0.3000    2.0000

    0.3000    2.0000

    0.3000    1.0000

    0.3000    2.0000

    0.3000    2.0000

    0.3000    2.0000

    0.3000    1.0000

    0.3000    1.0000

    0.3000    2.0000

    0.3000    1.0000

   28             1106        -0.03632        -0.03632        0
    0.3000    2.0000

    0.3000    2.0000

    0.3000    2.0000

    0.3000    2.0000

    0.3000    2.0000

    0.3000    2.0000

    0.3000    2.0000

    0.3000    2.0000

    0.3000    2.0000

    0.3000    2.0000

    0.2635    2.0000

    0.3000    2.0000

    0.3000    2.0000

    0.3000    2.0000

    0.3000    2.0000

    0.3000    2.0000

    0.3000    2.0000

    0.3000    2.0000

    0.3000    2.0000

    0.3000    2.0000

    0.3000    2.0000

    0.3000    2.0000

    0.3000    2.0000

    0.3000    2.0000

    0.3000    3.0000

    0.3000    2.0000

    0.3000    1.0000

    0.3000    2.0000

    0.3000    2.0000

    0.3000    1.0000

    0.3000    2.0000

    0.3000    2.0000

    0.3000    2.0000

    0.3000    1.0000

    0.3000    2.0000

    0.3000    2.0000

    0.3000    2.0000

    0.3000    1.0000

   29             1144        -0.03632        -0.03632        1
    0.3000    2.0000

    0.3000    2.0000

    0.3000    2.0000

    0.3000    3.0000

    0.3000    2.0000

    0.3000    2.0000

    0.3000    2.0000

    0.3000    2.0000

    0.3000    2.0000

    0.3000    2.0000

    0.3000    2.0000

    0.3000    2.0000

    0.3000    2.0000

    0.3000    2.0000

    0.3000    2.0000

    0.3000    2.0000

    0.3000    2.0000

    0.3000    2.0000

    0.3000    2.0000

    0.3000    2.0000

    0.3000    2.0000

    0.3000    2.0000

    0.3000    2.0000

    0.3000    2.0000

    0.3000    1.0000

    0.3000    1.0000

    0.3000    1.0000

    0.3000    2.0000

    0.3000    2.0000

    0.3000    2.0000

    0.3000    2.0000

    0.3000    2.0000

    0.3000    4.0000

    0.3000    1.0000

    0.3000    2.0000

    0.3000    2.0000

    0.3000    3.0000

    0.3000    2.0000


                                  Best          Mean         Stall
Generation      Func-count     Penalty         Penalty    Generations
   30             1182        -0.03632        -0.03632        0
    0.3000    2.0000

    0.3000    2.0000

    0.3000    2.0000

    0.3000    2.0000

    0.3000    3.0000

    0.3000    2.0000

    0.3000    2.0000

    0.3000    2.0000

    0.3000    2.0000

    0.3000    2.0000

    0.3000    2.0000

    0.3000    1.0000

    0.3000    2.0000

    0.3000    2.0000

    0.3000    2.0000

    0.3000    2.0000

    0.3000    2.0000

    0.3000    2.0000

    0.3000    2.0000

    0.3000    2.0000

    0.3000    2.0000

    0.3000    2.0000

    0.3000    2.0000

    0.3000    2.0000

    0.3000    2.0000

    0.3000    1.0000

    0.3000    1.0000

    0.3000    2.0000

    0.3000    2.0000

    0.3000    2.0000

    0.3000    3.0000

    0.3000    2.0000

    0.3000    2.0000

    0.3000    2.0000

    0.3000    2.0000

    0.3000    2.0000

    0.3000    4.0000

    0.3000    4.0000

   31             1220        -0.03632        -0.03632        1
    0.3000    2.0000

    0.3000    2.0000

    0.3000    2.0000

    0.3000    2.0000

    0.3000    2.0000

    0.3000    2.0000

    0.3000    2.0000

    0.3000    2.0000

    0.3000    2.0000

    0.3000    2.0000

    0.3000    2.0000

    0.3000    1.0000

    0.3000    2.0000

    0.3000    2.0000

    0.3000    2.0000

    0.3000    2.0000

    0.3000    2.0000

    0.3000    2.0000

    0.3000    2.0000

    0.3000    2.0000

    0.3000    2.0000

    0.3000    2.0000

    0.3000    2.0000

    0.3000    2.0000

    0.3000    2.0000

    0.3000    2.0000

    0.3000    1.0000

    0.3000    2.0000

    0.3000    2.0000

    0.3000    2.0000

    0.3000    2.0000

    0.3000    2.0000

    0.3000    2.0000

    0.3000    3.0000

    0.3000    2.0000

    0.3000    2.0000

    0.3000    1.0000

    0.3000    2.0000

   32             1258        -0.03632        -0.03632        0
    0.3000    2.0000

    0.3000    2.0000

    0.3000    2.0000

    0.3000    2.0000

    0.3000    2.0000

    0.3000    2.0000

    0.3000    2.0000

    0.3000    2.0000

    0.3000    2.0000

    0.3000    2.0000

    0.3000    2.0000

    0.3000    2.0000

    0.3000    2.0000

    0.3000    2.0000

    0.3000    2.0000

    0.3000    2.0000

    0.3000    2.0000

    0.3000    2.0000

    0.3000    2.0000

    0.3000    2.0000

    0.3000    2.0000

    0.3000    2.0000

    0.3000    2.0000

    0.3000    2.0000

    0.3000    1.0000

    0.3000    2.0000

    0.3000    2.0000

    0.3000    2.0000

    0.3000    1.0000

    0.3000    2.0000

    0.3000    2.0000

    0.3000    2.0000

    0.3000    1.0000

    0.3000    2.0000

    0.3000    2.0000

    0.3000    2.0000

    0.3000    3.0000

    0.3000    2.0000

   33             1296        -0.03632        -0.03632        0
    0.3000    2.0000

    0.3000    2.0000

    0.3000    2.0000

    0.3000    2.0000

    0.3000    2.0000

    0.3000    2.0000

    0.3000    2.0000

    0.3000    2.0000

    0.3000    2.0000

    0.3000    2.0000

    0.3000    2.0000

    0.3000    2.0000

    0.3000    2.0000

    0.3000    2.0000

    0.3000    2.0000

    0.3000    2.0000

    0.3000    2.0000

    0.3000    2.0000

    0.3000    2.0000

    0.3000    3.0000

    0.3000    2.0000

    0.3000    2.0000

    0.3000    2.0000

    0.3000    2.0000

    0.3000    2.0000

    0.3000    1.0000

    0.3000    2.0000

    0.3000    2.0000

    0.3000    2.0000

    0.3000    1.0000

    0.3000    2.0000

    0.3000    2.0000

    0.3000    3.0000

    0.3000    2.0000

    0.3000    2.0000

    0.3000    2.0000

    0.3000    2.0000

    0.3000    1.0000

   34             1334        -0.03632        -0.03632        0
    0.3000    1.0000

    0.3000    2.0000

    0.3000    2.0000

    0.3000    2.0000

    0.3000    2.0000

    0.3000    2.0000

    0.3000    2.0000

    0.3000    2.0000

    0.3000    2.0000

    0.3000    2.0000

    0.3000    2.0000

    0.3000    2.0000

    0.3000    2.0000

    0.3000    2.0000

    0.3000    2.0000

    0.3000    3.0000

    0.3000    2.0000

    0.3000    2.0000

    0.3000    2.0000

    0.3000    2.0000

    0.3000    2.0000

    0.3000    2.0000

    0.3000    2.0000

    0.3000    2.0000

    0.3000    2.0000

    0.3000    2.0000

    0.3000    2.0000

    0.3000    1.0000

    0.3000    2.0000

    0.3000    2.0000

    0.3000    2.0000

    0.3000    2.0000

    0.3000    2.0000

    0.3000    2.0000

    0.3000    2.0000

    0.3000    2.0000

    0.3000    1.0000

    0.3000    2.0000

   35             1372        -0.03632        -0.03632        0
    0.3000    2.0000

    0.3000    2.0000

    0.3000    2.0000

    0.3000    2.0000

    0.3000    2.0000

    0.3000    2.0000

    0.3000    2.0000

    0.3000    2.0000

    0.3000    2.0000

    0.3000    2.0000

    0.3000    2.0000

    0.3000    2.0000

    0.3000    2.0000

    0.3000    2.0000

    0.3000    2.0000

    0.3000    2.0000

    0.3000    2.0000

    0.3000    2.0000

    0.3000    2.0000

    0.3000    2.0000

    0.3000    2.0000

    0.3000    2.0000

    0.3000    2.0000

    0.3000    2.0000

    0.3000    1.0000

    0.3000    3.0000

    0.3000    2.0000

    0.3000    2.0000

    0.3000    2.0000

    0.3000    2.0000

    0.3000    2.0000

    0.3000    3.0000

    0.3000    2.0000

    0.3000    1.0000

    0.3000    2.0000

    0.3000    2.0000

    0.3000    2.0000

    0.3000    1.0000

   36             1410        -0.03632        -0.03632        1
    0.3000    2.0000

    0.3000    2.0000

    0.3000    2.0000

    0.3000    2.0000

    0.3000    2.0000

    0.3000    2.0000

    0.3000    2.0000

    0.3000    2.0000

    0.3000    2.0000

    0.3000    2.0000

    0.3000    2.0000

    0.3000    2.0000

    0.3000    2.0000

    0.3000    2.0000

    0.3000    2.0000

    0.3000    2.0000

    0.3000    2.0000

    0.3000    2.0000

    0.3000    2.0000

    0.3000    2.0000

    0.3000    2.0000

    0.3000    2.0000

    0.3000    2.0000

    0.3000    2.0000

    0.3000    2.0000

    0.3000    4.0000

    0.3000    2.0000

    0.3000    2.0000

    0.3000    2.0000

    0.3000    2.0000

    0.3000    2.0000

    0.3000    2.0000

    0.3000    2.0000

    0.3000    3.0000

    0.3000    2.0000

    0.3000    2.0000

    0.3000    2.0000

    0.3000    1.0000

   37             1448        -0.03632        -0.03632        0
    0.3000    2.0000

    0.3000    2.0000

    0.3000    2.0000

    0.3000    2.0000

    0.3000    2.0000

    0.3000    2.0000

    0.3000    2.0000

    0.3000    2.0000

    0.3000    2.0000

    0.3000    2.0000

    0.3000    2.0000

    0.3000    2.0000

    0.3000    2.0000

    0.3000    2.0000

    0.3000    2.0000

    0.3000    2.0000

    0.3000    2.0000

    0.3000    2.0000

    0.3000    2.0000

    0.3000    2.0000

    0.3000    2.0000

    0.3000    2.0000

    0.3000    2.0000

    0.3000    2.0000

    0.3000    2.0000

    0.3000    2.0000

    0.3000    2.0000

    0.3000    2.0000

    0.3000    1.0000

    0.3000    2.0000

    0.3000    2.0000

    0.3000    1.0000

    0.3000    3.0000

    0.3000    2.0000

    0.3000    2.0000

    0.3000    2.0000

    0.3000    3.0000

    0.3000    3.0000

   38             1486        -0.03632        -0.03632        1
    0.3000    2.0000

    0.3000    2.0000

    0.3000    2.0000

    0.3000    2.0000

    0.3000    2.0000

    0.3000    2.0000

    0.3000    2.0000

    0.3000    2.0000

    0.3000    2.0000

    0.3000    2.0000

    0.3000    2.0000

    0.3000    2.0000

    0.3000    2.0000

    0.3000    2.0000

    0.3000    2.0000

    0.3000    2.0000

    0.3000    2.0000

    0.3000    2.0000

    0.3000    2.0000

    0.3000    2.0000

    0.3000    2.0000

    0.3000    2.0000

    0.3000    2.0000

    0.3000    2.0000

    0.3000    2.0000

    0.3000    1.0000

    0.3000    2.0000

    0.3000    2.0000

    0.3000    2.0000

    0.3000    2.0000

    0.3000    2.0000

    0.3000    1.0000

    0.3000    2.0000

    0.3000    2.0000

    0.3000    1.0000

    0.3000    2.0000

    0.3000    2.0000

    0.3000    1.0000

   39             1524        -0.03632        -0.03632        0
    0.3000    2.0000

    0.3000    2.0000

    0.3000    2.0000

    0.3000    2.0000

    0.3000    2.0000

    0.3000    2.0000

    0.3000    2.0000

    0.3000    2.0000

    0.3000    2.0000

    0.3000    2.0000

    0.3000    2.0000

    0.3000    2.0000

    0.3000    2.0000

    0.3000    2.0000

    0.3000    2.0000

    0.3000    2.0000

    0.3000    2.0000

    0.3000    2.0000

    0.3000    2.0000

    0.3000    2.0000

    0.3000    2.0000

    0.3000    2.0000

    0.3000    2.0000

    0.3000    2.0000

    0.3000    1.0000

    0.3000    4.0000

    0.3000    2.0000

    0.3000    2.0000

    0.3000    1.0000

    0.3000    2.0000

    0.3000    2.0000

    0.3000    4.0000

    0.3000    1.0000

    0.3000    2.0000

    0.3000    2.0000

    0.3000    1.0000

    0.3000    1.0000

    0.3000    2.0000

   40             1562        -0.03632        -0.03632        1
    0.3000    2.0000

    0.3000    2.0000

    0.3000    2.0000

    0.3000    1.0000

    0.3000    2.0000

    0.3000    2.0000

    0.3000    2.0000

    0.3000    2.0000

    0.3000    2.0000

    0.3000    2.0000

    0.3000    2.0000

    0.3000    2.0000

    0.3000    2.0000

    0.3000    2.0000

    0.3000    1.0000

    0.3000    2.0000

    0.3000    2.0000

    0.3000    2.0000

    0.3000    2.0000

    0.3000    2.0000

    0.3000    2.0000

    0.3000    2.0000

    0.3000    2.0000

    0.3000    2.0000

    0.3000    1.0000

    0.3000    3.0000

    0.3000    4.0000

    0.3000    2.0000

    0.3000    3.0000

    0.3000    1.0000

    0.3000    2.0000

    0.3000    2.0000

    0.3000    2.0000

    0.3000    2.0000

    0.3000    1.0000

    0.3000    2.0000

    0.3000    2.0000

    0.3000    1.0000

   41             1600        -0.03632        -0.03632        0
    0.3000    2.0000

    0.3000    2.0000

    0.3000    2.0000

    0.3000    2.0000

    0.3000    2.0000

    0.3000    2.0000

    0.3000    2.0000

    0.3000    2.0000

    0.3000    2.0000

    0.3000    2.0000

    0.3000    2.0000

    0.3000    2.0000

    0.3000    2.0000

    0.3000    2.0000

    0.3000    2.0000

    0.3000    2.0000

    0.3000    2.0000

    0.3000    2.0000

    0.3000    2.0000

    0.3000    1.0000

    0.3000    2.0000

    0.3000    2.0000

    0.3000    2.0000

    0.3000    2.0000

    0.3000    2.0000

    0.3000    2.0000

    0.3000    2.0000

    0.3000    2.0000

    0.3000    1.0000

    0.3000    2.0000

    0.3000    2.0000

    0.3000    2.0000

    0.3000    2.0000

    0.3000    1.0000

    0.3000    2.0000

    0.3000    2.0000

    0.3000    4.0000

    0.3000    2.0000

   42             1638        -0.03632        -0.03632        1
    0.3000    2.0000

    0.3000    2.0000

    0.3000    2.0000

    0.3000    2.0000

    0.3000    2.0000

    0.3000    2.0000

    0.3000    2.0000

    0.3000    2.0000

    0.3000    2.0000

    0.3000    2.0000

    0.3000    2.0000

    0.3000    2.0000

    0.3000    2.0000

    0.3000    2.0000

    0.3000    2.0000

    0.3000    2.0000

    0.3000    2.0000

    0.3000    2.0000

    0.3000    2.0000

    0.3000    2.0000

    0.3000    2.0000

    0.3000    2.0000

    0.3000    2.0000

    0.3000    2.0000

    0.3000    3.0000

    0.3000    1.0000

    0.3000    2.0000

    0.3000    1.0000

    0.3000    2.0000

    0.3000    2.0000

    0.3000    1.0000

    0.3000    2.0000

    0.3000    2.0000

    0.3000    2.0000

    0.3000    3.0000

    0.3000    2.0000

    0.3000    2.0000

    0.3000    3.0000

   43             1676        -0.03632        -0.03632        0
    0.3000    2.0000

    0.3000    2.0000

    0.3000    2.0000

    0.3000    2.0000

    0.3000    2.0000

    0.3000    2.0000

    0.3000    2.0000

    0.3000    2.0000

    0.3000    2.0000

    0.3000    2.0000

    0.3000    2.0000

    0.3000    2.0000

    0.3000    2.0000

    0.3000    2.0000

    0.3000    2.0000

    0.3000    2.0000

    0.3000    2.0000

    0.3000    3.0000

    0.3000    2.0000

    0.3000    2.0000

    0.3000    2.0000

    0.3000    2.0000

    0.3000    2.0000

    0.3000    2.0000

    0.3000    3.0000

    0.3000    3.0000

    0.3000    2.0000

    0.3000    2.0000

    0.3000    1.0000

    0.3000    3.0000

    0.3000    2.0000

    0.3000    2.0000

    0.3000    1.0000

    0.3000    1.0000

    0.3000    4.0000

    0.3000    2.0000

    0.3000    2.0000

    0.3000    2.0000

   44             1714        -0.03632        -0.03632        1
    0.2927    2.0000

    0.3000    2.0000

    0.3000    2.0000

    0.3000    2.0000

    0.3000    2.0000

    0.3000    2.0000

    0.3000    2.0000

    0.3000    2.0000

    0.3000    2.0000

    0.3000    2.0000

    0.3000    2.0000

    0.3000    2.0000

    0.3000    2.0000

    0.3000    2.0000

    0.3000    2.0000

    0.3000    2.0000

    0.3000    2.0000

    0.3000    2.0000

    0.3000    2.0000

    0.3000    2.0000

    0.3000    2.0000

    0.3000    2.0000

    0.3000    2.0000

    0.3000    2.0000

    0.3000    2.0000

    0.3000    2.0000

    0.3000    1.0000

    0.3000    3.0000

    0.3000    2.0000

    0.3000    2.0000

    0.3000    2.0000

    0.3000    2.0000

    0.3000    2.0000

    0.3000    2.0000

    0.3000    2.0000

    0.3000    2.0000

    0.3000    3.0000

    0.3000    2.0000

   45             1752        -0.03632        -0.03632        0
    0.3000    2.0000

    0.3000    2.0000

    0.3000    2.0000

    0.3000    2.0000

    0.3000    2.0000

    0.3000    2.0000

    0.3000    2.0000

    0.3000    2.0000

    0.3000    2.0000

    0.3000    2.0000

    0.3000    2.0000

    0.3000    2.0000

    0.3000    2.0000

    0.3000    2.0000

    0.3000    2.0000

    0.3000    2.0000

    0.3000    2.0000

    0.3000    2.0000

    0.3000    2.0000

    0.3000    2.0000

    0.3000    2.0000

    0.3000    2.0000

    0.3000    2.0000

    0.3000    2.0000

    0.3000    2.0000

    0.3000    1.0000

    0.3000    2.0000

    0.3000    2.0000

    0.3000    1.0000

    0.3000    2.0000

    0.3000    2.0000

    0.3000    1.0000

    0.3000    3.0000

    0.3000    3.0000

    0.3000    2.0000

    0.3000    2.0000

    0.3000    2.0000

    0.3000    2.0000

   46             1790        -0.03632        -0.03632        0
    0.3000    2.0000

    0.3000    2.0000

    0.3000    2.0000

    0.3000    2.0000

    0.3000    2.0000

    0.3000    2.0000

    0.3000    2.0000

    0.3000    2.0000

    0.3000    2.0000

    0.3000    2.0000

    0.3000    2.0000

    0.3000    2.0000

    0.3000    2.0000

    0.3000    2.0000

    0.3000    2.0000

    0.3000    2.0000

    0.3000    2.0000

    0.3000    2.0000

    0.3000    2.0000

    0.3000    2.0000

    0.3000    2.0000

    0.3000    2.0000

    0.3000    2.0000

    0.3000    2.0000

    0.3000    3.0000

    0.3000    1.0000

    0.3000    2.0000

    0.3000    2.0000

    0.3000    4.0000

    0.3000    2.0000

    0.3000    2.0000

    0.3000    1.0000

    0.3000    2.0000

    0.3000    2.0000

    0.3000    1.0000

    0.3000    1.0000

    0.3000    2.0000

    0.3000    2.0000

   47             1828        -0.03632        -0.03632        1
    0.3000    2.0000

    0.3000    2.0000

    0.3000    2.0000

    0.3000    2.0000

    0.3000    2.0000

    0.3000    2.0000

    0.3000    2.0000

    0.3000    2.0000

    0.3000    2.0000

    0.3000    2.0000

    0.3000    2.0000

    0.3000    2.0000

    0.3000    2.0000

    0.3000    2.0000

    0.3000    2.0000

    0.3000    2.0000

    0.3000    2.0000

    0.3000    2.0000

    0.3000    2.0000

    0.3000    2.0000

    0.3000    2.0000

    0.3000    2.0000

    0.3000    2.0000

    0.3000    2.0000

    0.3000    1.0000

    0.3000    3.0000

    0.3000    2.0000

    0.3000    2.0000

    0.3000    2.0000

    0.3000    2.0000

    0.3000    2.0000

    0.3000    1.0000

    0.3000    2.0000

    0.3000    1.0000

    0.3000    2.0000

    0.3000    4.0000

    0.3000    2.0000

    0.3000    2.0000

   48             1866        -0.03632        -0.03632        0
    0.3000    2.0000

    0.3000    2.0000

    0.3000    2.0000

    0.3000    2.0000

    0.3000    2.0000

    0.3000    2.0000

    0.3000    2.0000

    0.3000    2.0000

    0.3000    2.0000

    0.3000    2.0000

    0.3000    2.0000

    0.3000    2.0000

    0.3000    1.0000

    0.3000    2.0000

    0.3000    2.0000

    0.3000    2.0000

    0.3000    2.0000

    0.3000    2.0000

    0.3000    2.0000

    0.3000    2.0000

    0.3000    2.0000

    0.3000    3.0000

    0.3000    2.0000

    0.3000    2.0000

    0.3000    3.0000

    0.3000    4.0000

    0.3000    2.0000

    0.3000    2.0000

    0.3000    2.0000

    0.3000    2.0000

    0.3000    2.0000

    0.3000    3.0000

    0.3000    2.0000

    0.3000    2.0000

    0.3000    1.0000

    0.3000    2.0000

    0.3000    3.0000

    0.3000    1.0000

   49             1904        -0.03632        -0.03632        1
    0.3000    2.0000

    0.3000    2.0000

    0.3000    3.0000

    0.3000    2.0000

    0.3000    2.0000

    0.3000    2.0000

    0.3000    2.0000

    0.3000    2.0000

    0.3000    2.0000

    0.3000    2.0000

    0.3000    2.0000

    0.3000    2.0000

    0.3000    2.0000

    0.3000    2.0000

    0.3000    2.0000

    0.3000    2.0000

    0.3000    2.0000

    0.3000    2.0000

    0.3000    2.0000

    0.3000    2.0000

    0.3000    2.0000

    0.3000    2.0000

    0.3000    2.0000

    0.3000    2.0000

    0.3000    2.0000

    0.3000    1.0000

    0.3000    2.0000

    0.3000    2.0000

    0.3000    1.0000

    0.3000    2.0000

    0.3000    2.0000

    0.3000    2.0000

    0.3000    2.0000

    0.3000    1.0000

    0.3000    2.0000

    0.3000    2.0000

    0.3000    2.0000

    0.3000    3.0000

   50             1942        -0.03632        -0.03632        2
    0.3000    2.0000

    0.3000    2.0000

    0.3000    2.0000

    0.3000    2.0000

    0.3000    2.0000

    0.3000    2.0000

    0.3000    2.0000

    0.3000    2.0000

    0.3000    2.0000

    0.3000    2.0000

    0.3000    2.0000

    0.3000    2.0000

    0.3000    2.0000

    0.3000    2.0000

    0.3000    2.0000

    0.3000    2.0000

    0.3000    2.0000

    0.3000    2.0000

    0.3000    2.0000

    0.3000    2.0000

    0.3000    2.0000

    0.3000    2.0000

    0.3000    2.0000

    0.3000    2.0000

    0.3000    2.0000

    0.3000    2.0000

    0.3000    1.0000

    0.3000    2.0000

    0.3000    2.0000

    0.3000    1.0000

    0.3000    2.0000

    0.3000    2.0000

    0.3000    2.0000

    0.3000    1.0000

    0.3000    2.0000

    0.3000    2.0000

    0.3000    2.0000

    0.3000    1.0000

   51             1980        -0.03632        -0.03632        3
    0.3000    2.0000

Optimization terminated: average change in the penalty fitness value less than options.FunctionTolerance
and constraint violation is less than options.ConstraintTolerance.

ans =

    'Time passed (hours): '

    0.0129

Fitness function has reached the value: 
-0.036316
Algorithm outputs the given Length parameters: 
0.3           2
E
    0.0744    2.0000

    0.0817    4.0000

    0.0894    1.0000

    0.2912    4.0000

    0.2894    3.0000

    0.1867    3.0000

    0.2783    4.0000

    0.2501    2.0000

    0.1713    2.0000

    0.2893    3.0000

    0.2926    3.0000

    0.2081    2.0000

    0.2481    2.0000

    0.2789    2.0000

    0.1554    4.0000

    0.0855    2.0000

    0.0743    3.0000

    0.0615    2.0000

    0.2623    2.0000

    0.0589    2.0000

    0.2139    3.0000

    0.2899    1.0000

    0.1196    3.0000

    0.2358    2.0000

    0.2394    4.0000

    0.2197    3.0000

    0.2835    4.0000

    0.1192    3.0000

    0.0580    1.0000

    0.2876    2.0000

    0.2237    2.0000

    0.2559    3.0000

    0.1454    4.0000

    0.0586    2.0000

    0.2139    2.0000

    0.1481    2.0000

    0.1293    2.0000

    0.2265    3.0000

    0.0928    2.0000

    0.1597    2.0000


                                  Best          Mean         Stall
Generation      Func-count     Penalty         Penalty    Generations
    0.0629    1.0000

    0.1293    2.0000

    0.1066    2.0000

    0.2713    3.0000

    0.2181    2.0000

    0.1597    2.0000

    0.1481    2.0000

    0.2973    2.0000

    0.2208    2.0000

    0.2607    1.0000

    0.1196    2.0000

    0.2579    4.0000

    0.1544    4.0000

    0.2467    2.0000

    0.2840    3.0000

    0.2404    4.0000

    0.0798    4.0000

    0.2929    2.0000

    0.2955    4.0000

    0.2944    4.0000

    0.2268    2.0000

    0.2636    2.0000

    0.1561    1.0000

    0.2867    3.0000

    0.2098    3.0000

    0.1418    2.0000

    0.2555    2.0000

    0.2912    4.0000

    0.1546    2.0000

    0.2566    3.0000

    0.2906    1.0000

    0.2197    3.0000

    0.2237    2.0000

    0.1481    3.0000

    0.2691    4.0000

    0.2784    2.0000

    0.0615    3.0000

    0.0855    2.0000

    0.2899    1.0000

    0.0511    1.0000

    1               80          -1.162         -0.4111        0
    0.1246    3.0000

    0.2162    1.0000

    0.1481    2.0000

    0.1115    2.0000

    0.2791    4.0000

    0.2732    1.0000

    0.1026    3.0000

    0.2570    1.0000

    0.1827    4.0000

    0.2049    2.0000

    0.1606    2.0000

    0.2801    4.0000

    0.2170    2.0000

    0.2736    3.0000

    0.1637    1.0000

    0.2632    2.0000

    0.2312    2.0000

    0.1969    3.0000

    0.1993    2.0000

    0.2890    4.0000

    0.1608    2.0000

    0.1262    2.0000

    0.0731    2.0000

    0.2270    2.0000

    0.2288    3.0000

    0.2268    2.0000

    0.2261    3.0000

    0.2611    2.0000

    0.2237    2.0000

    0.2929    3.0000

    0.2247    4.0000

    0.1452    2.0000

    0.2912    4.0000

    0.1415    2.0000

    0.2959    2.0000

    0.2636    1.0000

    0.1491    2.0000

    0.2944    4.0000

    2              118          -1.175         -0.5778        0
    0.1449    2.0000

    0.1206    1.0000

    0.0653    2.0000

    0.2322    2.0000

    0.1633    2.0000

    0.1417    2.0000

    0.1223    2.0000

    0.1576    2.0000

    0.1549    2.0000

    0.2255    1.0000

    0.1593    4.0000

    0.2224    2.0000

    0.1372    2.0000

    0.1072    4.0000

    0.2888    4.0000

    0.2781    3.0000

    0.2880    4.0000

    0.1158    2.0000

    0.2724    1.0000

    0.2561    2.0000

    0.1128    2.0000

    0.2132    2.0000

    0.1401    2.0000

    0.1449    2.0000

    0.2237    1.0000

    0.2733    1.0000

    0.1415    2.0000

    0.1240    1.0000

    0.2162    1.0000

    0.1320    2.0000

    0.2174    3.0000

    0.1462    2.0000

    0.2558    1.0000

    0.1827    4.0000

    0.2268    2.0000

    0.2890    4.0000

    0.1415    2.0000

    0.2801    4.0000

    3              156            -1.2         -0.7673        0
    0.1473    2.0000

    0.2174    1.0000

    0.1457    2.0000

    0.0728    2.0000

    0.2634    1.0000

    0.2147    2.0000

    0.1304    2.0000

    0.2877    2.0000

    0.1588    3.0000

    0.1717    2.0000

    0.1591    2.0000

    0.2161    2.0000

    0.1676    2.0000

    0.2725    1.0000

    0.2374    2.0000

    0.2214    1.0000

    0.2210    2.0000

    0.2038    2.0000

    0.2617    4.0000

    0.2225    2.0000

    0.2176    1.0000

    0.1466    3.0000

    0.2521    1.0000

    0.1479    2.0000

    0.1365    4.0000

    0.1633    3.0000

    0.1362    3.0000

    0.2781    4.0000

    0.2162    1.0000

    0.1414    2.0000

    0.2152    3.0000

    0.1255    2.0000

    0.1549    3.0000

    0.2162    1.0000

    0.1549    2.0000

    0.1372    2.0000

    0.2894    4.0000

    0.1638    1.0000

    4              194            -1.2         -0.7164        1
    0.1255    2.0000

    0.2911    3.0000

    0.2175    2.0000

    0.1576    3.0000

    0.1967    2.0000

    0.2055    2.0000

    0.2153    2.0000

    0.2183    2.0000

    0.2178    1.0000

    0.2197    2.0000

    0.2468    2.0000

    0.1549    2.0000

    0.2166    2.0000

    0.1591    2.0000

    0.1358    3.0000

    0.1448    2.0000

    0.1287    2.0000

    0.1505    1.0000

    0.2508    1.0000

    0.1343    2.0000

    0.0612    2.0000

    0.1681    2.0000

    0.1393    2.0000

    0.2439    3.0000

    0.1450    2.0000

    0.2193    1.0000

    0.2264    1.0000

    0.2374    1.0000

    0.1315    2.0000

    0.1158    1.0000

    0.2725    1.0000

    0.2215    2.0000

    0.2291    2.0000

    0.1472    2.0000

    0.2544    1.0000

    0.2255    1.0000

    0.1413    2.0000

    0.1457    3.0000

    5              232          -1.201         -0.7656        0
    0.1307    3.0000

    0.1447    2.0000

    0.1334    2.0000

    0.2404    1.0000

    0.2293    1.0000

    0.2192    2.0000

    0.2351    2.0000

    0.1519    2.0000

    0.2254    1.0000

    0.1793    2.0000

    0.2167    1.0000

    0.2117    2.0000

    0.1572    2.0000

    0.2570    1.0000

    0.0752    2.0000

    0.2754    2.0000

    0.1134    2.0000

    0.0919    2.0000

    0.2488    1.0000

    0.2162    2.0000

    0.1552    2.0000

    0.1756    2.0000

    0.2654    3.0000

    0.1354    2.0000

    0.1343    2.0000

    0.2143    2.0000

    0.2351    2.0000

    0.1592    2.0000

    0.1591    3.0000

    0.1210    2.0000

    0.1183    2.0000

    0.1967    2.0000

    0.1448    1.0000

    0.1254    1.0000

    0.2201    1.0000

    0.2498    3.0000

    0.1377    2.0000

    0.2167    1.0000

    6              270          -1.201         -0.7745        1
    0.1370    2.0000

    0.2694    2.0000

    0.1242    2.0000

    0.1329    2.0000

    0.2043    4.0000

    0.1623    2.0000

    0.2173    1.0000

    0.1326    2.0000

    0.1870    2.0000

    0.1918    2.0000

    0.1083    2.0000

    0.2161    2.0000

    0.2257    1.0000

    0.1287    2.0000

    0.1199    2.0000

    0.1579    2.0000

    0.2791    2.0000

    0.1333    2.0000

    0.2329    1.0000

    0.1556    2.0000

    0.2201    1.0000

    0.1236    2.0000

    0.1202    2.0000

    0.2291    1.0000

    0.1227    2.0000

    0.2589    2.0000

    0.2821    1.0000

    0.1334    1.0000

    0.1756    2.0000

    0.1591    4.0000

    0.2110    1.0000

    0.1319    2.0000

    0.1541    2.0000

    0.0974    1.0000

    0.2004    2.0000

    0.1387    3.0000

    0.1788    2.0000

    0.2150    1.0000

    7              308          -1.201         -0.9015        2
    0.1319    2.0000

    0.1326    2.0000

    0.2034    3.0000

    0.2209    3.0000

    0.1312    2.0000

    0.1640    4.0000

    0.2532    2.0000

    0.1584    2.0000

    0.1565    2.0000

    0.2025    2.0000

    0.1742    2.0000

    0.2240    1.0000

    0.2476    2.0000

    0.1331    2.0000

    0.1919    3.0000

    0.1361    2.0000

    0.1286    2.0000

    0.1730    2.0000

    0.2262    1.0000

    0.2173    1.0000

    0.1195    2.0000

    0.2470    3.0000

    0.2062    4.0000

    0.1367    3.0000

    0.2200    1.0000

    0.2291    1.0000

    0.2334    1.0000

    0.2173    1.0000

    0.1822    2.0000

    0.1056    2.0000

    0.2281    1.0000

    0.2204    3.0000

    0.2265    3.0000

    0.2201    1.0000

    0.1226    2.0000

    0.1350    2.0000

    0.1242    1.0000

    0.1319    2.0000

    8              346          -1.201         -0.8376        0
    0.2694    3.0000

    0.2259    1.0000

    0.2304    1.0000

    0.2198    2.0000

    0.1368    2.0000

    0.2261    1.0000

    0.1308    1.0000

    0.1090    3.0000

    0.2201    3.0000

    0.1315    2.0000

    0.1514    2.0000

    0.1722    2.0000

    0.2379    1.0000

    0.1378    3.0000

    0.2299    2.0000

    0.1932    1.0000

    0.1274    2.0000

    0.2517    2.0000

    0.2279    1.0000

    0.2197    1.0000

    0.2282    1.0000

    0.2281    1.0000

    0.1540    2.0000

    0.1974    2.0000

    0.2114    1.0000

    0.2257    1.0000

    0.2173    1.0000

    0.1584    2.0000

    0.2172    1.0000

    0.2241    3.0000

    0.2214    1.0000

    0.1350    2.0000

    0.1741    3.0000

    0.1231    1.0000

    0.2356    3.0000

    0.2269    1.0000

    0.2356    1.0000

    0.1767    2.0000

    9              384          -1.201         -0.8267        0
    0.2285    1.0000

    0.1449    1.0000

    0.2254    1.0000

    0.2281    1.0000

    0.2279    1.0000

    0.1737    1.0000

    0.1259    2.0000

    0.1236    2.0000

    0.1309    1.0000

    0.1767    2.0000

    0.2281    1.0000

    0.2276    1.0000

    0.2193    1.0000

    0.2333    2.0000

    0.2261    1.0000

    0.2270    1.0000

    0.2379    1.0000

    0.2302    1.0000

    0.2271    1.0000

    0.1428    1.0000

    0.2539    1.0000

    0.2147    1.0000

    0.2259    1.0000

    0.2194    1.0000

    0.2310    2.0000

    0.2290    1.0000

    0.2559    1.0000

    0.1048    2.0000

    0.2269    1.0000

    0.2281    1.0000

    0.2265    1.0000

    0.1965    3.0000

    0.2290    1.0000

    0.2405    1.0000

    0.1248    3.0000

    0.2191    1.0000

    0.2279    1.0000

    0.1315    3.0000

   10              422          -1.201         -0.9454        0
    0.2303    1.0000

    0.2231    1.0000

    0.2279    1.0000

    0.2279    1.0000

    0.2269    1.0000

    0.2259    1.0000

    0.2274    1.0000

    0.2195    1.0000

    0.2260    1.0000

    0.2317    2.0000

    0.2149    1.0000

    0.2281    1.0000

    0.2284    1.0000

    0.1519    4.0000

    0.2289    1.0000

    0.2202    1.0000

    0.2265    1.0000

    0.2310    1.0000

    0.2265    1.0000

    0.2263    1.0000

    0.2425    2.0000

    0.2209    1.0000

    0.2279    1.0000

    0.2381    1.0000

    0.2262    1.0000

    0.2279    1.0000

    0.2314    1.0000

    0.2251    1.0000

    0.2194    1.0000

    0.2390    1.0000

    0.2342    1.0000

    0.2211    2.0000

    0.2425    1.0000

    0.1767    2.0000

    0.2622    1.0000

    0.2276    1.0000

    0.2259    1.0000

    0.1057    1.0000

   11              460          -1.201           -1.09        1
    0.2310    1.0000

    0.2258    1.0000

    0.2225    1.0000

    0.2246    1.0000

    0.2241    1.0000

    0.2284    1.0000

    0.2209    1.0000

    0.2281    1.0000

    0.2280    1.0000

    0.2311    1.0000

    0.2278    1.0000

    0.2423    1.0000

    0.2276    1.0000

    0.2280    1.0000

    0.2257    1.0000

    0.2272    1.0000

    0.2284    1.0000

    0.2230    1.0000

    0.2276    1.0000

    0.2281    1.0000

    0.2260    1.0000

    0.2274    1.0000

    0.2297    3.0000

    0.2233    1.0000

    0.2276    1.0000

    0.2310    1.0000

    0.2276    1.0000

    0.2254    1.0000

    0.2276    1.0000

    0.2328    1.0000

    0.2284    1.0000

    0.2266    1.0000

    0.2278    1.0000

    0.2276    1.0000

    0.2373    1.0000

    0.2279    1.0000

    0.2262    1.0000

    0.2284    1.0000

   12              498          -1.201          -1.169        0
    0.2313    1.0000

    0.2276    1.0000

    0.2281    1.0000

    0.2283    1.0000

    0.2259    1.0000

    0.2276    1.0000

    0.2277    1.0000

    0.2272    1.0000

    0.2278    1.0000

    0.2276    1.0000

    0.2228    1.0000

    0.2259    1.0000

    0.2310    1.0000

    0.2283    1.0000

    0.2277    1.0000

    0.2280    1.0000

    0.2260    1.0000

    0.2272    1.0000

    0.2276    1.0000

    0.2268    1.0000

    0.2286    1.0000

    0.2283    1.0000

    0.2277    1.0000

    0.2274    1.0000

    0.2278    1.0000

    0.2015    1.0000

    0.2263    1.0000

    0.2274    1.0000

    0.2433    1.0000

    0.2266    1.0000

    0.2260    1.0000

    0.2276    1.0000

    0.2283    1.0000

    0.2280    1.0000

    0.2281    1.0000

    0.2280    1.0000

    0.2323    1.0000

    0.2276    1.0000

   13              536          -1.201          -1.196        1
    0.2274    1.0000

    0.2280    1.0000

    0.2277    1.0000

    0.2279    1.0000

    0.2284    1.0000

    0.2280    1.0000

    0.2272    1.0000

    0.2268    1.0000

    0.2274    1.0000

    0.2263    1.0000

    0.2283    1.0000

    0.2275    1.0000

    0.2277    1.0000

    0.2281    1.0000

    0.2276    1.0000

    0.2282    1.0000

    0.2267    1.0000

    0.2273    1.0000

    0.2284    1.0000

    0.2270    1.0000

    0.2275    1.0000

    0.2286    1.0000

    0.2276    1.0000

    0.2274    1.0000

    0.2377    1.0000

    0.2075    1.0000

    0.2280    1.0000

    0.2276    1.0000

    0.2520    1.0000

    0.2274    1.0000

    0.2276    1.0000

    0.2276    1.0000

    0.2277    1.0000

    0.2277    1.0000

    0.2276    1.0000

    0.2278    1.0000

    0.2276    1.0000

    0.2279    1.0000

   14              574          -1.201          -1.196        0
    0.2276    1.0000

    0.2277    1.0000

    0.2276    1.0000

    0.2276    1.0000

    0.2262    1.0000

    0.2275    1.0000

    0.2278    1.0000

    0.2278    1.0000

    0.2279    1.0000

    0.2275    1.0000

    0.2282    1.0000

    0.2276    1.0000

    0.2277    1.0000

    0.2279    1.0000

    0.2280    1.0000

    0.2276    1.0000

    0.2276    1.0000

    0.2277    1.0000

    0.2276    1.0000

    0.2277    1.0000

    0.2276    1.0000

    0.2277    1.0000

    0.2280    1.0000

    0.2279    1.0000

    0.2769    1.0000

    0.2356    1.0000

    0.2284    1.0000

    0.2276    1.0000

    0.2278    1.0000

    0.2283    1.0000

    0.2276    1.0000

    0.2277    1.0000

    0.2276    1.0000

    0.2275    1.0000

    0.2276    1.0000

    0.2276    1.0000

    0.2279    1.0000

    0.2275    1.0000

   15              612          -1.201          -1.191        1
    0.2276    1.0000

    0.2275    1.0000

    0.2276    1.0000

    0.2276    1.0000

    0.2277    1.0000

    0.2276    1.0000

    0.2284    1.0000

    0.2277    1.0000

    0.2276    1.0000

    0.2278    1.0000

    0.2277    1.0000

    0.2278    1.0000

    0.2276    1.0000

    0.2276    1.0000

    0.2276    1.0000

    0.2276    1.0000

    0.2276    1.0000

    0.2276    1.0000

    0.2275    1.0000

    0.2276    1.0000

    0.2277    1.0000

    0.2276    1.0000

    0.2276    1.0000

    0.2279    1.0000

    0.2277    1.0000

    0.2276    1.0000

    0.0567    1.0000

    0.2276    1.0000

    0.2276    1.0000

    0.2290    1.0000

    0.2277    1.0000

    0.2276    1.0000

    0.2277    1.0000

    0.2276    1.0000

    0.2282    1.0000

    0.2276    1.0000

    0.2284    1.0000

    0.2276    1.0000

   16              650          -1.201          -1.172        2
    0.2276    1.0000

    0.2276    1.0000

    0.2276    1.0000

    0.2276    1.0000

    0.2277    1.0000

    0.2276    1.0000

    0.2277    1.0000

    0.2276    1.0000

    0.2276    1.0000

    0.2276    1.0000

    0.2276    1.0000

    0.2276    1.0000

    0.2276    1.0000

    0.2276    1.0000

    0.2276    1.0000

    0.2276    1.0000

    0.2276    1.0000

    0.2276    1.0000

    0.2276    1.0000

    0.2276    1.0000

    0.2276    1.0000

    0.2276    1.0000

    0.2276    1.0000

    0.2276    1.0000

    0.2257    1.0000

    0.2276    1.0000

    0.2276    1.0000

    0.2352    1.0000

    0.2711    1.0000

    0.2272    1.0000

    0.2276    1.0000

    0.2189    1.0000

    0.2276    1.0000

    0.2276    1.0000

    0.2277    1.0000

    0.2276    1.0000

    0.2276    1.0000

    0.2276    1.0000

   17              688          -1.201          -1.192        0
    0.2276    1.0000

    0.2276    1.0000

    0.2276    1.0000

    0.2276    1.0000

    0.2276    1.0000

    0.2276    1.0000

    0.2276    1.0000

    0.2277    1.0000

    0.2276    1.0000

    0.2276    1.0000

    0.2276    1.0000

    0.2276    1.0000

    0.2276    1.0000

    0.2276    1.0000

    0.2276    1.0000

    0.2276    1.0000

    0.2276    1.0000

    0.2276    1.0000

    0.2276    1.0000

    0.2276    1.0000

    0.2277    1.0000

    0.2276    1.0000

    0.2276    1.0000

    0.2276    1.0000

    0.2276    1.0000

    0.2276    1.0000

    0.2277    1.0000

    0.2276    1.0000

    0.2276    1.0000

    0.2276    1.0000

    0.2276    1.0000

    0.2457    1.0000

    0.1784    1.0000

    0.2276    1.0000

    0.2313    1.0000

    0.2276    1.0000

    0.2276    1.0000

    0.2542    1.0000

   18              726          -1.201          -1.184        0
    0.2276    1.0000

    0.2276    1.0000

    0.2276    1.0000

    0.2276    1.0000

    0.2276    1.0000

    0.2276    1.0000

    0.2276    1.0000

    0.2276    1.0000

    0.2276    1.0000

    0.2276    1.0000

    0.2276    1.0000

    0.2276    1.0000

    0.2276    1.0000

    0.2276    1.0000

    0.2276    1.0000

    0.2276    1.0000

    0.2276    1.0000

    0.2276    1.0000

    0.2276    1.0000

    0.2276    1.0000

    0.2276    1.0000

    0.2276    1.0000

{Operation terminated by user during <a href="matlab:matlab.internal.language.introspective.errorDocCallback('distcomp.remoteparfor/getCompleteIntervals', 'D:\Program Files\MATLAB\R2021a\toolbox\parallel\distcomp\+distcomp\remoteparfor.m', 379)" style="font-weight:bold">distcomp.remoteparfor/getCompleteIntervals</a>
(<a href="matlab: opentoline('D:\Program Files\MATLAB\R2021a\toolbox\parallel\distcomp\+distcomp\remoteparfor.m',379,0)">line 379</a>)


In <a href="matlab:matlab.internal.language.introspective.errorDocCallback('parallel_function>distributed_execution', 'D:\Program Files\MATLAB\R2021a\toolbox\matlab\lang\parallel_function.m', 741)" style="font-weight:bold">parallel_function>distributed_execution</a> (<a href="matlab: opentoline('D:\Program Files\MATLAB\R2021a\toolbox\matlab\lang\parallel_function.m',741,0)">line 741</a>)
        [tags, out] = P.getCompleteIntervals(chunkSize);

In <a href="matlab:matlab.internal.language.introspective.errorDocCallback('parallel_function', 'D:\Program Files\MATLAB\R2021a\toolbox\matlab\lang\parallel_function.m', 573)" style="font-weight:bold">parallel_function</a> (<a href="matlab: opentoline('D:\Program Files\MATLAB\R2021a\toolbox\matlab\lang\parallel_function.m',573,0)">line 573</a>)
    R = distributed_execution(...

In <a href="matlab:matlab.internal.language.introspective.errorDocCallback('fcnvectorizer', 'D:\Program Files\MATLAB\R2021a\toolbox\globaloptim\globaloptim\private\fcnvectorizer.m', 16)" style="font-weight:bold">fcnvectorizer</a> (<a href="matlab: opentoline('D:\Program Files\MATLAB\R2021a\toolbox\globaloptim\globaloptim\private\fcnvectorizer.m',16,0)">line 16</a>)
        parfor (i = 1:popSize)

In gaminlppenaltyfcn

In gapenalty

In <a href="matlab:matlab.internal.language.introspective.errorDocCallback('stepGA', 'D:\Program Files\MATLAB\R2021a\toolbox\globaloptim\globaloptim\private\stepGA.m', 63)" style="font-weight:bold">stepGA</a> (<a href="matlab: opentoline('D:\Program Files\MATLAB\R2021a\toolbox\globaloptim\globaloptim\private\stepGA.m',63,0)">line 63</a>)
    nextScore = FitnessFcn(pop);

In <a href="matlab:matlab.internal.language.introspective.errorDocCallback('galincon', 'D:\Program Files\MATLAB\R2021a\toolbox\globaloptim\globaloptim\private\galincon.m', 67)" style="font-weight:bold">galincon</a> (<a href="matlab: opentoline('D:\Program Files\MATLAB\R2021a\toolbox\globaloptim\globaloptim\private\galincon.m',67,0)">line 67</a>)
        [score,population,state] =
        stepGA(score,population,options,state,GenomeLength,FitnessFcn);

In gapenalty

In gaminlp

In <a href="matlab:matlab.internal.language.introspective.errorDocCallback('ga', 'D:\Program Files\MATLAB\R2021a\toolbox\globaloptim\globaloptim\ga.m', 394)" style="font-weight:bold">ga</a> (<a href="matlab: opentoline('D:\Program Files\MATLAB\R2021a\toolbox\globaloptim\globaloptim\ga.m',394,0)">line 394</a>)
    [x,fval,exitFlag,output,population,scores] = gaminlp(FitnessFcn,nvars, ...

In <a href="matlab:matlab.internal.language.introspective.errorDocCallback('Ga', 'C:\Users\Ignatio Denton\Desktop\Darbas\2D RCWA\Ga.m', 25)" style="font-weight:bold">Ga</a> (<a href="matlab: opentoline('C:\Users\Ignatio Denton\Desktop\Darbas\2D RCWA\Ga.m',25,0)">line 25</a>)
    [vec_var_output, fval_output, eflag_output, ~] = ga(fun,L,A,b,Aeq,beq,...

In <a href="matlab:matlab.internal.language.introspective.errorDocCallback('Optimization', 'C:\Users\Ignatio Denton\Desktop\Darbas\2D RCWA\Optimization.m', 3)" style="font-weight:bold">Optimization</a> (<a href="matlab: opentoline('C:\Users\Ignatio Denton\Desktop\Darbas\2D RCWA\Optimization.m',3,0)">line 3</a>)
        [Params, Output, fval_output, eflag_output] = Ga(fitness, Params, lb, ub,
        distribution); % Genetic Algorithm - mixed problem

In <a href="matlab:matlab.internal.language.introspective.errorDocCallback('LiveEditorEvaluationHelperESectionEvalcd4537fb', 'C:\Users\Ignatio Denton\AppData\Local\Temp\Editor_dgkmj\LiveEditorEvaluationHelperESectionEvalcd4537fb.m', 231)" style="font-weight:bold">LiveEditorEvaluationHelperESectionEvalcd4537fb</a> (<a href="matlab: opentoline('C:\Users\Ignatio Denton\AppData\Local\Temp\Editor_dgkmj\LiveEditorEvaluationHelperESectionEvalcd4537fb.m',231,0)">line 231</a>)
            [~, Output, fval_output_G, eflag_output_G] = Optimization(fitness,...
} 
E
    0.0817    4.0000

    0.2783    4.0000

    0.2081    2.0000

    0.0744    2.0000

    0.1196    3.0000

    0.0894    1.0000

    0.2912    4.0000

    0.2894    3.0000

    0.1867    3.0000

    0.2265    3.0000

    0.0928    2.0000

    0.2501    2.0000

    0.1713    2.0000

    0.2893    3.0000

    0.2926    3.0000

    0.2481    2.0000

    0.2789    2.0000

    0.1554    4.0000

    0.0855    2.0000

    0.2623    2.0000

    0.0589    2.0000

    0.2139    3.0000

    0.2899    1.0000

    0.2358    2.0000

    0.2394    4.0000

    0.2197    3.0000

    0.2835    4.0000

    0.2876    2.0000

    0.0743    3.0000

    0.0615    2.0000

    0.1597    2.0000

    0.2237    2.0000

    0.2559    3.0000

    0.0586    2.0000

    0.2139    2.0000

    0.1481    2.0000

    0.1293    2.0000

    0.1192    3.0000

    0.0580    1.0000

    0.1454    4.0000


                                  Best          Mean         Stall
Generation      Func-count     Penalty         Penalty    Generations
    0.0629    1.0000

    0.1293    2.0000

    0.1066    2.0000

    0.2713    3.0000

    0.2181    2.0000

    0.1597    2.0000

    0.1481    2.0000

    0.2973    2.0000

    0.2208    2.0000

    0.2607    1.0000

    0.1196    2.0000

    0.2579    4.0000

    0.1544    4.0000

    0.2467    2.0000

    0.2840    3.0000

    0.2404    4.0000

    0.0798    4.0000

    0.2929    2.0000

    0.2955    4.0000

    0.2944    4.0000

    0.2691    4.0000

    0.2784    2.0000

    0.2268    2.0000

    0.2636    2.0000

    0.1561    1.0000

    0.2867    3.0000

    0.2098    3.0000

    0.1418    2.0000

    0.2555    2.0000

    0.2906    1.0000

    0.0855    2.0000

    0.2899    1.0000

    0.1481    3.0000

    0.1546    2.0000

    0.2566    3.0000

    0.0511    1.0000

    0.2912    4.0000

    0.2197    3.0000

    0.2237    2.0000

    0.0615    3.0000

    1               80          -1.162         -0.4111        0
    0.1608    2.0000

    0.2162    1.0000

    0.1481    2.0000

    0.1115    2.0000

    0.2791    4.0000

    0.1246    3.0000

    0.2570    1.0000

    0.1827    4.0000

    0.2049    2.0000

    0.2170    2.0000

    0.2736    3.0000

    0.1637    1.0000

    0.2632    2.0000

    0.2312    2.0000

    0.1969    3.0000

    0.1993    2.0000

    0.2890    4.0000

    0.1262    2.0000

    0.0731    2.0000

    0.2270    2.0000

    0.1606    2.0000

    0.2801    4.0000

    0.2732    1.0000

    0.1026    3.0000

    0.2237    2.0000

    0.2611    2.0000

    0.2288    3.0000

    0.2268    2.0000

    0.2636    1.0000

    0.1415    2.0000

    0.2959    2.0000

    0.2261    3.0000

    0.2929    3.0000

    0.2247    4.0000

    0.1452    2.0000

    0.2912    4.0000

    0.1491    2.0000

    0.2944    4.0000

    2              118          -1.175         -0.5778        0
    0.1449    2.0000

    0.1206    1.0000

    0.0653    2.0000

    0.2322    2.0000

    0.1633    2.0000

    0.2733    1.0000

    0.1415    2.0000

    0.1417    2.0000

    0.1223    2.0000

    0.1576    2.0000

    0.1549    2.0000

    0.1401    2.0000

    0.1449    2.0000

    0.2255    1.0000

    0.1593    4.0000

    0.2224    2.0000

    0.1372    2.0000

    0.1072    4.0000

    0.2888    4.0000

    0.2781    3.0000

    0.2880    4.0000

    0.1158    2.0000

    0.2724    1.0000

    0.2561    2.0000

    0.1128    2.0000

    0.2132    2.0000

    0.2237    1.0000

    0.2162    1.0000

    0.1240    1.0000

    0.2174    3.0000

    0.1320    2.0000

    0.2268    2.0000

    0.2890    4.0000

    0.1415    2.0000

    0.2801    4.0000

    0.1462    2.0000

    0.2558    1.0000

    0.1827    4.0000

    3              156            -1.2         -0.7673        0
    0.1473    2.0000

    0.2174    1.0000

    0.1457    2.0000

    0.0728    2.0000

    0.2634    1.0000

    0.2162    1.0000

    0.1549    2.0000

    0.2877    2.0000

    0.1588    3.0000

    0.1717    2.0000

    0.1591    2.0000

    0.2161    2.0000

    0.1676    2.0000

    0.2725    1.0000

    0.2374    2.0000

    0.2214    1.0000

    0.2210    2.0000

    0.2038    2.0000

    0.2617    4.0000

    0.2225    2.0000

    0.2176    1.0000

    0.1466    3.0000

    0.2521    1.0000

    0.1479    2.0000

    0.1365    4.0000

    0.1633    3.0000

    0.2152    3.0000

    0.1255    2.0000

    0.2162    1.0000

    0.1414    2.0000

    0.1362    3.0000

    0.2781    4.0000

    0.1549    3.0000

    0.2147    2.0000

    0.1304    2.0000

    0.1372    2.0000

    0.2894    4.0000

    0.1638    1.0000

    4              194            -1.2         -0.7164        1
    0.1255    2.0000

    0.2911    3.0000

    0.2175    2.0000

    0.1576    3.0000

    0.1967    2.0000

    0.2055    2.0000

    0.2153    2.0000

    0.2183    2.0000

    0.2178    1.0000

    0.2197    2.0000

    0.2468    2.0000

    0.1549    2.0000

    0.1287    2.0000

    0.1505    1.0000

    0.2166    2.0000

    0.1591    2.0000

    0.1358    3.0000

    0.1448    2.0000

    0.1315    2.0000

    0.1158    1.0000

    0.2508    1.0000

    0.1343    2.0000

    0.0612    2.0000

    0.1681    2.0000

    0.2215    2.0000

    0.2291    2.0000

    0.1450    2.0000

    0.2193    1.0000

    0.2544    1.0000

    0.1393    2.0000

    0.2439    3.0000

    0.1472    2.0000

    0.2725    1.0000

    0.2374    1.0000

    0.2264    1.0000

    0.1457    3.0000

    0.1413    2.0000

    0.2255    1.0000

    5              232          -1.201         -0.7656        0
    0.1572    2.0000

    0.1447    2.0000

    0.1334    2.0000

    0.2404    1.0000

    0.2293    1.0000

    0.1307    3.0000

    0.2192    2.0000

    0.2351    2.0000

    0.1519    2.0000

    0.2254    1.0000

    0.1793    2.0000

    0.2167    1.0000

    0.2117    2.0000

    0.1134    2.0000

    0.0919    2.0000

    0.2570    1.0000

    0.0752    2.0000

    0.2754    2.0000

    0.2143    2.0000

    0.2351    2.0000

    0.2488    1.0000

    0.2162    2.0000

    0.1552    2.0000

    0.1756    2.0000

    0.1210    2.0000

    0.1183    2.0000

    0.1967    2.0000

    0.2498    3.0000

    0.1377    2.0000

    0.2167    1.0000

    0.1343    2.0000

    0.2201    1.0000

    0.1592    2.0000

    0.1448    1.0000

    0.2654    3.0000

    0.1354    2.0000

    0.1254    1.0000

    0.1591    3.0000

    6              270          -1.201         -0.7745        1
    0.1370    2.0000

    0.2694    2.0000

    0.1242    2.0000

    0.1329    2.0000

    0.2043    4.0000

    0.1623    2.0000

    0.2173    1.0000

    0.1326    2.0000

    0.1870    2.0000

    0.2161    2.0000

    0.2257    1.0000

    0.1287    2.0000

    0.2791    2.0000

    0.1333    2.0000

    0.2329    1.0000

    0.1556    2.0000

    0.1227    2.0000

    0.2589    2.0000

    0.2201    1.0000

    0.1236    2.0000

    0.1202    2.0000

    0.2291    1.0000

    0.1918    2.0000

    0.1083    2.0000

    0.1319    2.0000

    0.1541    2.0000

    0.2821    1.0000

    0.2150    1.0000

    0.2004    2.0000

    0.1387    3.0000

    0.0974    1.0000

    0.1199    2.0000

    0.1579    2.0000

    0.1788    2.0000

    0.1591    4.0000

    0.1756    2.0000

    0.1334    1.0000

    0.2110    1.0000

    7              308          -1.201         -0.9015        2
    0.1326    2.0000

    0.1319    2.0000

    0.2034    3.0000

    0.2209    3.0000

    0.1312    2.0000

    0.1640    4.0000

    0.2532    2.0000

    0.1584    2.0000

    0.1565    2.0000

    0.1361    2.0000

    0.1286    2.0000

    0.2240    1.0000

    0.2476    2.0000

    0.1331    2.0000

    0.1919    3.0000

    0.1730    2.0000

    0.2262    1.0000

    0.2173    1.0000

    0.1195    2.0000

    0.2470    3.0000

    0.2062    4.0000

    0.1367    3.0000

    0.1226    2.0000

    0.1350    2.0000

    0.2200    1.0000

    0.2291    1.0000

    0.2334    1.0000

    0.1319    2.0000

    0.1242    1.0000

    0.2281    1.0000

    0.2025    2.0000

    0.1742    2.0000

    0.2173    1.0000

    0.2204    3.0000

    0.2265    3.0000

    0.2201    1.0000

    0.1056    2.0000

    0.1822    2.0000

    8              346          -1.201         -0.8376        0
    0.2261    1.0000

    0.2259    1.0000

    0.2304    1.0000

    0.2198    2.0000

    0.1368    2.0000

    0.1308    1.0000

    0.1090    3.0000

    0.2201    3.0000

    0.2694    3.0000

    0.1722    2.0000

    0.2379    1.0000

    0.1378    3.0000

    0.1315    2.0000

    0.1514    2.0000

    0.2299    2.0000

    0.1932    1.0000

    0.1274    2.0000

    0.2517    2.0000

    0.2282    1.0000

    0.2281    1.0000

    0.1540    2.0000

    0.1974    2.0000

    0.2356    3.0000

    0.2269    1.0000

    0.2173    1.0000

    0.2241    3.0000

    0.2214    1.0000

    0.1741    3.0000

    0.1231    1.0000

    0.1584    2.0000

    0.2172    1.0000

    0.2279    1.0000

    0.2197    1.0000

    0.2356    1.0000

    0.2114    1.0000

    0.2257    1.0000

    0.1350    2.0000

    0.1767    2.0000

    9              384          -1.201         -0.8267        0
    0.1449    1.0000

    0.2254    1.0000

    0.2281    1.0000

    0.2279    1.0000

    0.1309    1.0000

    0.1767    2.0000

    0.2285    1.0000

    0.1737    1.0000

    0.1259    2.0000

    0.1236    2.0000

    0.2281    1.0000

    0.2276    1.0000

    0.2193    1.0000

    0.2333    2.0000

    0.2261    1.0000

    0.2270    1.0000

    0.2379    1.0000

    0.2302    1.0000

    0.2539    1.0000

    0.2147    1.0000

    0.2259    1.0000

    0.2194    1.0000

    0.2559    1.0000

    0.2281    1.0000

    0.2271    1.0000

    0.1428    1.0000

    0.2269    1.0000

    0.1248    3.0000

    0.2310    2.0000

    0.2290    1.0000

    0.2405    1.0000

    0.2265    1.0000

    0.1965    3.0000

    0.1315    3.0000

    0.2191    1.0000

    0.2279    1.0000

    0.2290    1.0000

    0.1048    2.0000

   10              422          -1.201         -0.9454        0
    0.2231    1.0000

    0.2279    1.0000

    0.2279    1.0000

    0.2269    1.0000

    0.2259    1.0000

    0.2260    1.0000

    0.2317    2.0000

    0.2149    1.0000

    0.2281    1.0000

    0.2303    1.0000

    0.2284    1.0000

    0.1519    4.0000

    0.2289    1.0000

    0.2202    1.0000

    0.2265    1.0000

    0.2310    1.0000

    0.2265    1.0000

    0.2263    1.0000

    0.2425    2.0000

    0.2209    1.0000

    0.2274    1.0000

    0.2195    1.0000

    0.2262    1.0000

    0.2279    1.0000

    0.2279    1.0000

    0.2622    1.0000

    0.2276    1.0000

    0.2259    1.0000

    0.1057    1.0000

    0.2251    1.0000

    0.2194    1.0000

    0.2314    1.0000

    0.2342    1.0000

    0.2211    2.0000

    0.2425    1.0000

    0.1767    2.0000

    0.2390    1.0000

    0.2381    1.0000

   11              460          -1.201           -1.09        1
    0.2225    1.0000

    0.2246    1.0000

    0.2241    1.0000

    0.2284    1.0000

    0.2209    1.0000

    0.2310    1.0000

    0.2281    1.0000

    0.2280    1.0000

    0.2311    1.0000

    0.2276    1.0000

    0.2280    1.0000

    0.2257    1.0000

    0.2272    1.0000

    0.2258    1.0000

    0.2284    1.0000

    0.2230    1.0000

    0.2276    1.0000

    0.2254    1.0000

    0.2276    1.0000

    0.2281    1.0000

    0.2260    1.0000

    0.2274    1.0000

    0.2266    1.0000

    0.2278    1.0000

    0.2276    1.0000

    0.2297    3.0000

    0.2233    1.0000

    0.2328    1.0000

    0.2278    1.0000

    0.2423    1.0000

    0.2284    1.0000

    0.2284    1.0000

    0.2276    1.0000

    0.2276    1.0000

    0.2279    1.0000

    0.2262    1.0000

    0.2310    1.0000

    0.2373    1.0000

   12              498          -1.201          -1.169        0
    0.2313    1.0000

    0.2276    1.0000

    0.2281    1.0000

    0.2283    1.0000

    0.2259    1.0000

    0.2276    1.0000

    0.2277    1.0000

    0.2272    1.0000

    0.2278    1.0000

    0.2276    1.0000

    0.2228    1.0000

    0.2259    1.0000

    0.2310    1.0000

    0.2283    1.0000

    0.2277    1.0000

    0.2280    1.0000

    0.2260    1.0000

    0.2272    1.0000

    0.2276    1.0000

    0.2268    1.0000

    0.2286    1.0000

    0.2283    1.0000

    0.2280    1.0000

    0.2323    1.0000

    0.2276    1.0000

    0.2263    1.0000

    0.2274    1.0000

    0.2433    1.0000

    0.2281    1.0000

    0.2266    1.0000

    0.2260    1.0000

    0.2276    1.0000

    0.2283    1.0000

    0.2278    1.0000

    0.2277    1.0000

    0.2274    1.0000

    0.2280    1.0000

    0.2015    1.0000

   13              536          -1.201          -1.196        1
    0.2274    1.0000

    0.2274    1.0000

    0.2280    1.0000

    0.2277    1.0000

    0.2279    1.0000

    0.2284    1.0000

    0.2280    1.0000

    0.2272    1.0000

    0.2268    1.0000

    0.2263    1.0000

    0.2283    1.0000

    0.2275    1.0000

    0.2277    1.0000

    0.2281    1.0000

    0.2276    1.0000

    0.2282    1.0000

    0.2276    1.0000

    0.2276    1.0000

    0.2284    1.0000

    0.2270    1.0000

    0.2275    1.0000

    0.2286    1.0000

    0.2267    1.0000

    0.2273    1.0000

    0.2279    1.0000

    0.2075    1.0000

    0.2278    1.0000

    0.2276    1.0000

    0.2520    1.0000

    0.2274    1.0000

    0.2276    1.0000

    0.2274    1.0000

    0.2277    1.0000

    0.2277    1.0000

    0.2276    1.0000

    0.2280    1.0000

    0.2276    1.0000

    0.2377    1.0000

   14              574          -1.201          -1.196        0
    0.2277    1.0000

    0.2276    1.0000

    0.2276    1.0000

    0.2262    1.0000

    0.2276    1.0000

    0.2277    1.0000

    0.2275    1.0000

    0.2278    1.0000

    0.2278    1.0000

    0.2279    1.0000

    0.2275    1.0000

    0.2282    1.0000

    0.2276    1.0000

    0.2277    1.0000

    0.2276    1.0000

    0.2279    1.0000

    0.2280    1.0000

    0.2276    1.0000

    0.2276    1.0000

    0.2277    1.0000

    0.2276    1.0000

    0.2277    1.0000

    0.2275    1.0000

    0.2276    1.0000

    0.2280    1.0000

    0.2279    1.0000

    0.2275    1.0000

    0.2356    1.0000

    0.2276    1.0000

    0.2279    1.0000

    0.2278    1.0000

    0.2283    1.0000

    0.2276    1.0000

    0.2277    1.0000

    0.2276    1.0000

    0.2284    1.0000

    0.2276    1.0000

    0.2769    1.0000

   15              612          -1.201          -1.191        1
    0.2277    1.0000

    0.2275    1.0000

    0.2276    1.0000

    0.2276    1.0000

    0.2277    1.0000

    0.2276    1.0000

    0.2276    1.0000

    0.2284    1.0000

    0.2277    1.0000

    0.2278    1.0000

    0.2276    1.0000

    0.2276    1.0000

    0.2276    1.0000

    0.2278    1.0000

    0.2276    1.0000

    0.2276    1.0000

    0.2276    1.0000

    0.2276    1.0000

    0.2275    1.0000

    0.2276    1.0000

    0.2277    1.0000

    0.2276    1.0000

    0.2276    1.0000

    0.2276    1.0000

    0.2290    1.0000

    0.2282    1.0000

    0.2276    1.0000

    0.2284    1.0000

    0.2276    1.0000

    0.2276    1.0000

    0.0567    1.0000

    0.2276    1.0000

    0.2277    1.0000

    0.2276    1.0000

    0.2276    1.0000

    0.2279    1.0000

    0.2277    1.0000

    0.2277    1.0000

   16              650          -1.201          -1.172        2
    0.2276    1.0000

    0.2276    1.0000

    0.2276    1.0000

    0.2276    1.0000

    0.2277    1.0000

    0.2276    1.0000

    0.2276    1.0000

    0.2276    1.0000

    0.2277    1.0000

    0.2276    1.0000

    0.2276    1.0000

    0.2276    1.0000

    0.2276    1.0000

    0.2276    1.0000

    0.2276    1.0000

    0.2276    1.0000

    0.2276    1.0000

    0.2276    1.0000

    0.2276    1.0000

    0.2276    1.0000

    0.2276    1.0000

    0.2276    1.0000

    0.2276    1.0000

    0.2277    1.0000

    0.2276    1.0000

    0.2276    1.0000

    0.2276    1.0000

    0.2276    1.0000

    0.2276    1.0000

    0.2257    1.0000

    0.2711    1.0000

    0.2276    1.0000

    0.2276    1.0000

    0.2352    1.0000

    0.2272    1.0000

    0.2276    1.0000

    0.2189    1.0000

    0.2276    1.0000

   17              688          -1.201          -1.192        0
    0.2276    1.0000

    0.2276    1.0000

    0.2276    1.0000

    0.2276    1.0000

    0.2276    1.0000

    0.2276    1.0000

    0.2276    1.0000

    0.2277    1.0000

    0.2276    1.0000

    0.2276    1.0000

    0.2276    1.0000

    0.2276    1.0000

    0.2276    1.0000

    0.2276    1.0000

    0.2276    1.0000

    0.2276    1.0000

    0.2276    1.0000

    0.2276    1.0000

    0.2277    1.0000

    0.2276    1.0000

    0.2276    1.0000

    0.2276    1.0000

    0.2276    1.0000

    0.2276    1.0000

    0.2276    1.0000

    0.2276    1.0000

    0.2276    1.0000

    0.2277    1.0000

    0.2276    1.0000

    0.2276    1.0000

    0.2276    1.0000

    0.2276    1.0000

    0.1784    1.0000

    0.2276    1.0000

    0.2276    1.0000

    0.2542    1.0000

    0.2457    1.0000

    0.2313    1.0000

   18              726          -1.201          -1.184        0
    0.2276    1.0000

    0.2276    1.0000

    0.2276    1.0000

    0.2276    1.0000

    0.2276    1.0000

    0.2276    1.0000

    0.2276    1.0000

    0.2276    1.0000

    0.2276    1.0000

    0.2276    1.0000

    0.2276    1.0000

    0.2276    1.0000

    0.2276    1.0000

    0.2276    1.0000

    0.2276    1.0000

    0.2276    1.0000

    0.2276    1.0000

    0.2276    1.0000

    0.2276    1.0000

    0.2276    1.0000

    0.2276    1.0000

    0.2276    1.0000

    0.2276    1.0000

    0.2276    1.0000

    0.2277    1.0000

    0.2276    1.0000

    0.2276    1.0000

    0.2276    1.0000

    0.2185    1.0000

    0.2277    1.0000

    0.2251    1.0000

    0.2276    1.0000

    0.2276    1.0000

    0.2280    1.0000

    0.1683    1.0000

    0.2276    1.0000

    0.2276    1.0000

    0.2692    1.0000

   19              764          -1.201          -1.176        0
    0.2276    1.0000

    0.2276    1.0000

    0.2276    1.0000

    0.2276    1.0000

    0.2276    1.0000

    0.2276    1.0000

    0.2276    1.0000

    0.2276    1.0000

    0.2276    1.0000

    0.2276    1.0000

    0.2276    1.0000

    0.2276    1.0000

    0.2276    1.0000

    0.2276    1.0000

    0.2276    1.0000

    0.2276    1.0000

    0.2276    1.0000

    0.2276    1.0000

    0.2276    1.0000

    0.2276    1.0000

    0.2276    1.0000

    0.2276    1.0000

    0.2276    1.0000

    0.2276    1.0000

    0.2253    1.0000

    0.2285    1.0000

    0.2276    1.0000

    0.2276    1.0000

    0.2276    1.0000

    0.2276    1.0000

    0.2276    1.0000

    0.2276    1.0000

    0.2275    1.0000

    0.2276    1.0000

    0.2276    1.0000

    0.2276    1.0000

    0.2319    1.0000

    0.2501    1.0000

   20              802          -1.201          -1.199        0
    0.2276    1.0000

    0.2276    1.0000

    0.2276    1.0000

    0.2276    1.0000

    0.2276    1.0000

    0.2276    1.0000

    0.2276    1.0000

    0.2276    1.0000

    0.2276    1.0000

    0.2276    1.0000

    0.2276    1.0000

    0.2276    1.0000

    0.2276    1.0000

    0.2277    1.0000

    0.2276    1.0000

    0.2276    1.0000

    0.2276    1.0000

    0.2276    1.0000

    0.2276    1.0000

    0.2276    1.0000

    0.2276    1.0000

    0.2276    1.0000

    0.2297    1.0000

    0.2277    1.0000

    0.2276    1.0000

    0.2276    1.0000

    0.1563    1.0000

    0.2276    1.0000

    0.2276    1.0000

    0.0945    1.0000

    0.2276    1.0000

    0.2276    1.0000

    0.2276    1.0000

    0.1788    1.0000

    0.1917    1.0000

    0.2276    1.0000

    0.2276    1.0000

    0.2278    1.0000

   21              840          -1.201          -1.131        1
    0.2278    1.0000

    0.2276    1.0000

    0.2276    1.0000

    0.2276    1.0000

    0.2276    1.0000

    0.2276    1.0000

    0.2276    1.0000

    0.2276    1.0000

    0.2276    1.0000

    0.2276    1.0000

    0.2235    1.0000

    0.2276    1.0000

    0.2276    1.0000

    0.2276    1.0000

    0.2276    1.0000

    0.2276    1.0000

    0.2298    1.0000

    0.2276    1.0000

    0.2298    1.0000

    0.2276    1.0000

    0.2276    1.0000

    0.2276    1.0000

    0.2276    1.0000

    0.2183    1.0000

    0.2276    1.0000

    0.2276    1.0000

    0.2276    1.0000

    0.2694    1.0000

    0.2276    1.0000

    0.2276    1.0000

    0.2276    1.0000

    0.2276    1.0000

    0.2276    1.0000

    0.2276    1.0000

    0.2276    1.0000

    0.2276    1.0000

    0.2276    1.0000

    0.2967    1.0000

   22              878          -1.201          -1.176        0
    0.2276    1.0000

    0.2276    1.0000

    0.2276    1.0000

    0.2276    1.0000

    0.2276    1.0000

    0.2276    1.0000

    0.2277    1.0000

    0.2279    1.0000

    0.2276    1.0000

    0.2276    1.0000

    0.2275    1.0000

    0.2276    1.0000

    0.2276    1.0000

    0.2276    1.0000

    0.2276    1.0000

    0.2276    1.0000

    0.2276    1.0000

    0.2276    1.0000

    0.2276    1.0000

    0.2276    1.0000

    0.2276    1.0000

    0.2276    1.0000

    0.2276    1.0000

    0.2373    1.0000

    0.2276    1.0000

    0.2276    1.0000

    0.2276    1.0000

    0.2276    1.0000

    0.2276    1.0000

    0.2276    1.0000

    0.2694    1.0000

    0.2276    1.0000

    0.2276    1.0000

    0.2276    1.0000

    0.2276    1.0000

    0.2276    1.0000

    0.2276    1.0000

    0.2276    1.0000

   23              916          -1.201          -1.193        0
    0.2276    1.0000

    0.2276    1.0000

    0.2276    1.0000

    0.2276    1.0000

    0.2276    1.0000

    0.2276    1.0000

    0.2276    1.0000

    0.2276    1.0000

    0.2276    1.0000

    0.2276    1.0000

    0.2276    1.0000

    0.2276    1.0000

    0.2276    1.0000

    0.2276    1.0000

    0.2276    1.0000

    0.2276    1.0000

    0.2276    1.0000

    0.2276    1.0000

    0.2276    1.0000

    0.2276    1.0000

    0.2276    1.0000

    0.2276    1.0000

    0.2276    1.0000

    0.2276    1.0000

    0.2276    1.0000

    0.2276    1.0000

    0.2324    1.0000

    0.2276    1.0000

    0.2276    1.0000

    0.2276    1.0000

    0.1391    1.0000

    0.2278    1.0000

    0.2276    1.0000

    0.2276    1.0000

    0.2277    1.0000

    0.2276    1.0000

    0.2276    1.0000

    0.2276    1.0000

   24              954          -1.201          -1.175        0
    0.2276    1.0000

    0.2276    1.0000

    0.2276    1.0000

    0.2276    1.0000

    0.2276    1.0000

    0.2276    1.0000

    0.2276    1.0000

    0.2276    1.0000

    0.2276    1.0000

    0.2276    1.0000

    0.2276    1.0000

    0.2276    1.0000

    0.2276    1.0000

    0.2276    1.0000

    0.2276    1.0000

    0.2276    1.0000

    0.2276    1.0000

    0.2276    1.0000

    0.2276    1.0000

    0.2277    1.0000

    0.2276    1.0000

    0.2276    1.0000

    0.2276    1.0000

    0.2276    1.0000

    0.2289    1.0000

    0.2276    1.0000

    0.2276    1.0000

    0.2276    1.0000

    0.2277    1.0000

    0.2276    1.0000

    0.2276    1.0000

    0.2901    1.0000

    0.2276    1.0000

    0.2639    1.0000

    0.2276    1.0000

    0.2276    1.0000

    0.2465    1.0000

    0.2276    1.0000

   25              992          -1.201          -1.179        0
    0.2276    1.0000

    0.2276    1.0000

    0.2276    1.0000

    0.2276    1.0000

    0.2276    1.0000

    0.2276    1.0000

    0.2276    1.0000

    0.2276    1.0000

    0.2276    1.0000

    0.2276    1.0000

    0.2276    1.0000

    0.2276    1.0000

    0.2276    1.0000

    0.2276    1.0000

    0.2276    1.0000

    0.2276    1.0000

    0.2277    1.0000

    0.2276    1.0000

    0.2276    1.0000

    0.2276    1.0000

    0.2276    1.0000

    0.2276    1.0000

    0.2276    1.0000

    0.2595    1.0000

    0.2276    1.0000

    0.2276    1.0000

    0.2276    1.0000

    0.2276    1.0000

    0.2276    1.0000

    0.2694    1.0000

    0.2276    1.0000

    0.2276    1.0000

    0.2133    1.0000

    0.2276    1.0000

    0.2279    1.0000

    0.2276    1.0000

    0.2276    1.0000

    0.2276    1.0000

   26             1030          -1.201          -1.188        0
    0.2276    1.0000

    0.2276    1.0000

    0.2276    1.0000

    0.2276    1.0000

    0.2276    1.0000

    0.2276    1.0000

    0.2276    1.0000

    0.2276    1.0000

    0.2276    1.0000

    0.2276    1.0000

    0.2276    1.0000

    0.2276    1.0000

    0.2276    1.0000

    0.2276    1.0000

    0.2276    1.0000

    0.2276    1.0000

    0.2276    1.0000

    0.2276    1.0000

    0.2276    1.0000

    0.2276    1.0000

    0.2276    1.0000

    0.2276    1.0000

    0.2276    1.0000

    0.2276    1.0000

    0.2276    1.0000

    0.2263    1.0000

    0.2276    1.0000

    0.2276    1.0000

    0.2277    1.0000

    0.2276    1.0000

    0.2276    1.0000

    0.2276    1.0000

    0.2276    1.0000

    0.2883    1.0000

    0.2276    1.0000

    0.2276    1.0000

    0.2263    1.0000

    0.2276    1.0000

   27             1068          -1.201          -1.187        1
    0.2276    1.0000

    0.2276    1.0000

    0.2276    1.0000

    0.2276    1.0000

    0.2276    1.0000

    0.2276    1.0000

    0.2276    1.0000

    0.2276    1.0000

    0.2276    1.0000

    0.2276    1.0000

    0.2276    1.0000

    0.2276    1.0000

    0.2276    1.0000

    0.2276    1.0000

    0.2276    1.0000

    0.2276    1.0000

    0.2276    1.0000

    0.2276    1.0000

    0.2276    1.0000

    0.2276    1.0000

    0.2276    1.0000

    0.2276    1.0000

    0.2281    1.0000

    0.1758    1.0000

    0.2276    1.0000

    0.2276    1.0000

    0.2276    1.0000

    0.2276    1.0000

    0.2276    1.0000

    0.2276    1.0000

    0.2276    1.0000

    0.2276    1.0000

    0.2276    1.0000

    0.2276    1.0000

    0.2277    1.0000

    0.2276    1.0000

    0.2276    1.0000

    0.2276    1.0000

   28             1106          -1.201          -1.188        2
    0.2276    1.0000

    0.2276    1.0000

    0.2276    1.0000

    0.2276    1.0000

    0.2276    1.0000

    0.2276    1.0000

    0.2276    1.0000

    0.2276    1.0000

    0.2276    1.0000

    0.2281    1.0000

    0.2276    1.0000

    0.2276    1.0000

    0.2276    1.0000

    0.2276    1.0000

    0.2276    1.0000

    0.2276    1.0000

    0.2276    1.0000

    0.2276    1.0000

    0.2276    1.0000

    0.2276    1.0000

    0.2276    1.0000

    0.2276    1.0000

    0.2276    1.0000

    0.2276    1.0000

    0.2276    1.0000

    0.2276    1.0000

    0.2276    1.0000

    0.2276    1.0000

    0.2282    1.0000

    0.2276    1.0000

    0.2276    1.0000

    0.0757    1.0000

    0.2276    1.0000

    0.1424    1.0000

    0.2274    1.0000

    0.2276    1.0000

    0.2276    1.0000

    0.2290    1.0000

   29             1144          -1.201          -1.146        3
    0.2276    1.0000

    0.2276    1.0000

    0.2276    1.0000

    0.2276    1.0000

    0.2276    1.0000

    0.2276    1.0000

    0.2276    1.0000

    0.2276    1.0000

    0.2276    1.0000

    0.2276    1.0000

    0.2276    1.0000

    0.2276    1.0000

    0.2276    1.0000

    0.2276    1.0000

    0.2276    1.0000

    0.2276    1.0000

    0.2276    1.0000

    0.2276    1.0000

    0.2276    1.0000

    0.2276    1.0000

    0.2274    1.0000

    0.2276    1.0000

    0.2276    1.0000

    0.2276    1.0000

    0.2311    1.0000

    0.2302    1.0000

    0.2280    1.0000

    0.2277    1.0000

    0.2276    1.0000

    0.2276    1.0000

    0.2293    1.0000

    0.2276    1.0000

    0.2276    1.0000

    0.2279    1.0000

    0.2577    1.0000

    0.2276    1.0000

    0.2276    1.0000

    0.2277    1.0000


                                  Best          Mean         Stall
Generation      Func-count     Penalty         Penalty    Generations
   30             1182          -1.201          -1.197        0
    0.2276    1.0000

    0.2276    1.0000

    0.2276    1.0000

    0.2276    1.0000

    0.2276    1.0000

    0.2276    1.0000

    0.2276    1.0000

    0.2276    1.0000

    0.2276    1.0000

    0.2277    1.0000

    0.2276    1.0000

    0.2279    1.0000

    0.2276    1.0000

    0.2276    1.0000

    0.2276    1.0000

    0.2276    1.0000

    0.2276    1.0000

    0.2276    1.0000

    0.2276    1.0000

    0.2276    1.0000

    0.2276    1.0000

    0.2276    1.0000

    0.2276    1.0000

    0.2276    1.0000

    0.1707    1.0000

    0.2276    1.0000

    0.2276    1.0000

    0.2276    1.0000

    0.2276    1.0000

    0.2293    1.0000

    0.2276    1.0000

    0.2276    1.0000

    0.2287    1.0000

    0.2287    1.0000

    0.2276    1.0000

    0.2276    1.0000

    0.2276    1.0000

    0.2263    1.0000

   31             1220          -1.201          -1.185        1
    0.2276    1.0000

    0.2276    1.0000

    0.2276    1.0000

    0.2293    1.0000

    0.2276    1.0000

    0.2276    1.0000

    0.2276    1.0000

    0.2276    1.0000

    0.2276    1.0000

    0.2276    1.0000

    0.2276    1.0000

    0.2276    1.0000

    0.2276    1.0000

    0.2276    1.0000

    0.2276    1.0000

    0.2276    1.0000

    0.2276    1.0000

    0.2276    1.0000

    0.2271    1.0000

    0.2276    1.0000

    0.2276    1.0000

    0.2276    1.0000

    0.2276    1.0000

    0.2276    1.0000

    0.2276    1.0000

    0.2278    1.0000

    0.2276    1.0000

    0.2276    1.0000

    0.2276    1.0000

    0.2276    1.0000

    0.2276    1.0000

    0.2276    1.0000

    0.2276    1.0000

    0.2276    1.0000

    0.2279    1.0000

    0.2278    1.0000

    0.2276    1.0000

    0.2278    1.0000

   32             1258          -1.201          -1.201        0
    0.2276    1.0000

    0.2276    1.0000

    0.2271    1.0000

    0.2276    1.0000

    0.2276    1.0000

    0.2276    1.0000

    0.2276    1.0000

    0.2276    1.0000

    0.2276    1.0000

    0.2276    1.0000

    0.2276    1.0000

    0.2276    1.0000

    0.2276    1.0000

    0.2276    1.0000

    0.2276    1.0000

    0.2276    1.0000

    0.2276    1.0000

    0.2276    1.0000

    0.2276    1.0000

    0.2276    1.0000

    0.2276    1.0000

    0.2276    1.0000

    0.2276    1.0000

    0.2276    1.0000

    0.2774    1.0000

    0.2276    1.0000

    0.2276    1.0000

    0.2276    1.0000

    0.2276    1.0000

    0.2276    1.0000

    0.2278    1.0000

    0.2276    1.0000

    0.2276    1.0000

    0.2276    1.0000

    0.2276    1.0000

    0.2274    1.0000

    0.2567    1.0000

    0.2276    1.0000

   33             1296          -1.201          -1.187        1
    0.2276    1.0000

    0.2276    1.0000

    0.2276    1.0000

    0.2276    1.0000

    0.2276    1.0000

    0.2276    1.0000

    0.2276    1.0000

    0.2276    1.0000

    0.2276    1.0000

    0.2276    1.0000

    0.2276    1.0000

    0.2276    1.0000

    0.2276    1.0000

    0.2276    1.0000

    0.2276    1.0000

    0.2276    1.0000

    0.2276    1.0000

    0.2276    1.0000

    0.2276    1.0000

    0.2276    1.0000

    0.2276    1.0000

    0.2276    1.0000

    0.2276    1.0000

    0.2282    1.0000

    0.2276    1.0000

    0.2276    1.0000

    0.2276    1.0000

    0.2276    1.0000

    0.2276    1.0000

    0.2663    1.0000

    0.2276    1.0000

    0.2276    1.0000

    0.2105    1.0000

    0.2299    1.0000

    0.2276    1.0000

    0.2276    1.0000

    0.2216    1.0000

    0.2955    1.0000

   34             1334          -1.201          -1.176        2
    0.2303    1.0000

    0.2276    1.0000

    0.2276    1.0000

    0.2276    1.0000

    0.2276    1.0000

    0.2276    1.0000

    0.2276    1.0000

    0.2276    1.0000

    0.2276    1.0000

    0.2276    1.0000

    0.2276    1.0000

    0.2276    1.0000

    0.2276    1.0000

    0.2276    1.0000

    0.2276    1.0000

    0.2276    1.0000

    0.2276    1.0000

    0.2276    1.0000

    0.2282    1.0000

    0.2276    1.0000

    0.2276    1.0000

    0.2276    1.0000

    0.2276    1.0000

    0.2276    1.0000

    0.2282    1.0000

    0.2976    1.0000

    0.2276    1.0000

    0.2276    1.0000

    0.2283    1.0000

    0.2276    1.0000

    0.2276    1.0000

    0.1663    1.0000

    0.2276    1.0000

    0.2276    1.0000

    0.2276    1.0000

    0.2276    1.0000

    0.2289    1.0000

    0.2276    1.0000

   35             1372          -1.201          -1.166        0
    0.2276    1.0000

    0.2276    1.0000

    0.2276    1.0000

    0.2276    1.0000

    0.2276    1.0000

    0.2276    1.0000

    0.2276    1.0000

    0.2276    1.0000

    0.2276    1.0000

    0.2276    1.0000

    0.2276    1.0000

    0.2276    1.0000

    0.2276    1.0000

    0.2276    1.0000

    0.2276    1.0000

    0.2276    1.0000

    0.2283    1.0000

    0.2276    1.0000

    0.2276    1.0000

    0.2276    1.0000

    0.2276    1.0000

    0.2276    1.0000

    0.2276    1.0000

    0.2276    1.0000

    0.2312    1.0000

    0.2276    1.0000

    0.2276    1.0000

    0.2276    1.0000

    0.2284    1.0000

    0.2276    1.0000

    0.2276    1.0000

    0.2282    1.0000

    0.2276    1.0000

    0.2276    1.0000

    0.2277    1.0000

    0.2276    1.0000

    0.2008    1.0000

    0.2902    1.0000

   36             1410          -1.201          -1.182        1
    0.2276    1.0000

    0.2276    1.0000

    0.2276    1.0000

    0.2276    1.0000

    0.2276    1.0000

    0.2276    1.0000

    0.2276    1.0000

    0.2276    1.0000

    0.2276    1.0000

    0.2276    1.0000

    0.2276    1.0000

    0.2276    1.0000

    0.2276    1.0000

    0.2276    1.0000

    0.2276    1.0000

    0.2276    1.0000

    0.2276    1.0000

    0.2276    1.0000

    0.2276    1.0000

    0.2276    1.0000

    0.2276    1.0000

    0.2276    1.0000

    0.2276    1.0000

    0.2276    1.0000

    0.2276    1.0000

    0.2276    1.0000

    0.2276    1.0000

    0.2276    1.0000

    0.2276    1.0000

    0.2276    1.0000

    0.2105    1.0000

    0.2276    1.0000

    0.2276    1.0000

    0.2277    1.0000

    0.2277    1.0000

    0.2276    1.0000

    0.2276    1.0000

    0.2276    1.0000

   37             1448          -1.201            -1.2        2
    0.2276    1.0000

    0.2276    1.0000

    0.2276    1.0000

    0.2276    1.0000

    0.2276    1.0000

    0.2276    1.0000

    0.2276    1.0000

    0.2276    1.0000

    0.2276    1.0000

    0.2276    1.0000

    0.2276    1.0000

    0.2276    1.0000

    0.2276    1.0000

    0.2276    1.0000

    0.2276    1.0000

    0.2276    1.0000

    0.2276    1.0000

    0.2276    1.0000

    0.2276    1.0000

    0.2276    1.0000

    0.2276    1.0000

    0.2276    1.0000

    0.2276    1.0000

    0.2276    1.0000

    0.2276    1.0000

    0.2253    1.0000

    0.2276    1.0000

    0.2276    1.0000

    0.2277    1.0000

    0.2276    1.0000

    0.2276    1.0000

    0.2502    1.0000

    0.2408    1.0000

    0.2277    1.0000

    0.2276    1.0000

    0.2276    1.0000

    0.2276    1.0000

    0.2276    1.0000

   38             1486          -1.201          -1.198        3
    0.2276    1.0000

    0.2276    1.0000

    0.2276    1.0000

    0.2276    1.0000

    0.2276    1.0000

    0.2276    1.0000

    0.2276    1.0000

    0.2276    1.0000

    0.2276    1.0000

    0.2276    1.0000

    0.2276    1.0000

    0.2276    1.0000

    0.2276    1.0000

    0.2276    1.0000

    0.2276    1.0000

    0.2276    1.0000

    0.2276    1.0000

    0.2276    1.0000

    0.2276    1.0000

    0.2276    1.0000

    0.2276    1.0000

    0.2276    1.0000

    0.2276    1.0000

    0.2276    1.0000

    0.2282    1.0000

    0.2276    1.0000

    0.2276    1.0000

    0.2283    1.0000

    0.2276    1.0000

    0.2276    1.0000

    0.2276    1.0000

    0.2670    1.0000

    0.2276    1.0000

    0.2276    1.0000

    0.2276    1.0000

    0.2276    1.0000

    0.2276    1.0000

    0.2298    1.0000

   39             1524          -1.201          -1.194        0
    0.2276    1.0000

    0.2276    1.0000

    0.2276    1.0000

    0.2276    1.0000

    0.2276    1.0000

    0.2276    1.0000

    0.2276    1.0000

    0.2276    1.0000

    0.2276    1.0000

    0.2276    1.0000

    0.2276    1.0000

    0.2276    1.0000

    0.2276    1.0000

    0.2276    1.0000

    0.2276    1.0000

    0.2276    1.0000

    0.2276    1.0000

    0.2276    1.0000

    0.2276    1.0000

    0.2276    1.0000

    0.2276    1.0000

    0.2276    1.0000

    0.2276    1.0000

    0.2276    1.0000

    0.2069    1.0000

    0.2276    1.0000

    0.2276    1.0000

    0.2620    1.0000

    0.2276    1.0000

    0.2276    1.0000

    0.2276    1.0000

    0.2276    1.0000

    0.2277    1.0000

    0.2276    1.0000

    0.2276    1.0000

    0.2276    1.0000

    0.2452    1.0000

    0.2394    1.0000

   40             1562          -1.201          -1.192        1
    0.2276    1.0000

    0.2276    1.0000

    0.2276    1.0000

    0.2276    1.0000

    0.2276    1.0000

    0.2276    1.0000

    0.2276    1.0000

    0.2276    1.0000

    0.2276    1.0000

    0.2276    1.0000

    0.2276    1.0000

    0.2276    1.0000

    0.2276    1.0000

    0.2276    1.0000

    0.2276    1.0000

    0.2276    1.0000

    0.2276    1.0000

    0.2276    1.0000

    0.2276    1.0000

    0.2276    1.0000

    0.2276    1.0000

    0.2276    1.0000

    0.2278    1.0000

    0.2334    1.0000

    0.2276    1.0000

    0.2276    1.0000

    0.2276    1.0000

    0.2276    1.0000

    0.2276    1.0000

    0.2322    1.0000

    0.2335    1.0000

    0.2276    1.0000

    0.2276    1.0000

    0.2250    1.0000

    0.2276    1.0000

    0.2277    1.0000

    0.2277    1.0000

    0.2277    1.0000

   41             1600          -1.201          -1.201        2
    0.2276    1.0000

    0.2276    1.0000

    0.2276    1.0000

    0.2276    1.0000

    0.2276    1.0000

    0.2276    1.0000

    0.2276    1.0000

    0.2276    1.0000

    0.2276    1.0000

    0.2276    1.0000

    0.2276    1.0000

    0.2276    1.0000

    0.2276    1.0000

    0.2276    1.0000

    0.2277    1.0000

    0.2276    1.0000

    0.2276    1.0000

    0.2276    1.0000

    0.2276    1.0000

    0.2276    1.0000

    0.2276    1.0000

    0.2276    1.0000

    0.2276    1.0000

    0.2276    1.0000

    0.2276    1.0000

    0.2276    1.0000

    0.2290    1.0000

    0.2276    1.0000

    0.2276    1.0000

    0.2280    1.0000

    0.2276    1.0000

    0.2276    1.0000

    0.2278    1.0000

    0.2294    1.0000

    0.2276    1.0000

    0.2276    1.0000

    0.2320    1.0000

    0.2276    1.0000

   42             1638          -1.201          -1.201        3
    0.2276    1.0000

    0.2276    1.0000

    0.2276    1.0000

    0.2276    1.0000

    0.2276    1.0000

    0.2276    1.0000

    0.2276    1.0000

    0.2276    1.0000

    0.2276    1.0000

    0.2276    1.0000

    0.2276    1.0000

    0.2276    1.0000

    0.2276    1.0000

    0.2276    1.0000

    0.2276    1.0000

    0.2276    1.0000

    0.2276    1.0000

    0.2276    1.0000

    0.2276    1.0000

    0.2276    1.0000

    0.2276    1.0000

    0.2276    1.0000

    0.2276    1.0000

    0.2276    1.0000

    0.2282    1.0000

    0.2276    1.0000

    0.2277    1.0000

    0.2276    1.0000

    0.2276    1.0000

    0.2276    1.0000

    0.2276    1.0000

    0.2276    1.0000

    0.2276    1.0000

    0.2276    1.0000

    0.2433    1.0000

    0.2276    1.0000

    0.2279    1.0000

    0.2276    1.0000

   43             1676          -1.201            -1.2        4
    0.2276    1.0000

    0.2276    1.0000

    0.2276    1.0000

    0.2276    1.0000

    0.2276    1.0000

    0.2276    1.0000

    0.2276    1.0000

    0.2276    1.0000

    0.2276    1.0000

    0.2276    1.0000

    0.2276    1.0000

    0.2276    1.0000

    0.2276    1.0000

    0.2276    1.0000

    0.2276    1.0000

    0.2276    1.0000

    0.2276    1.0000

    0.2276    1.0000

    0.2276    1.0000

    0.2276    1.0000

    0.2276    1.0000

    0.2276    1.0000

    0.2276    1.0000

    0.2276    1.0000

    0.2432    1.0000

    0.2278    1.0000

    0.2276    1.0000

    0.2276    1.0000

    0.2420    1.0000

    0.2276    1.0000

    0.2277    1.0000

    0.2276    1.0000

    0.2276    1.0000

    0.1761    1.0000

    0.2304    1.0000

    0.2276    1.0000

    0.2276    1.0000

    0.2430    1.0000

   44             1714          -1.201          -1.185        5
    0.2276    1.0000

    0.2276    1.0000

    0.2276    1.0000

    0.2276    1.0000

    0.2276    1.0000

    0.2332    1.0000

    0.2276    1.0000

    0.2276    1.0000

    0.2276    1.0000

    0.2276    1.0000

    0.2276    1.0000

    0.2276    1.0000

    0.2276    1.0000

    0.2276    1.0000

    0.2276    1.0000

    0.2276    1.0000

    0.2276    1.0000

    0.2276    1.0000

    0.2276    1.0000

    0.2288    1.0000

    0.2276    1.0000

    0.2276    1.0000

    0.2325    1.0000

    0.2276    1.0000

    0.2277    1.0000

    0.2276    1.0000

    0.2276    1.0000

    0.2276    1.0000

    0.2276    1.0000

    0.2276    1.0000

    0.2268    1.0000

    0.2716    1.0000

    0.2276    1.0000

    0.0671    1.0000

    0.2276    1.0000

    0.2276    1.0000

    0.1368    1.0000

    0.2276    1.0000

   45             1752          -1.201          -1.137        6
    0.2276    1.0000

    0.2276    1.0000

    0.2276    1.0000

    0.2276    1.0000

    0.2276    1.0000

    0.2276    1.0000

    0.2276    1.0000

    0.2276    1.0000

    0.2276    1.0000

    0.2276    1.0000

    0.2276    1.0000

    0.2276    1.0000

    0.2276    1.0000

    0.2276    1.0000

    0.2276    1.0000

    0.2276    1.0000

    0.2276    1.0000

    0.2276    1.0000

    0.2275    1.0000

    0.2276    1.0000

    0.2276    1.0000

    0.2276    1.0000

    0.2276    1.0000

    0.2276    1.0000

    0.2322    1.0000

    0.2276    1.0000

    0.2276    1.0000

    0.2278    1.0000

    0.2290    1.0000

    0.2276    1.0000

    0.2276    1.0000

    0.2276    1.0000

    0.0995    1.0000

    0.2276    1.0000

    0.2276    1.0000

    0.2276    1.0000

    0.2276    1.0000

    0.2263    1.0000

   46             1790          -1.201          -1.172        7
    0.2276    1.0000

    0.2276    1.0000

    0.2276    1.0000

    0.2276    1.0000

    0.2276    1.0000

    0.2276    1.0000

    0.2276    1.0000

    0.2276    1.0000

    0.2276    1.0000

    0.2276    1.0000

    0.2276    1.0000

    0.2276    1.0000

    0.2276    1.0000

    0.2276    1.0000

    0.2276    1.0000

    0.2276    1.0000

    0.2276    1.0000

    0.2276    1.0000

    0.2276    1.0000

    0.2276    1.0000

    0.2276    1.0000

    0.2276    1.0000

    0.2276    1.0000

    0.2276    1.0000

    0.2276    1.0000

    0.2555    1.0000

    0.2276    1.0000

    0.2276    1.0000

    0.2172    1.0000

    0.2276    1.0000

    0.2276    1.0000

    0.2292    1.0000

    0.2276    1.0000

    0.2276    1.0000

    0.2276    1.0000

    0.2276    1.0000

    0.2276    1.0000

    0.2276    1.0000

   47             1828          -1.201          -1.197        8
    0.2276    1.0000

    0.2276    1.0000

    0.2276    1.0000

    0.2276    1.0000

    0.2276    1.0000

    0.2276    1.0000

    0.2276    1.0000

    0.2276    1.0000

    0.2276    1.0000

    0.2276    1.0000

    0.2276    1.0000

    0.2276    1.0000

    0.2276    1.0000

    0.2276    1.0000

    0.2276    1.0000

    0.2276    1.0000

    0.2276    1.0000

    0.2276    1.0000

    0.2276    1.0000

    0.2276    1.0000

    0.2276    1.0000

    0.2276    1.0000

    0.2276    1.0000

    0.2276    1.0000

    0.2278    1.0000

    0.2247    1.0000

    0.2276    1.0000

    0.2276    1.0000

    0.2276    1.0000

    0.2276    1.0000

    0.2276    1.0000

    0.2276    1.0000

    0.2265    1.0000

    0.2276    1.0000

    0.2276    1.0000

    0.2276    1.0000

    0.2276    1.0000

    0.2276    1.0000

   48             1866          -1.201          -1.201        9
    0.2276    1.0000

    0.2276    1.0000

    0.2276    1.0000

    0.2276    1.0000

    0.2276    1.0000

    0.2276    1.0000

    0.2276    1.0000

    0.2276    1.0000

    0.2276    1.0000

    0.2276    1.0000

    0.2276    1.0000

    0.2276    1.0000

    0.2276    1.0000

    0.2276    1.0000

    0.2276    1.0000

    0.2276    1.0000

    0.2276    1.0000

    0.2276    1.0000

    0.2276    1.0000

    0.2276    1.0000

    0.2276    1.0000

    0.2276    1.0000

    0.0749    1.0000

    0.2279    1.0000

    0.2276    1.0000

    0.2276    1.0000

    0.2275    1.0000

    0.2276    1.0000

    0.2276    1.0000

    0.2364    1.0000

    0.1087    1.0000

    0.2276    1.0000

    0.2276    1.0000

    0.2276    1.0000

    0.2277    1.0000

    0.2276    1.0000

    0.2278    1.0000

    0.2280    1.0000

   49             1904          -1.201          -1.142       10
    0.2276    1.0000

    0.2276    1.0000

    0.2276    1.0000

    0.2276    1.0000

    0.2277    1.0000

    0.2276    1.0000

    0.2276    1.0000

    0.2276    1.0000

    0.2276    1.0000

    0.2276    1.0000

    0.2276    1.0000

    0.2276    1.0000

    0.2276    1.0000

    0.2276    1.0000

    0.2276    1.0000

    0.2276    1.0000

    0.2276    1.0000

    0.2276    1.0000

    0.2276    1.0000

    0.2276    1.0000

    0.2276    1.0000

    0.2276    1.0000

    0.2276    1.0000

    0.2276    1.0000

    0.2269    1.0000

    0.2276    1.0000

    0.2276    1.0000

    0.2276    1.0000

    0.2264    1.0000

    0.2276    1.0000

    0.2276    1.0000

    0.2313    1.0000

    0.2276    1.0000

    0.2276    1.0000

    0.2277    1.0000

    0.2276    1.0000

    0.2276    1.0000

    0.2276    1.0000

   50             1942          -1.201          -1.201       11
    0.2276    1.0000

    0.2276    1.0000

    0.2276    1.0000

    0.2276    1.0000

    0.2276    1.0000

    0.2277    1.0000

    0.2276    1.0000

    0.2276    1.0000

    0.2276    1.0000

    0.2276    1.0000

    0.2276    1.0000

    0.2276    1.0000

    0.2276    1.0000

    0.2276    1.0000

    0.2276    1.0000

    0.2276    1.0000

    0.2276    1.0000

    0.2276    1.0000

    0.2276    1.0000

    0.2277    1.0000

    0.2276    1.0000

    0.2276    1.0000

    0.2276    1.0000

    0.2276    1.0000

    0.2278    1.0000

    0.1394    1.0000

    0.2276    1.0000

    0.2276    1.0000

    0.2276    1.0000

    0.2282    1.0000

    0.2276    1.0000

    0.2276    1.0000

    0.2276    1.0000

    0.2968    1.0000

    0.2616    1.0000

    0.2276    1.0000

    0.2276    1.0000

    0.2276    1.0000

   51             1980          -1.201          -1.152       12
    0.2276    1.0000

    0.2276    1.0000

    0.2276    1.0000

    0.2276    1.0000

    0.2276    1.0000

    0.2276    1.0000

    0.2276    1.0000

    0.2276    1.0000

    0.2276    1.0000

    0.2276    1.0000

    0.2276    1.0000

    0.2276    1.0000

    0.2276    1.0000

    0.2276    1.0000

    0.2276    1.0000

    0.2276    1.0000

    0.2276    1.0000

    0.2276    1.0000

    0.2282    1.0000

    0.2276    1.0000

    0.2276    1.0000

    0.2276    1.0000

    0.2276    1.0000

    0.2276    1.0000

    0.2276    1.0000

    0.2276    1.0000

    0.2276    1.0000

    0.2276    1.0000

    0.2276    1.0000

    0.2276    1.0000

    0.2276    1.0000

    0.2276    1.0000

    0.2969    1.0000

    0.2276    1.0000

    0.2276    1.0000

    0.2276    1.0000

    0.2276    1.0000

    0.2276    1.0000

   52             2018          -1.201          -1.184       13
    0.2276    1.0000

    0.2276    1.0000

    0.2276    1.0000

    0.2276    1.0000

    0.2276    1.0000

    0.2276    1.0000

    0.2276    1.0000

    0.2276    1.0000

    0.2276    1.0000

    0.2276    1.0000

    0.2276    1.0000

    0.2276    1.0000

    0.2276    1.0000

    0.2276    1.0000

    0.2276    1.0000

    0.2276    1.0000

    0.2276    1.0000

    0.2276    1.0000

    0.2276    1.0000

    0.2276    1.0000

    0.2276    1.0000

    0.2276    1.0000

    0.2276    1.0000

    0.2276    1.0000

    0.2280    1.0000

    0.2132    1.0000

    0.2276    1.0000

    0.2276    1.0000

    0.2276    1.0000

    0.2418    1.0000

    0.2276    1.0000

    0.2276    1.0000

    0.2276    1.0000

    0.2276    1.0000

    0.2276    1.0000

    0.2276    1.0000

    0.2276    1.0000

    0.2298    1.0000

   53             2056          -1.201          -1.199       14
    0.2276    1.0000

    0.2276    1.0000

    0.2276    1.0000

    0.2276    1.0000

    0.2276    1.0000

    0.2276    1.0000

    0.2276    1.0000

    0.2276    1.0000

    0.2276    1.0000

    0.2276    1.0000

    0.2276    1.0000

    0.2280    1.0000

    0.2276    1.0000

    0.2276    1.0000

    0.2276    1.0000

    0.2276    1.0000

    0.2276    1.0000

    0.2276    1.0000

    0.2276    1.0000

    0.2276    1.0000

    0.2276    1.0000

    0.2276    1.0000

    0.2276    1.0000

    0.2276    1.0000

    0.2276    1.0000

    0.2276    1.0000

    0.2276    1.0000

    0.2276    1.0000

    0.2276    1.0000

    0.2276    1.0000

    0.2276    1.0000

    0.2283    1.0000

    0.2276    1.0000

    0.2275    1.0000

    0.2329    1.0000

    0.2276    1.0000

    0.2276    1.0000

    0.2354    1.0000

   54             2094          -1.201          -1.201       15
    0.2276    1.0000

    0.2276    1.0000

    0.2276    1.0000

    0.2276    1.0000

    0.2276    1.0000

    0.2276    1.0000

    0.2276    1.0000

    0.2276    1.0000

    0.2276    1.0000

    0.2276    1.0000

    0.2276    1.0000

    0.2276    1.0000

    0.2276    1.0000

    0.2276    1.0000

    0.2276    1.0000

    0.2276    1.0000

    0.2276    1.0000

    0.2276    1.0000

    0.2276    1.0000

    0.2276    1.0000

    0.2276    1.0000

    0.2276    1.0000

    0.2276    1.0000

    0.2276    1.0000

    0.2277    1.0000

    0.2276    1.0000

    0.2276    1.0000

    0.2278    1.0000

    0.2283    1.0000

    0.2276    1.0000

    0.2265    1.0000

    0.2276    1.0000

    0.2276    1.0000

    0.2253    1.0000

    0.2279    1.0000

    0.2276    1.0000

    0.2276    1.0000

    0.2295    1.0000

   55             2132          -1.201          -1.201       16
    0.2276    1.0000

    0.2276    1.0000

    0.2276    1.0000

    0.2276    1.0000

    0.2276    1.0000

    0.2276    1.0000

    0.2276    1.0000

    0.2276    1.0000

    0.2276    1.0000

    0.2276    1.0000

    0.2276    1.0000

    0.2276    1.0000

    0.2276    1.0000

    0.2276    1.0000

    0.2276    1.0000

    0.2276    1.0000

    0.2276    1.0000

    0.2276    1.0000

    0.2276    1.0000

    0.2276    1.0000

    0.2276    1.0000

    0.2276    1.0000

    0.2276    1.0000

    0.2276    1.0000

    0.1763    1.0000

    0.2276    1.0000

    0.2276    1.0000

    0.2066    1.0000

    0.2289    1.0000

    0.2276    1.0000

    0.2276    1.0000

    0.2187    1.0000

    0.2277    1.0000

    0.2277    1.0000

    0.2276    1.0000

    0.2430    1.0000

    0.2276    1.0000

    0.2278    1.0000

   56             2170          -1.201          -1.184       17
    0.2276    1.0000

    0.2276    1.0000

    0.2276    1.0000

    0.2276    1.0000

    0.2276    1.0000

    0.2276    1.0000

    0.2276    1.0000

    0.2276    1.0000

    0.2276    1.0000

    0.2276    1.0000

    0.2276    1.0000

    0.2276    1.0000

    0.2276    1.0000

    0.2276    1.0000

    0.2276    1.0000

    0.2279    1.0000

    0.2276    1.0000

    0.2276    1.0000

    0.2276    1.0000

    0.2276    1.0000

    0.2276    1.0000

    0.2276    1.0000

    0.2282    1.0000

    0.2276    1.0000

    0.2276    1.0000

    0.2276    1.0000

    0.2276    1.0000

    0.2268    1.0000

    0.2276    1.0000

    0.2276    1.0000

    0.2276    1.0000

    0.2293    1.0000

    0.2276    1.0000

    0.2276    1.0000

    0.2276    1.0000

    0.2276    1.0000

    0.2276    1.0000

    0.2277    1.0000

   57             2208          -1.201          -1.201       18
    0.2276    1.0000

    0.2276    1.0000

    0.2276    1.0000

    0.2276    1.0000

    0.2276    1.0000

    0.2276    1.0000

    0.2276    1.0000

    0.2277    1.0000

    0.2276    1.0000

    0.2276    1.0000

    0.2276    1.0000

    0.2276    1.0000

    0.2276    1.0000

    0.2276    1.0000

    0.2276    1.0000

    0.2276    1.0000

    0.2276    1.0000

    0.2276    1.0000

    0.2276    1.0000

    0.2276    1.0000

    0.2276    1.0000

    0.2276    1.0000

    0.2302    1.0000

    0.2268    1.0000

    0.2276    1.0000

    0.2276    1.0000

    0.2289    1.0000

    0.2276    1.0000

    0.2276    1.0000

    0.2276    1.0000

    0.2248    1.0000

    0.2276    1.0000

    0.2276    1.0000

    0.2276    1.0000

    0.2478    1.0000

    0.2276    1.0000

    0.2276    1.0000

    0.2276    1.0000

   58             2246          -1.201          -1.199       19
    0.2276    1.0000

Optimization terminated: average change in the penalty fitness value less than options.FunctionTolerance
and constraint violation is less than options.ConstraintTolerance.

ans =

    'Time passed (hours): '

    0.0146

Fitness function has reached the value: 
-1.201
Algorithm outputs the given Length parameters: 
0.22762           1
H
    0.0817    4.0000

    0.2783    4.0000

    0.2081    2.0000

    0.0744    2.0000

    0.1196    3.0000

    0.0894    1.0000

    0.2912    4.0000

    0.2894    3.0000

    0.1867    3.0000

    0.2481    2.0000

    0.2789    2.0000

    0.1554    4.0000

    0.0855    2.0000

    0.2623    2.0000

    0.0589    2.0000

    0.2139    3.0000

    0.2899    1.0000

    0.2265    3.0000

    0.0928    2.0000

    0.1293    2.0000

    0.2501    2.0000

    0.1713    2.0000

    0.2893    3.0000

    0.2926    3.0000

    0.0743    3.0000

    0.0615    2.0000

    0.1597    2.0000

    0.2237    2.0000

    0.2559    3.0000

    0.0586    2.0000

    0.2139    2.0000

    0.1481    2.0000

    0.2876    2.0000

    0.2358    2.0000

    0.2394    4.0000

    0.2197    3.0000

    0.2835    4.0000

    0.1192    3.0000

    0.0580    1.0000

    0.1454    4.0000


                                  Best          Mean         Stall
Generation      Func-count     Penalty         Penalty    Generations
    0.0590    2.0000

    0.2237    2.0000

    0.1066    2.0000

    0.2571    3.0000

    0.2181    2.0000

    0.1597    2.0000

    0.2139    2.0000

    0.2579    4.0000

    0.2899    4.0000

    0.2380    3.0000

    0.0798    4.0000

    0.2404    4.0000

    0.2850    4.0000

    0.0669    1.0000

    0.2566    4.0000

    0.2246    3.0000

    0.2268    2.0000

    0.2492    2.0000

    0.2555    2.0000

    0.2911    1.0000

    0.2979    2.0000

    0.2208    2.0000

    0.2607    1.0000

    0.1196    2.0000

    0.2197    4.0000

    0.2237    1.0000

    0.0582    2.0000

    0.1546    2.0000

    0.1640    4.0000

    0.0898    2.0000

    0.2691    3.0000

    0.2784    2.0000

    0.2912    4.0000

    0.2527    2.0000

    0.1561    1.0000

    0.2303    3.0000

    0.0871    4.0000

    0.0855    2.0000

    0.2197    2.0000

    0.0607    2.0000

    1               80          -1.174          -0.242        0
    0.1569    2.0000

    0.2240    3.0000

    0.2139    2.0000

    0.1589    2.0000

    0.2150    2.0000

    0.2690    3.0000

    0.0915    4.0000

    0.2576    2.0000

    0.0901    3.0000

    0.2217    2.0000

    0.0788    4.0000

    0.2532    2.0000

    0.1824    3.0000

    0.2181    2.0000

    0.2669    2.0000

    0.2851    4.0000

    0.1438    2.0000

    0.2244    4.0000

    0.1552    3.0000

    0.0930    3.0000

    0.0887    2.0000

    0.2239    2.0000

    0.0895    2.0000

    0.2929    4.0000

    0.2268    1.0000

    0.2555    1.0000

    0.1518    1.0000

    0.0590    2.0000

    0.2391    4.0000

    0.2144    2.0000

    0.2583    4.0000

    0.2350    2.0000

    0.0634    2.0000

    0.2527    2.0000

    0.2021    2.0000

    0.2486    4.0000

    0.2139    1.0000

    0.0582    2.0000

    2              118          -1.174          -0.271        1
    0.0587    2.0000

    0.0866    2.0000

    0.2094    2.0000

    0.2376    3.0000

    0.2084    2.0000

    0.1538    2.0000

    0.2539    2.0000

    0.2519    2.0000

    0.2231    2.0000

    0.2350    2.0000

    0.2222    2.0000

    0.0871    2.0000

    0.0767    4.0000

    0.1555    2.0000

    0.0652    2.0000

    0.1566    2.0000

    0.1463    2.0000

    0.2750    2.0000

    0.2225    2.0000

    0.2151    2.0000

    0.2639    2.0000

    0.2159    2.0000

    0.2207    2.0000

    0.1929    2.0000

    0.1518    1.0000

    0.2583    4.0000

    0.2043    2.0000

    0.2351    2.0000

    0.2650    1.0000

    0.0862    2.0000

    0.2339    2.0000

    0.2188    1.0000

    0.2350    2.0000

    0.2208    2.0000

    0.2533    1.0000

    0.2208    2.0000

    0.2206    3.0000

    0.2486    4.0000

    3              156          -1.174         -0.3761        2
    0.1858    1.0000

    0.2211    2.0000

    0.2146    2.0000

    0.2170    2.0000

    0.2087    2.0000

    0.2037    2.0000

    0.1015    4.0000

    0.2482    2.0000

    0.2204    2.0000

    0.2049    2.0000

    0.2193    2.0000

    0.2145    2.0000

    0.2342    2.0000

    0.2341    2.0000

    0.2450    2.0000

    0.2236    2.0000

    0.2231    2.0000

    0.0593    2.0000

    0.2153    2.0000

    0.2208    2.0000

    0.2221    2.0000

    0.0760    2.0000

    0.2228    2.0000

    0.1477    2.0000

    0.0794    1.0000

    0.2429    1.0000

    0.2127    2.0000

    0.2216    2.0000

    0.0980    1.0000

    0.2142    2.0000

    0.2220    2.0000

    0.2486    4.0000

    0.2151    2.0000

    0.2151    3.0000

    0.2217    2.0000

    0.2191    2.0000

    0.2231    3.0000

    0.2152    2.0000

    4              194          -1.174         -0.6004        3
    0.2187    2.0000

    0.2214    2.0000

    0.2202    2.0000

    0.2049    3.0000

    0.2151    2.0000

    0.2207    2.0000

    0.2217    2.0000

    0.2201    2.0000

    0.2146    2.0000

    0.2226    2.0000

    0.2317    2.0000

    0.2057    2.0000

    0.2206    2.0000

    0.2152    2.0000

    0.2218    2.0000

    0.2100    2.0000

    0.2205    3.0000

    0.2219    2.0000

    0.2124    2.0000

    0.2445    3.0000

    0.2168    2.0000

    0.2147    2.0000

    0.2217    1.0000

    0.2265    2.0000

    0.2041    2.0000

    0.2230    2.0000

    0.2229    2.0000

    0.2170    1.0000

    0.2220    2.0000

    0.2345    1.0000

    0.2150    3.0000

    0.2144    2.0000

    0.1323    3.0000

    0.2193    2.0000

    0.2133    2.0000

    0.2166    2.0000

    0.2170    3.0000

    0.2193    1.0000

    5              232          -1.174         -0.6788        4
    0.2156    3.0000

    0.2212    2.0000

    0.2054    2.0000

    0.2198    2.0000

    0.2134    2.0000

    0.2144    2.0000

    0.2168    2.0000

    0.2217    2.0000

    0.2203    2.0000

    0.2218    2.0000

    0.2193    2.0000

    0.2197    2.0000

    0.2193    2.0000

    0.2188    2.0000

    0.2143    2.0000

    0.2151    2.0000

    0.2203    2.0000

    0.2138    3.0000

    0.2198    2.0000

    0.2142    2.0000

    0.2152    2.0000

    0.2206    2.0000

    0.2288    2.0000

    0.2134    2.0000

    0.2684    1.0000

    0.2206    3.0000

    0.2209    2.0000

    0.1751    2.0000

    0.2193    1.0000

    0.2207    2.0000

    0.2220    1.0000

    0.2283    2.0000

    0.2202    2.0000

    0.2187    2.0000

    0.2154    2.0000

    0.2196    2.0000

    0.2693    3.0000

    0.2105    2.0000

    6              270          -1.175         -0.7768        0
    0.2206    2.0000

    0.2198    2.0000

    0.2301    2.0000

    0.1830    2.0000

    0.2202    2.0000

    0.2194    2.0000

    0.2168    2.0000

    0.2208    2.0000

    0.2193    2.0000

    0.2198    2.0000

    0.2114    2.0000

    0.2211    2.0000

    0.2148    2.0000

    0.2189    2.0000

    0.2204    2.0000

    0.2197    2.0000

    0.2154    2.0000

    0.2154    2.0000

    0.2186    2.0000

    0.2240    2.0000

    0.2196    2.0000

    0.2058    2.0000

    0.2193    2.0000

    0.2047    3.0000

    0.2144    2.0000

    0.2200    2.0000

    0.2054    1.0000

    0.2197    2.0000

    0.2156    2.0000

    0.2206    2.0000

    0.1996    2.0000

    0.2189    2.0000

    0.2204    2.0000

    0.2134    2.0000

    0.2200    2.0000

    0.2124    1.0000

    0.2165    2.0000

    0.2207    2.0000

    7              308          -1.175         -0.9013        0
    0.2084    3.0000

    0.2203    2.0000

    0.2197    2.0000

    0.2208    2.0000

    0.2207    2.0000

    0.2197    2.0000

    0.2204    2.0000

    0.2189    2.0000

    0.2206    2.0000

    0.2200    2.0000

    0.2203    2.0000

    0.2195    2.0000

    0.2030    2.0000

    0.2210    2.0000

    0.2194    2.0000

    0.2197    2.0000

    0.2164    2.0000

    0.2197    2.0000

    0.2207    2.0000

    0.2251    2.0000

    0.2156    2.0000

    0.2156    2.0000

    0.2144    2.0000

    0.2188    2.0000

    0.2144    1.0000

    0.2525    4.0000

    0.2206    2.0000

    0.2206    2.0000

    0.2248    3.0000

    0.2206    2.0000

    0.2184    2.0000

    0.2157    2.0000

    0.2316    2.0000

    0.2157    2.0000

    0.2238    2.0000

    0.2206    2.0000

    0.2193    2.0000

    0.2200    2.0000

    8              346          -1.175         -0.9554        1
    0.2199    2.0000

    0.2199    2.0000

    0.2194    2.0000

    0.2163    2.0000

    0.2157    2.0000

    0.2207    2.0000

    0.2212    2.0000

    0.2189    2.0000

    0.2167    2.0000

    0.2197    2.0000

    0.2202    2.0000

    0.2206    2.0000

    0.2197    2.0000

    0.2204    2.0000

    0.2199    2.0000

    0.2207    2.0000

    0.2206    2.0000

    0.2189    2.0000

    0.2157    2.0000

    0.2197    2.0000

    0.2208    2.0000

    0.2198    2.0000

    0.2207    2.0000

    0.2188    2.0000

    0.2197    1.0000

    0.2195    1.0000

    0.2206    2.0000

    0.2166    4.0000

    0.2197    3.0000

    0.2200    1.0000

    0.2544    1.0000

    0.2209    2.0000

    0.2156    2.0000

    0.2197    2.0000

    0.2204    1.0000

    0.2198    2.0000

    0.2197    2.0000

    0.2209    2.0000

    9              384          -1.175          -0.936        2
    0.2189    2.0000

    0.2205    2.0000

    0.2199    2.0000

    0.2197    2.0000

    0.2198    2.0000

    0.2199    2.0000

    0.2213    2.0000

    0.2194    2.0000

    0.2196    2.0000

    0.2198    2.0000

    0.2204    2.0000

    0.2198    2.0000

    0.2207    2.0000

    0.2205    2.0000

    0.2190    2.0000

    0.2198    2.0000

    0.2204    2.0000

    0.2197    2.0000

    0.2198    3.0000

    0.2200    3.0000

    0.2218    1.0000

    0.2207    2.0000

    0.2199    1.0000

    0.2206    4.0000

    0.2198    2.0000

    0.2208    2.0000

    0.2162    1.0000

    0.2189    2.0000

    0.2198    2.0000

    0.2206    2.0000

    0.2571    2.0000

    0.2206    2.0000

    0.2206    2.0000

    0.2192    2.0000

    0.2199    2.0000

    0.2200    2.0000

    0.2216    4.0000

    0.2209    2.0000

   10              422          -1.175         -0.9397        3
    0.2199    2.0000

    0.2189    2.0000

    0.2202    2.0000

    0.2199    2.0000

    0.2217    2.0000

    0.2197    2.0000

    0.2207    2.0000

    0.2208    2.0000

    0.2202    2.0000

    0.2277    2.0000

    0.2198    2.0000

    0.2207    2.0000

    0.2198    4.0000

    0.2560    2.0000

    0.2205    2.0000

    0.2199    2.0000

    0.2208    2.0000

    0.2197    2.0000

    0.2199    2.0000

    0.2217    2.0000

    0.2195    2.0000

    0.2199    2.0000

    0.2189    2.0000

    0.2197    2.0000

    0.2642    2.0000

    0.1978    1.0000

    0.2198    2.0000

    0.2200    2.0000

    0.2216    4.0000

    0.2203    2.0000

    0.2198    2.0000

    0.2186    2.0000

    0.2219    2.0000

    0.2269    1.0000

    0.2205    2.0000

    0.2193    2.0000

    0.2199    2.0000

    0.2554    3.0000

   11              460          -1.175         -0.9493        4
    0.2198    2.0000

    0.2202    2.0000

    0.2209    2.0000

    0.2201    2.0000

    0.2199    2.0000

    0.2198    2.0000

    0.2197    2.0000

    0.2199    2.0000

    0.2198    2.0000

    0.2196    2.0000

    0.2197    2.0000

    0.2203    2.0000

    0.2215    2.0000

    0.2194    2.0000

    0.2198    2.0000

    0.2194    2.0000

    0.2197    2.0000

    0.2201    2.0000

    0.2207    2.0000

    0.2198    2.0000

    0.2197    2.0000

    0.2198    2.0000

    0.2189    2.0000

    0.2532    1.0000

    0.2195    2.0000

    0.2199    2.0000

    0.2195    2.0000

    0.2198    2.0000

    0.2202    2.0000

    0.2410    2.0000

    0.2198    2.0000

    0.2199    2.0000

    0.2248    1.0000

    0.2262    4.0000

    0.2210    2.0000

    0.2214    2.0000

    0.2211    1.0000

    0.2197    3.0000

   12              498          -1.175         -0.9999        0
    0.2198    2.0000

    0.2273    2.0000

    0.2200    2.0000

    0.2198    2.0000

    0.2198    2.0000

    0.2197    2.0000

    0.2262    2.0000

    0.2200    2.0000

    0.2198    2.0000

    0.2197    2.0000

    0.2198    2.0000

    0.2198    2.0000

    0.2198    2.0000

    0.2210    2.0000

    0.2195    2.0000

    0.2199    2.0000

    0.2198    2.0000

    0.2198    2.0000

    0.2198    2.0000

    0.2198    2.0000

    0.2204    2.0000

    0.2202    2.0000

    0.2208    2.0000

    0.2200    2.0000

    0.2198    4.0000

    0.2198    2.0000

    0.2198    2.0000

    0.2198    2.0000

    0.2202    1.0000

    0.2198    3.0000

    0.2198    2.0000

    0.2197    2.0000

    0.2197    2.0000

    0.2198    1.0000

    0.2197    2.0000

    0.2197    2.0000

    0.2198    2.0000

    0.2199    2.0000

   13              536          -1.175           -1.03        0
    0.2198    2.0000

    0.2199    2.0000

    0.2207    2.0000

    0.2198    2.0000

    0.2197    2.0000

    0.2198    2.0000

    0.2197    2.0000

    0.2197    2.0000

    0.2198    2.0000

    0.2199    2.0000

    0.2199    2.0000

    0.2198    2.0000

    0.2199    2.0000

    0.2198    2.0000

    0.2198    2.0000

    0.2198    2.0000

    0.2198    2.0000

    0.2199    2.0000

    0.2199    2.0000

    0.2198    2.0000

    0.2199    2.0000

    0.2198    2.0000

    0.2198    2.0000

    0.2198    2.0000

    0.2198    3.0000

    0.2198    2.0000

    0.2198    2.0000

    0.2198    2.0000

    0.2197    2.0000

    0.2197    2.0000

    0.2198    2.0000

    0.2199    1.0000

    0.2200    2.0000

    0.2198    2.0000

    0.2198    2.0000

    0.2198    2.0000

    0.2197    1.0000

    0.2197    1.0000

   14              574          -1.175          -1.059        1
    0.2198    2.0000

    0.2199    2.0000

    0.2198    2.0000

    0.2198    2.0000

    0.2197    2.0000

    0.2198    2.0000

    0.2196    2.0000

    0.2197    2.0000

    0.2198    2.0000

    0.2198    2.0000

    0.2198    2.0000

    0.2198    2.0000

    0.2199    2.0000

    0.2198    2.0000

    0.2198    2.0000

    0.2198    2.0000

    0.2198    2.0000

    0.2197    2.0000

    0.2198    2.0000

    0.2198    2.0000

    0.2198    2.0000

    0.2198    2.0000

    0.2198    2.0000

    0.2198    2.0000

    0.1929    2.0000

    0.2199    2.0000

    0.2198    2.0000

    0.2199    3.0000

    0.2198    2.0000

    0.2198    2.0000

    0.2198    3.0000

    0.2247    2.0000

    0.2197    2.0000

    0.2198    2.0000

    0.2199    1.0000

    0.2198    1.0000

    0.2198    4.0000

    0.1822    2.0000

   15              612          -1.175         -0.9691        2
    0.2198    2.0000

    0.2198    2.0000

    0.2198    2.0000

    0.2198    2.0000

    0.2198    2.0000

    0.2198    2.0000

    0.2197    2.0000

    0.2197    2.0000

    0.2198    2.0000

    0.2197    2.0000

    0.2198    2.0000

    0.2198    2.0000

    0.2199    2.0000

    0.2198    2.0000

    0.2198    2.0000

    0.1716    2.0000

    0.2198    2.0000

    0.2198    2.0000

    0.2189    2.0000

    0.2198    2.0000

    0.2198    2.0000

    0.2198    2.0000

    0.2198    2.0000

    0.2201    2.0000

    0.2199    1.0000

    0.2198    2.0000

    0.2198    2.0000

    0.2206    1.0000

    0.2198    4.0000

    0.2198    1.0000

    0.0689    2.0000

    0.2198    2.0000

    0.2196    2.0000

    0.2291    2.0000

    0.2198    3.0000

    0.2198    2.0000

    0.2195    2.0000

    0.2198    3.0000

   16              650          -1.175         -0.9289        3
    0.1752    2.0000

    0.2198    2.0000

    0.2198    2.0000

    0.2198    2.0000

    0.2198    2.0000

    0.2198    2.0000

    0.2198    2.0000

    0.2198    2.0000

    0.2198    2.0000

    0.2198    2.0000

    0.2196    2.0000

    0.2198    2.0000

    0.2200    2.0000

    0.2198    2.0000

    0.2198    2.0000

    0.2198    2.0000

    0.2198    2.0000

    0.2198    2.0000

    0.2198    2.0000

    0.2198    3.0000

    0.2198    2.0000

    0.2198    2.0000

    0.2198    2.0000

    0.2198    2.0000

    0.2280    2.0000

    0.2012    1.0000

    0.2198    2.0000

    0.2290    2.0000

    0.2198    2.0000

    0.2198    1.0000

    0.2198    2.0000

    0.2198    2.0000

    0.2200    1.0000

    0.2195    2.0000

    0.2198    2.0000

    0.2197    2.0000

    0.2198    2.0000

    0.2197    3.0000

   17              688          -1.175         -0.9694        0
    0.2198    2.0000

    0.2198    2.0000

    0.2198    2.0000

    0.2198    2.0000

    0.2198    2.0000

    0.2198    2.0000

    0.2198    2.0000

    0.2198    2.0000

    0.2198    2.0000

    0.2198    2.0000

    0.2198    2.0000

    0.2198    2.0000

    0.2195    2.0000

    0.2198    2.0000

    0.2198    2.0000

    0.2289    2.0000

    0.2198    2.0000

    0.2198    2.0000

    0.2294    2.0000

    0.2198    2.0000

    0.2198    2.0000

    0.2198    2.0000

    0.2196    2.0000

    0.2198    2.0000

    0.2016    3.0000

    0.2198    2.0000

    0.2198    2.0000

    0.2256    2.0000

    0.2198    1.0000

    0.0603    2.0000

    0.2198    1.0000

    0.2014    1.0000

    0.2198    2.0000

    0.2931    1.0000

    0.2248    2.0000

    0.2197    2.0000

    0.2198    2.0000

    0.2198    1.0000

   18              726          -1.175         -0.9364        1
    0.0660    3.0000

    0.2198    2.0000

    0.2198    2.0000

    0.2198    2.0000

    0.2198    2.0000

    0.2287    2.0000

    0.2028    2.0000

    0.2196    2.0000

    0.2198    2.0000

    0.2193    2.0000

    0.2198    2.0000

    0.2198    2.0000

    0.2198    2.0000

    0.2198    2.0000

    0.2198    2.0000

    0.2198    2.0000

    0.2198    2.0000

    0.2198    2.0000

    0.2198    2.0000

    0.2198    2.0000

    0.2198    2.0000

    0.2198    2.0000

    0.2198    2.0000

    0.2198    2.0000

    0.2198    2.0000

    0.2697    2.0000

    0.2198    2.0000

    0.2198    2.0000

    0.2199    3.0000

    0.2198    2.0000

    0.2198    2.0000

    0.2198    2.0000

    0.2196    3.0000

    0.2202    2.0000

    0.2198    2.0000

    0.2198    2.0000

    0.2133    2.0000

    0.2199    3.0000

   19              764          -1.175         -0.9754        0
    0.2198    2.0000

    0.2198    2.0000

    0.2198    2.0000

    0.2198    2.0000

    0.2198    2.0000

    0.2198    2.0000

    0.2198    2.0000

    0.2198    2.0000

    0.2198    2.0000

    0.2202    2.0000

    0.2198    2.0000

    0.2198    2.0000

    0.2198    2.0000

    0.2198    2.0000

    0.2198    2.0000

    0.2198    2.0000

    0.2198    2.0000

    0.2198    2.0000

    0.2210    2.0000

    0.2198    2.0000

    0.2198    2.0000

    0.2198    2.0000

    0.2198    2.0000

    0.2198    2.0000

    0.2176    3.0000

    0.2167    2.0000

    0.2198    2.0000

    0.2202    1.0000

    0.2198    2.0000

    0.2198    2.0000

    0.2203    2.0000

    0.2244    4.0000

    0.2198    4.0000

    0.0660    1.0000

    0.2198    2.0000

    0.2198    2.0000

    0.2198    2.0000

    0.2198    4.0000

   20              802          -1.175         -0.9987        0
    0.2198    2.0000

    0.2198    2.0000

    0.2186    3.0000

    0.2198    2.0000

    0.2198    2.0000

    0.2198    2.0000

    0.2197    2.0000

    0.2198    2.0000

    0.2198    2.0000

    0.2198    2.0000

    0.2198    2.0000

    0.2198    2.0000

    0.2198    2.0000

    0.2198    2.0000

    0.2198    2.0000

    0.2198    2.0000

    0.2198    2.0000

    0.2198    2.0000

    0.2198    2.0000

    0.2198    2.0000

    0.2198    2.0000

    0.2198    2.0000

    0.2198    2.0000

    0.2198    2.0000

    0.2247    1.0000

    0.1731    1.0000

    0.2198    2.0000

    0.2198    2.0000

    0.0926    2.0000

    0.2198    2.0000

    0.2166    2.0000

    0.2211    1.0000

    0.2200    2.0000

    0.2198    2.0000

    0.2198    2.0000

    0.2198    2.0000

    0.2198    4.0000

    0.2221    2.0000

   21              840          -1.175         -0.9969        0
    0.2198    2.0000

    0.2198    2.0000

    0.2198    2.0000

    0.2198    2.0000

    0.2198    2.0000

    0.2198    2.0000

    0.2198    2.0000

    0.2198    2.0000

    0.2198    2.0000

    0.2201    2.0000

    0.2214    2.0000

    0.2198    2.0000

    0.2198    1.0000

    0.2213    1.0000

    0.2198    2.0000

    0.2198    2.0000

    0.1158    2.0000

    0.2200    2.0000

    0.2198    2.0000

    0.2198    2.0000

    0.2198    2.0000

    0.2198    2.0000

    0.2198    2.0000

    0.2198    2.0000

    0.2203    2.0000

    0.2211    2.0000

    0.2197    2.0000

    0.2198    2.0000

    0.2198    1.0000

    0.2198    2.0000

    0.2198    2.0000

    0.2198    1.0000

    0.2223    1.0000

    0.2198    2.0000

    0.2196    2.0000

    0.2198    3.0000

    0.2198    2.0000

    0.2218    1.0000

   22              878          -1.175         -0.9445        1
    0.2198    2.0000

    0.2198    2.0000

    0.2198    2.0000

    0.2201    2.0000

    0.2197    2.0000

    0.2198    2.0000

    0.2198    2.0000

    0.2202    2.0000

    0.2198    2.0000

    0.2198    2.0000

    0.2198    2.0000

    0.2198    2.0000

    0.2224    3.0000

    0.2197    2.0000

    0.2196    1.0000

    0.2198    2.0000

    0.2198    2.0000

    0.2198    2.0000

    0.2198    2.0000

    0.2198    2.0000

    0.2198    2.0000

    0.2198    2.0000

    0.2198    2.0000

    0.2198    2.0000

    0.2241    3.0000

    0.2198    2.0000

    0.2198    2.0000

    0.2350    3.0000

    0.2278    1.0000

    0.2218    1.0000

    0.2198    2.0000

    0.2198    2.0000

    0.1840    3.0000

    0.2243    3.0000

    0.2198    2.0000

    0.2219    4.0000

    0.2200    1.0000

    0.2269    3.0000

   23              916          -1.175         -0.8577        0
    0.2198    2.0000

    0.2198    4.0000

    0.2203    1.0000

    0.2198    2.0000

    0.2198    2.0000

    0.2198    2.0000

    0.2198    2.0000

    0.2198    2.0000

    0.2197    2.0000

    0.2198    2.0000

    0.2241    3.0000

    0.2198    2.0000

    0.2198    2.0000

    0.2198    2.0000

    0.2197    2.0000

    0.2198    2.0000

    0.2198    2.0000

    0.2198    2.0000

    0.2220    4.0000

    0.2198    2.0000

    0.2198    2.0000

    0.2198    2.0000

    0.2198    2.0000

    0.2198    1.0000

    0.2206    1.0000

    0.2198    2.0000

    0.2198    2.0000

    0.1865    1.0000

    0.2198    2.0000

    0.2200    2.0000

    0.2198    2.0000

    0.2198    2.0000

    0.2212    2.0000

    0.2453    2.0000

    0.2198    2.0000

    0.2198    2.0000

    0.2198    2.0000

    0.2199    2.0000

   24              954          -1.175         -0.9477        1
    0.2198    2.0000

    0.2198    2.0000

    0.2198    2.0000

    0.2198    2.0000

    0.2198    2.0000

    0.2198    2.0000

    0.2198    2.0000

    0.2198    2.0000

    0.2198    2.0000

    0.2198    2.0000

    0.2198    2.0000

    0.2198    2.0000

    0.2210    4.0000

    0.2198    2.0000

    0.2198    2.0000

    0.2198    2.0000

    0.2198    2.0000

    0.2198    2.0000

    0.2198    2.0000

    0.2210    2.0000

    0.2443    2.0000

    0.2198    2.0000

    0.2321    1.0000

    0.2198    2.0000

    0.2198    2.0000

    0.2198    2.0000

    0.2198    2.0000

    0.2198    2.0000

    0.2198    2.0000

    0.2198    1.0000

    0.2198    2.0000

    0.2198    2.0000

    0.2195    4.0000

    0.2198    1.0000

    0.2197    2.0000

    0.2198    2.0000

    0.2197    2.0000

    0.2198    2.0000

   25              992          -1.175          -1.005        2
    0.2198    2.0000

    0.2198    2.0000

    0.2198    2.0000

    0.2198    2.0000

    0.2198    2.0000

    0.2198    2.0000

    0.2198    2.0000

    0.2198    2.0000

    0.2198    2.0000

    0.2198    2.0000

    0.2198    2.0000

    0.2198    2.0000

    0.2195    2.0000

    0.2198    2.0000

    0.2198    2.0000

    0.2198    2.0000

    0.2198    2.0000

    0.2198    2.0000

    0.2198    2.0000

    0.2198    2.0000

    0.2198    2.0000

    0.2198    2.0000

    0.2163    2.0000

    0.2198    2.0000

    0.2198    2.0000

    0.2198    2.0000

    0.2198    2.0000

    0.2198    1.0000

    0.2476    1.0000

    0.2198    2.0000

    0.2198    2.0000

    0.2694    2.0000

    0.2198    2.0000

    0.2205    2.0000

    0.2199    2.0000

    0.2198    1.0000

    0.2198    1.0000

    0.0587    2.0000

   26             1030          -1.175         -0.9978        0
    0.2198    2.0000

    0.2198    2.0000

    0.2198    2.0000

    0.2198    2.0000

    0.2198    2.0000

    0.2198    2.0000

    0.2195    2.0000

    0.2198    2.0000

    0.2198    2.0000

    0.2198    2.0000

    0.2198    2.0000

    0.2198    2.0000

    0.2198    2.0000

    0.2198    2.0000

    0.2198    2.0000

    0.2198    2.0000

    0.2195    2.0000

    0.2198    2.0000

    0.2198    2.0000

    0.2198    2.0000

    0.2198    2.0000

    0.2198    2.0000

    0.2447    2.0000

    0.2198    1.0000

    0.2198    2.0000

    0.2198    2.0000

    0.1004    2.0000

    0.2198    2.0000

    0.2198    2.0000

    0.2174    1.0000

    0.2266    2.0000

    0.2198    2.0000

    0.2198    2.0000

    0.2281    3.0000

    0.2198    2.0000

    0.2198    2.0000

    0.2198    2.0000

    0.2198    1.0000

   27             1068          -1.175         -0.9918        1
    0.2198    2.0000

    0.2198    2.0000

    0.2198    2.0000

    0.2198    2.0000

    0.2198    2.0000

    0.2198    2.0000

    0.2198    2.0000

    0.2198    2.0000

    0.2198    2.0000

    0.2194    2.0000

    0.2198    2.0000

    0.2198    2.0000

    0.2198    2.0000

    0.2198    2.0000

    0.2198    2.0000

    0.2198    2.0000

    0.2198    2.0000

    0.2260    2.0000

    0.2198    2.0000

    0.2198    2.0000

    0.2198    2.0000

    0.2198    2.0000

    0.2198    2.0000

    0.2198    2.0000

    0.2195    2.0000

    0.2198    2.0000

    0.2198    2.0000

    0.2198    2.0000

    0.2220    1.0000

    0.2849    2.0000

    0.2198    2.0000

    0.2401    1.0000

    0.2198    2.0000

    0.2198    2.0000

    0.2281    3.0000

    0.2198    2.0000

    0.2198    2.0000

    0.1921    1.0000

   28             1106          -1.175          -1.019        2
    0.2198    2.0000

    0.2198    2.0000

    0.2198    2.0000

    0.2198    2.0000

    0.2198    2.0000

    0.2198    2.0000

    0.1806    2.0000

    0.2198    2.0000

    0.2198    2.0000

    0.2198    2.0000

    0.2198    2.0000

    0.2198    2.0000

    0.2198    2.0000

    0.2198    2.0000

    0.2198    2.0000

    0.2198    2.0000

    0.2198    2.0000

    0.2198    2.0000

    0.2198    2.0000

    0.2198    2.0000

    0.2198    2.0000

    0.2194    2.0000

    0.2198    2.0000

    0.2198    2.0000

    0.2198    2.0000

    0.2198    2.0000

    0.2197    2.0000

    0.2198    2.0000

    0.2198    2.0000

    0.2197    4.0000

    0.2198    2.0000

    0.2198    2.0000

    0.2198    2.0000

    0.2198    1.0000

    0.2198    2.0000

    0.2198    2.0000

    0.2210    2.0000

    0.2260    1.0000

   29             1144          -1.175          -1.062        3
    0.2198    2.0000

    0.2198    2.0000

    0.2198    2.0000

    0.2198    2.0000

    0.2198    2.0000

    0.2198    2.0000

    0.2198    2.0000

    0.2198    2.0000

    0.2198    3.0000

    0.2198    2.0000

    0.2198    2.0000

    0.2198    2.0000

    0.2198    2.0000

    0.2198    2.0000

    0.2198    2.0000

    0.2198    2.0000

    0.2198    2.0000

    0.2198    2.0000

    0.2198    2.0000

    0.2198    2.0000

    0.2198    2.0000

    0.2198    2.0000

    0.2198    2.0000

    0.2198    2.0000

    0.2198    2.0000

    0.2200    1.0000

    0.2198    2.0000

    0.2198    2.0000

    0.2204    3.0000

    0.2361    1.0000

    0.2198    2.0000

    0.2198    2.0000

    0.2223    3.0000

    0.2198    2.0000

    0.2198    2.0000

    0.2198    2.0000

    0.2199    1.0000

    0.2296    3.0000


                                  Best          Mean         Stall
Generation      Func-count     Penalty         Penalty    Generations
   30             1182          -1.175         -0.9726        4
    0.2198    2.0000

    0.2198    2.0000

    0.2198    2.0000

    0.2198    2.0000

    0.2198    2.0000

    0.2198    2.0000

    0.2198    2.0000

    0.2198    1.0000

    0.2198    2.0000

    0.2198    2.0000

    0.2198    2.0000

    0.2199    2.0000

    0.2198    2.0000

    0.2198    2.0000

    0.2198    2.0000

    0.2198    2.0000

    0.2198    2.0000

    0.2198    2.0000

    0.2198    2.0000

    0.2198    2.0000

    0.2198    2.0000

    0.2198    2.0000

    0.2198    2.0000

    0.2198    2.0000

    0.2198    2.0000

    0.2198    2.0000

    0.2198    2.0000

    0.2198    2.0000

    0.1553    4.0000

    0.2011    1.0000

    0.2198    2.0000

    0.2198    2.0000

    0.2198    3.0000

    0.1980    2.0000

    0.2198    2.0000

    0.2198    2.0000

    0.2251    1.0000

    0.2302    2.0000

   31             1220          -1.175         -0.9869        5
    0.2198    2.0000

    0.2198    2.0000

    0.2198    2.0000

    0.2198    2.0000

    0.2198    2.0000

    0.2198    2.0000

    0.2198    2.0000

    0.2198    2.0000

    0.2198    2.0000

    0.2198    2.0000

    0.2198    2.0000

    0.2198    2.0000

    0.2198    2.0000

    0.2198    2.0000

    0.2198    2.0000

    0.2198    2.0000

    0.2198    2.0000

    0.2198    2.0000

    0.2202    4.0000

    0.2198    2.0000

    0.2198    2.0000

    0.2198    2.0000

    0.2198    2.0000

    0.2198    2.0000

    0.2198    4.0000

    0.2198    3.0000

    0.2198    2.0000

    0.2198    2.0000

    0.2198    2.0000

    0.2198    3.0000

    0.2201    1.0000

    0.2198    2.0000

    0.2198    2.0000

    0.2243    3.0000

    0.2198    2.0000

    0.2198    2.0000

    0.2198    2.0000

    0.2198    2.0000

   32             1258          -1.175          -1.003        0
    0.2198    2.0000

    0.2198    2.0000

    0.2198    2.0000

    0.2198    2.0000

    0.2198    2.0000

    0.2198    2.0000

    0.2198    2.0000

    0.2198    2.0000

    0.2198    2.0000

    0.2198    2.0000

    0.2198    2.0000

    0.2198    2.0000

    0.2198    2.0000

    0.2198    2.0000

    0.2198    2.0000

    0.2198    2.0000

    0.2198    2.0000

    0.2198    2.0000

    0.2198    2.0000

    0.2198    2.0000

    0.2198    2.0000

    0.2198    2.0000

    0.2198    2.0000

    0.2198    2.0000

    0.2605    2.0000

    0.0720    1.0000

    0.2198    2.0000

    0.2198    2.0000

    0.2200    1.0000

    0.2198    2.0000

    0.2201    1.0000

    0.1401    2.0000

    0.2198    2.0000

    0.1889    1.0000

    0.2198    2.0000

    0.2198    2.0000

    0.2192    1.0000

    0.1819    1.0000

   33             1296          -1.175         -0.9488        1
    0.2198    2.0000

    0.2198    2.0000

    0.2198    2.0000

    0.2198    2.0000

    0.2198    2.0000

    0.2198    2.0000

    0.2198    2.0000

    0.2198    2.0000

    0.2198    2.0000

    0.2198    2.0000

    0.2198    2.0000

    0.2198    2.0000

    0.2198    2.0000

    0.2198    2.0000

    0.2198    2.0000

    0.2198    2.0000

    0.2198    2.0000

    0.2198    2.0000

    0.2198    2.0000

    0.2198    2.0000

    0.2198    2.0000

    0.2198    2.0000

    0.2198    2.0000

    0.2198    2.0000

    0.2187    1.0000

    0.2198    2.0000

    0.2267    1.0000

    0.2198    2.0000

    0.2209    2.0000

    0.2198    2.0000

    0.2198    2.0000

    0.2189    2.0000

    0.2201    2.0000

    0.2156    3.0000

    0.2198    2.0000

    0.2198    2.0000

    0.2198    1.0000

    0.2291    2.0000

   34             1334          -1.175          -1.041        0
    0.2198    2.0000

    0.2198    2.0000

    0.2198    2.0000

    0.2198    2.0000

    0.2198    2.0000

    0.2198    2.0000

    0.2198    2.0000

    0.2198    2.0000

    0.2198    2.0000

    0.2198    2.0000

    0.2198    2.0000

    0.2198    2.0000

    0.2198    2.0000

    0.2198    2.0000

    0.2198    2.0000

    0.2187    2.0000

    0.2190    2.0000

    0.2198    2.0000

    0.2198    2.0000

    0.2198    2.0000

    0.2198    2.0000

    0.2198    2.0000

    0.2198    2.0000

    0.2198    2.0000

    0.2198    3.0000

    0.2198    2.0000

    0.2198    2.0000

    0.1681    1.0000

    0.2209    2.0000

    0.2198    2.0000

    0.2198    2.0000

    0.2187    1.0000

    0.2200    2.0000

    0.1266    2.0000

    0.2198    2.0000

    0.2198    2.0000

    0.2204    2.0000

    0.2284    1.0000

   35             1372          -1.175          -1.031        1
    0.2199    2.0000

    0.2198    2.0000

    0.2198    2.0000

    0.2200    2.0000

    0.2203    2.0000

    0.2198    2.0000

    0.2198    2.0000

    0.2198    2.0000

    0.2198    2.0000

    0.2198    2.0000

    0.2198    2.0000

    0.2198    2.0000

    0.2198    2.0000

    0.2198    2.0000

    0.2198    2.0000

    0.2198    2.0000

    0.2198    2.0000

    0.2198    2.0000

    0.2198    2.0000

    0.2138    2.0000

    0.2198    2.0000

    0.2198    2.0000

    0.2198    2.0000

    0.2198    2.0000

    0.2205    2.0000

    0.2198    2.0000

    0.2200    2.0000

    0.2198    2.0000

    0.2124    2.0000

    0.2198    4.0000

    0.2198    2.0000

    0.2198    2.0000

    0.2198    2.0000

    0.2197    2.0000

    0.2283    2.0000

    0.2198    2.0000

    0.2198    2.0000

    0.2198    2.0000

   36             1410          -1.175          -1.103        2
    0.2198    2.0000

    0.2198    2.0000

    0.2198    2.0000

    0.2198    2.0000

    0.2198    2.0000

    0.2198    2.0000

    0.2198    2.0000

    0.2198    2.0000

    0.2198    2.0000

    0.2198    2.0000

    0.2198    2.0000

    0.2198    2.0000

    0.2198    2.0000

    0.2198    2.0000

    0.2198    2.0000

    0.2198    2.0000

    0.2198    2.0000

    0.2198    2.0000

    0.2198    2.0000

    0.2198    2.0000

    0.2198    2.0000

    0.2198    2.0000

    0.2198    2.0000

    0.2198    2.0000

    0.2195    1.0000

    0.2492    3.0000

    0.2198    2.0000

    0.2198    2.0000

    0.2205    2.0000

    0.2198    2.0000

    0.2203    2.0000

    0.1568    1.0000

    0.2198    2.0000

    0.2198    2.0000

    0.2198    2.0000

    0.2198    1.0000

    0.2219    1.0000

    0.2198    2.0000

   37             1448          -1.175          -1.031        0
    0.2198    2.0000

    0.2198    2.0000

    0.2198    2.0000

    0.2197    2.0000

    0.2198    2.0000

    0.2198    2.0000

    0.2198    2.0000

    0.2198    2.0000

    0.2198    2.0000

    0.2198    2.0000

    0.2198    2.0000

    0.2198    2.0000

    0.2198    2.0000

    0.2198    2.0000

    0.2198    2.0000

    0.2198    2.0000

    0.2198    2.0000

    0.2198    2.0000

    0.2198    2.0000

    0.2198    2.0000

    0.2198    2.0000

    0.2198    2.0000

    0.2198    2.0000

    0.2198    2.0000

    0.2177    1.0000

    0.2198    2.0000

    0.2198    2.0000

    0.1589    3.0000

    0.2188    2.0000

    0.2198    2.0000

    0.2198    2.0000

    0.2198    2.0000

    0.2198    1.0000

    0.2198    2.0000

    0.2198    2.0000

    0.2198    2.0000

    0.2198    2.0000

    0.2198    1.0000

   38             1486          -1.175          -1.059        1
    0.2198    2.0000

    0.2198    2.0000

    0.2198    2.0000

    0.2198    2.0000

    0.2198    3.0000

    0.2198    2.0000

    0.2198    2.0000

    0.2198    2.0000

    0.2198    2.0000

    0.2198    2.0000

    0.2198    2.0000

    0.2198    2.0000

    0.2198    2.0000

    0.2198    2.0000

    0.2198    2.0000

    0.2198    2.0000

    0.2198    2.0000

    0.2198    2.0000

    0.2198    2.0000

    0.2198    3.0000

    0.2198    2.0000

    0.2198    2.0000

    0.2197    2.0000

    0.2198    4.0000

    0.2213    2.0000

    0.2198    2.0000

    0.2198    2.0000

    0.2198    2.0000

    0.2198    2.0000

    0.2198    2.0000

    0.2198    2.0000

    0.2198    3.0000

    0.2198    2.0000

    0.2198    2.0000

    0.2075    2.0000

    0.2198    3.0000

    0.2198    4.0000

    0.2198    2.0000

   39             1524          -1.175         -0.9798        0
    0.2198    2.0000

Optimization terminated: stop requested from plot function.

ans =

    'Time passed (hours): '

    0.0116

Fitness function has reached the value: 
-1.1747
Algorithm outputs the given Length parameters: 
0.2198           2
H
    0.0817    4.0000

    0.2783    4.0000

    0.2081    2.0000

    0.0744    2.0000

    0.1196    3.0000

    0.0894    1.0000

    0.2912    4.0000

    0.2894    3.0000

    0.1867    3.0000

    0.2481    2.0000

    0.2789    2.0000

    0.1554    4.0000

    0.0855    2.0000

    0.2623    2.0000

    0.0589    2.0000

    0.2139    3.0000

    0.2899    1.0000

    0.2358    2.0000

    0.2394    4.0000

    0.2197    3.0000

    0.2835    4.0000

    0.2265    3.0000

    0.0928    2.0000

    0.2876    2.0000

    0.2501    2.0000

    0.1713    2.0000

    0.2893    3.0000

    0.2926    3.0000

    0.0743    3.0000

    0.0615    2.0000

    0.1454    4.0000

    0.2237    2.0000

    0.2559    3.0000

    0.0586    2.0000

    0.2139    2.0000

    0.1481    2.0000

    0.1293    2.0000

    0.1192    3.0000

    0.0580    1.0000

    0.1597    2.0000


                                  Best          Mean         Stall
Generation      Func-count     Penalty         Penalty    Generations
    0.0590    2.0000

    0.2394    4.0000

    0.1066    2.0000

    0.2571    3.0000

    0.2181    2.0000

    0.1597    2.0000

    0.2081    2.0000

    0.2579    4.0000

    0.2850    4.0000

    0.0669    1.0000

    0.2566    4.0000

    0.2246    3.0000

    0.2268    2.0000

    0.2636    2.0000

    0.1561    1.0000

    0.2303    3.0000

    0.0871    4.0000

    0.1418    2.0000

    0.2555    2.0000

    0.2912    4.0000

    0.2973    3.0000

    0.1273    2.0000

    0.2607    1.0000

    0.1196    2.0000

    0.0855    2.0000

    0.2858    1.0000

    0.0615    3.0000

    0.2899    3.0000

    0.2467    2.0000

    0.0968    1.0000

    0.2404    4.0000

    0.1546    2.0000

    0.2566    3.0000

    0.0511    1.0000

    0.2691    4.0000

    0.2784    2.0000

    0.2906    1.0000

    0.2197    3.0000

    0.2237    2.0000

    0.1481    3.0000

    1               80          -1.026          -0.111        0
    0.1246    3.0000

    0.2162    1.0000

    0.2348    3.0000

    0.1171    2.0000

    0.2849    3.0000

    0.0599    1.0000

    0.1827    2.0000

    0.2636    2.0000

    0.1151    2.0000

    0.1523    3.0000

    0.2932    1.0000

    0.0859    1.0000

    0.1415    2.0000

    0.0742    2.0000

    0.2309    2.0000

    0.2939    3.0000

    0.1980    2.0000

    0.2890    4.0000

    0.1602    2.0000

    0.1638    2.0000

    0.0731    2.0000

    0.1348    3.0000

    0.2542    4.0000

    0.2034    3.0000

    0.2566    4.0000

    0.1636    2.0000

    0.2801    4.0000

    0.2237    2.0000

    0.0669    1.0000

    0.2261    3.0000

    0.0589    2.0000

    0.2732    1.0000

    0.1026    3.0000

    0.2636    1.0000

    0.2288    2.0000

    0.2267    2.0000

    0.2087    2.0000

    0.2611    2.0000

    2              118          -1.026         -0.1602        1
    0.0588    2.0000

    0.1603    2.0000

    0.2206    3.0000

    0.2246    2.0000

    0.1662    1.0000

    0.0713    1.0000

    0.1617    2.0000

    0.2632    1.0000

    0.1552    2.0000

    0.0525    3.0000

    0.2638    3.0000

    0.2268    2.0000

    0.2259    2.0000

    0.0978    2.0000

    0.2791    4.0000

    0.0891    2.0000

    0.1989    2.0000

    0.2913    1.0000

    0.2728    1.0000

    0.1152    2.0000

    0.2593    2.0000

    0.2227    2.0000

    0.2406    3.0000

    0.2567    3.0000

    0.1820    1.0000

    0.2612    1.0000

    0.1405    4.0000

    0.2237    2.0000

    0.1414    1.0000

    0.1294    2.0000

    0.2078    2.0000

    0.2835    4.0000

    0.2261    4.0000

    0.1151    1.0000

    0.2402    2.0000

    0.2378    3.0000

    0.2607    1.0000

    0.2566    4.0000

    3              156          -1.026         -0.2377        2
    0.0991    2.0000

    0.2341    2.0000

    0.1879    1.0000

    0.2702    2.0000

    0.2865    1.0000

    0.2584    3.0000

    0.2689    2.0000

    0.2232    2.0000

    0.2656    1.0000

    0.1649    1.0000

    0.2811    3.0000

    0.2610    1.0000

    0.2563    2.0000

    0.2233    2.0000

    0.2423    1.0000

    0.2610    1.0000

    0.2791    3.0000

    0.1707    2.0000

    0.2687    3.0000

    0.2232    2.0000

    0.2476    3.0000

    0.0567    2.0000

    0.1806    1.0000

    0.2580    1.0000

    0.1609    1.0000

    0.1152    2.0000

    0.2721    1.0000

    0.2518    1.0000

    0.1603    3.0000

    0.1518    2.0000

    0.1247    2.0000

    0.1152    1.0000

    0.2377    3.0000

    0.2603    1.0000

    0.1552    2.0000

    0.1881    2.0000

    0.1562    2.0000

    0.1054    1.0000

    4              194          -1.042         -0.2605        0
    0.1491    2.0000

    0.2550    2.0000

    0.2263    3.0000

    0.2607    1.0000

    0.2631    2.0000

    0.2481    1.0000

    0.1108    2.0000

    0.2414    1.0000

    0.2926    1.0000

    0.2863    1.0000

    0.1683    3.0000

    0.1554    2.0000

    0.1146    2.0000

    0.1865    2.0000

    0.2401    1.0000

    0.1553    2.0000

    0.2763    3.0000

    0.2244    3.0000

    0.2424    1.0000

    0.2205    2.0000

    0.2631    1.0000

    0.2542    1.0000

    0.2169    1.0000

    0.1530    1.0000

    0.1849    1.0000

    0.2988    1.0000

    0.1222    1.0000

    0.0875    1.0000

    0.2608    1.0000

    0.1806    1.0000

    0.2341    3.0000

    0.1861    2.0000

    0.2813    1.0000

    0.1524    2.0000

    0.2610    1.0000

    0.0968    2.0000

    0.2343    2.0000

    0.1468    1.0000

    5              232          -1.042         -0.2647        1
    0.1573    4.0000

    0.2823    1.0000

    0.1623    1.0000

    0.2331    1.0000

    0.1545    3.0000

    0.1694    2.0000

    0.2602    1.0000

    0.2168    1.0000

    0.2630    1.0000

    0.2486    1.0000

    0.1827    1.0000

    0.2394    1.0000

    0.2595    1.0000

    0.1590    2.0000

    0.2626    1.0000

    0.1674    3.0000

    0.1249    4.0000

    0.2192    3.0000

    0.1812    3.0000

    0.2594    1.0000

    0.1496    2.0000

    0.1902    2.0000

    0.1620    2.0000

    0.2560    2.0000

    0.2607    1.0000

    0.2607    1.0000

    0.2555    1.0000

    0.2327    1.0000

    0.2205    2.0000

    0.2430    2.0000

    0.1967    3.0000

    0.1809    2.0000

    0.2346    1.0000

    0.2863    1.0000

    0.2959    2.0000

    0.1815    1.0000

    0.1861    1.0000

    0.1563    2.0000

    6              270          -1.053         -0.3411        0
    0.1800    2.0000

    0.2615    1.0000

    0.2593    1.0000

    0.2353    2.0000

    0.1707    2.0000

    0.2628    1.0000

    0.1924    1.0000

    0.2593    3.0000

    0.2599    1.0000

    0.1354    2.0000

    0.1719    4.0000

    0.2601    1.0000

    0.2328    1.0000

    0.2514    1.0000

    0.2010    2.0000

    0.1698    1.0000

    0.2029    2.0000

    0.1618    1.0000

    0.2608    2.0000

    0.2604    1.0000

    0.2611    1.0000

    0.1618    2.0000

    0.2322    1.0000

    0.2607    1.0000

    0.2610    1.0000

    0.2394    1.0000

    0.2198    2.0000

    0.2607    1.0000

    0.2743    1.0000

    0.1513    1.0000

    0.2328    1.0000

    0.2480    3.0000

    0.2015    1.0000

    0.0827    1.0000

    0.1693    2.0000

    0.1607    3.0000

    0.2506    1.0000

    0.2026    2.0000

    7              308          -1.053         -0.4426        1
    0.2068    1.0000

    0.2738    2.0000

    0.2328    1.0000

    0.2610    1.0000

    0.2844    2.0000

    0.2600    1.0000

    0.2591    1.0000

    0.2275    3.0000

    0.2181    3.0000

    0.1690    1.0000

    0.1629    2.0000

    0.2608    1.0000

    0.2630    1.0000

    0.1601    3.0000

    0.2810    1.0000

    0.2629    1.0000

    0.2028    2.0000

    0.2626    1.0000

    0.2565    1.0000

    0.2520    1.0000

    0.2011    4.0000

    0.2625    2.0000

    0.2624    1.0000

    0.2478    2.0000

    0.2604    1.0000

    0.1791    1.0000

    0.2036    1.0000

    0.1405    1.0000

    0.2608    2.0000

    0.2489    3.0000

    0.2653    1.0000

    0.2630    1.0000

    0.2604    1.0000

    0.2599    1.0000

    0.2497    1.0000

    0.1592    4.0000

    0.2599    1.0000

    0.1354    1.0000

    8              346          -1.053         -0.4788        2
    0.2623    1.0000

    0.2606    1.0000

    0.1688    1.0000

    0.2596    1.0000

    0.1690    2.0000

    0.1392    3.0000

    0.1796    1.0000

    0.2353    1.0000

    0.2628    1.0000

    0.2553    1.0000

    0.2581    1.0000

    0.2605    1.0000

    0.2617    1.0000

    0.2596    1.0000

    0.2622    1.0000

    0.2608    2.0000

    0.2428    1.0000

    0.2526    2.0000

    0.2776    2.0000

    0.2584    1.0000

    0.2595    1.0000

    0.2587    1.0000

    0.2604    1.0000

    0.2631    1.0000

    0.2594    1.0000

    0.2609    1.0000

    0.2520    1.0000

    0.2810    1.0000

    0.2595    1.0000

    0.2858    1.0000

    0.2608    1.0000

    0.2516    1.0000

    0.2635    1.0000

    0.2604    1.0000

    0.2604    1.0000

    0.2634    1.0000

    0.1629    2.0000

    0.2599    1.0000

    9              384          -1.053         -0.6989        0
    0.2594    1.0000

    0.2595    1.0000

    0.2585    1.0000

    0.2625    1.0000

    0.2632    1.0000

    0.2592    1.0000

    0.2505    1.0000

    0.2601    1.0000

    0.2593    1.0000

    0.2597    1.0000

    0.2587    1.0000

    0.2594    1.0000

    0.2587    1.0000

    0.2599    1.0000

    0.2616    1.0000

    0.2610    1.0000

    0.2636    1.0000

    0.2604    1.0000

    0.2680    1.0000

    0.2842    1.0000

    0.2586    1.0000

    0.2593    1.0000

    0.2605    1.0000

    0.2604    1.0000

    0.2584    1.0000

    0.2576    1.0000

    0.2600    1.0000

    0.2595    1.0000

    0.2604    1.0000

    0.2635    1.0000

    0.2601    1.0000

    0.2884    1.0000

    0.2596    1.0000

    0.2631    1.0000

    0.2666    1.0000

    0.2409    3.0000

    0.2589    1.0000

    0.2605    1.0000

   10              422          -1.053         -0.9038        1
    0.2595    1.0000

    0.2597    1.0000

    0.2621    1.0000

    0.2655    1.0000

    0.2595    1.0000

    0.2595    1.0000

    0.2501    1.0000

    0.2600    1.0000

    0.2912    1.0000

    0.2741    1.0000

    0.2592    1.0000

    0.2593    1.0000

    0.2690    1.0000

    0.2595    1.0000

    0.2595    1.0000

    0.2592    1.0000

    0.2594    1.0000

    0.2587    1.0000

    0.2563    1.0000

    0.2506    1.0000

    0.2605    1.0000

    0.2678    1.0000

    0.2596    1.0000

    0.2595    1.0000

    0.2597    1.0000

    0.2595    1.0000

    0.2602    1.0000

    0.2594    1.0000

    0.2600    1.0000

    0.2606    1.0000

    0.2645    1.0000

    0.2596    1.0000

    0.2595    1.0000

    0.2627    1.0000

    0.2602    1.0000

    0.2608    1.0000

    0.2604    1.0000

    0.1430    1.0000

   11              460          -1.053         -0.8912        0
    0.2595    1.0000

    0.2593    1.0000

    0.2606    1.0000

    0.2593    1.0000

    0.2595    1.0000

    0.2595    1.0000

    0.2597    1.0000

    0.2595    1.0000

    0.2582    1.0000

    0.2606    1.0000

    0.2603    1.0000

    0.2595    1.0000

    0.2603    1.0000

    0.2598    1.0000

    0.2595    1.0000

    0.2599    1.0000

    0.2669    1.0000

    0.2593    1.0000

    0.2594    1.0000

    0.2619    1.0000

    0.2605    1.0000

    0.2600    1.0000

    0.2595    1.0000

    0.2592    1.0000

    0.2609    1.0000

    0.2592    1.0000

    0.2596    1.0000

    0.2595    1.0000

    0.2608    1.0000

    0.2593    1.0000

    0.2592    1.0000

    0.2595    1.0000

    0.2595    1.0000

    0.2594    1.0000

    0.2511    1.0000

    0.2595    1.0000

    0.2595    1.0000

    0.2593    1.0000

   12              498          -1.053          -1.019        0
    0.2595    1.0000

    0.2596    1.0000

    0.2595    1.0000

    0.2595    1.0000

    0.2595    1.0000

    0.2597    1.0000

    0.2595    1.0000

    0.2595    1.0000

    0.2595    1.0000

    0.2595    1.0000

    0.2599    1.0000

    0.2595    1.0000

    0.2592    1.0000

    0.2595    1.0000

    0.2596    1.0000

    0.2594    1.0000

    0.2595    1.0000

    0.2599    1.0000

    0.2595    1.0000

    0.2592    1.0000

    0.2595    1.0000

    0.2593    1.0000

    0.2592    1.0000

    0.2592    1.0000

    0.2597    1.0000

    0.2593    1.0000

    0.2595    1.0000

    0.2593    1.0000

    0.2692    1.0000

    0.2593    1.0000

    0.2595    1.0000

    0.2606    1.0000

    0.2596    1.0000

    0.2735    1.0000

    0.2595    1.0000

    0.2594    1.0000

    0.2593    1.0000

    0.2594    1.0000

   13              536          -1.053          -1.016        1
    0.2594    1.0000

    0.2595    1.0000

    0.2596    1.0000

    0.2595    1.0000

    0.2595    1.0000

    0.2595    1.0000

    0.2595    1.0000

    0.2595    1.0000

    0.2592    1.0000

    0.2595    1.0000

    0.2594    1.0000

    0.2595    1.0000

    0.2596    1.0000

    0.2596    1.0000

    0.2597    1.0000

    0.2595    1.0000

    0.2592    1.0000

    0.2595    1.0000

    0.2595    1.0000

    0.2595    1.0000

    0.2594    1.0000

    0.2595    1.0000

    0.2654    1.0000

    0.2595    1.0000

    0.2594    1.0000

    0.2595    1.0000

    0.2594    1.0000

    0.2595    1.0000

    0.2599    1.0000

    0.2594    1.0000

    0.2595    1.0000

    0.2595    1.0000

    0.2597    1.0000

    0.2595    1.0000

    0.2595    1.0000

    0.2595    1.0000

    0.2595    1.0000

    0.2596    1.0000

   14              574          -1.053          -1.043        2
    0.2595    1.0000

    0.2595    1.0000

    0.2596    1.0000

    0.2595    1.0000

    0.2595    1.0000

    0.2595    1.0000

    0.2595    1.0000

    0.2595    1.0000

    0.2595    1.0000

    0.2595    1.0000

    0.2595    1.0000

    0.2595    1.0000

    0.2595    1.0000

    0.2595    1.0000

    0.2595    1.0000

    0.2595    1.0000

    0.2595    1.0000

    0.2595    1.0000

    0.2590    1.0000

    0.2595    1.0000

    0.2595    1.0000

    0.2595    1.0000

    0.2595    1.0000

    0.2595    1.0000

    0.2595    1.0000

    0.2802    1.0000

    0.2594    1.0000

    0.2595    1.0000

    0.2595    1.0000

    0.2592    1.0000

    0.2595    1.0000

    0.2595    1.0000

    0.2594    1.0000

    0.2595    1.0000

    0.2595    1.0000

    0.2595    1.0000

    0.2595    1.0000

    0.2595    1.0000

   15              612          -1.053           -1.03        0
    0.2595    1.0000

    0.2595    1.0000

    0.2595    1.0000

    0.2595    1.0000

    0.2595    1.0000

    0.2594    1.0000

    0.2595    1.0000

    0.2595    1.0000

    0.2595    1.0000

    0.2595    1.0000

    0.2595    1.0000

    0.2595    1.0000

    0.2595    1.0000

    0.2595    1.0000

    0.2595    1.0000

    0.2595    1.0000

    0.2595    1.0000

    0.2595    1.0000

    0.2595    1.0000

    0.2594    1.0000

    0.2595    1.0000

    0.2595    1.0000

    0.2595    1.0000

    0.2595    1.0000

    0.2595    1.0000

    0.2600    1.0000

    0.2846    1.0000

    0.2595    1.0000

    0.2595    1.0000

    0.2595    1.0000

    0.2595    1.0000

    0.2595    1.0000

    0.2595    1.0000

    0.2596    1.0000

    0.2595    1.0000

    0.2595    1.0000

    0.2595    1.0000

    0.2596    1.0000

   16              650          -1.053          -1.029        0
    0.2595    1.0000

    0.2595    1.0000

    0.2595    1.0000

    0.2595    1.0000

    0.2595    1.0000

    0.2595    1.0000

    0.2595    1.0000

    0.2595    1.0000

    0.2595    1.0000

    0.2595    1.0000

    0.2595    1.0000

    0.2595    1.0000

    0.2595    1.0000

    0.2595    1.0000

    0.2595    1.0000

    0.2595    1.0000

    0.2595    1.0000

    0.2595    1.0000

    0.2595    1.0000

    0.2595    1.0000

    0.2595    1.0000

    0.2595    1.0000

    0.2594    1.0000

    0.2595    1.0000

    0.2595    1.0000

    0.2595    1.0000

    0.2595    1.0000

    0.2596    1.0000

    0.2596    1.0000

    0.2595    1.0000

    0.2595    1.0000

    0.2604    1.0000

    0.2595    1.0000

    0.2595    1.0000

    0.2636    1.0000

    0.2595    1.0000

    0.2595    1.0000

    0.2595    1.0000

   17              688          -1.053          -1.047        0
    0.2595    1.0000

    0.2595    1.0000

    0.2595    1.0000

    0.2595    1.0000

    0.2595    1.0000

    0.2595    1.0000

    0.2595    1.0000

    0.2595    1.0000

    0.2595    1.0000

    0.2595    1.0000

    0.2595    1.0000

    0.2595    1.0000

    0.2595    1.0000

    0.2595    1.0000

    0.2595    1.0000

    0.2595    1.0000

    0.2595    1.0000

    0.2595    1.0000

    0.2595    1.0000

    0.2595    1.0000

    0.2595    1.0000

    0.2595    1.0000

    0.2595    1.0000

    0.2595    1.0000

    0.2371    1.0000

    0.2595    1.0000

    0.2595    1.0000

    0.2595    1.0000

    0.2595    1.0000

    0.2595    1.0000

    0.2595    1.0000

    0.2595    1.0000

    0.2595    1.0000

    0.2595    1.0000

    0.2620    1.0000

    0.2595    1.0000

    0.2624    1.0000

    0.2595    1.0000

   18              726          -1.053          -1.024        0
    0.2595    1.0000

    0.2618    1.0000

    0.2595    1.0000

    0.2595    1.0000

    0.2595    1.0000

    0.2595    1.0000

    0.2595    1.0000

    0.2595    1.0000

    0.2595    1.0000

    0.2595    1.0000

    0.2595    1.0000

    0.2595    1.0000

    0.2595    1.0000

    0.2595    1.0000

    0.2595    1.0000

    0.2595    1.0000

    0.2595    1.0000

    0.2595    1.0000

    0.2595    1.0000

    0.2595    1.0000

    0.2595    1.0000

    0.2595    1.0000

    0.2658    1.0000

    0.2595    1.0000

    0.2595    1.0000

    0.2595    1.0000

    0.2595    1.0000

    0.2595    1.0000

    0.2595    1.0000

    0.2595    1.0000

    0.2595    1.0000

    0.2595    1.0000

    0.2595    1.0000

    0.2595    1.0000

    0.2595    1.0000

    0.2595    1.0000

    0.2595    1.0000

    0.2595    1.0000

   19              764          -1.053           -1.04        0
    0.2595    1.0000

    0.2595    1.0000

    0.2595    1.0000

    0.2595    1.0000

    0.2595    1.0000

    0.2595    1.0000

    0.2595    1.0000

    0.2595    1.0000

    0.2595    1.0000

    0.2595    1.0000

    0.2595    1.0000

    0.2595    1.0000

    0.2595    1.0000

    0.2595    1.0000

    0.2595    1.0000

    0.2595    1.0000

    0.2595    1.0000

    0.2595    1.0000

    0.2595    1.0000

    0.2595    1.0000

    0.2595    1.0000

    0.2595    1.0000

    0.2595    1.0000

    0.2595    1.0000

    0.2725    1.0000

    0.2595    1.0000

    0.2595    1.0000

    0.2595    1.0000

    0.2596    1.0000

    0.2595    1.0000

    0.2595    1.0000

    0.2595    1.0000

    0.2595    1.0000

    0.2608    1.0000

    0.2618    1.0000

    0.2595    1.0000

    0.2595    1.0000

    0.2631    1.0000

   20              802          -1.053          -1.026        1
    0.2595    1.0000

    0.2595    1.0000

    0.2595    1.0000

    0.2595    1.0000

    0.2595    1.0000

    0.2595    1.0000

    0.2595    1.0000

    0.2595    1.0000

    0.2595    1.0000

    0.2595    1.0000

    0.2595    1.0000

    0.2595    1.0000

    0.2595    1.0000

    0.2595    1.0000

    0.2595    1.0000

    0.2595    1.0000

    0.2595    1.0000

    0.2595    1.0000

    0.2595    1.0000

    0.2595    1.0000

    0.2595    1.0000

    0.2595    1.0000

    0.2595    1.0000

    0.2595    1.0000

    0.2624    1.0000

    0.0925    1.0000

    0.2595    1.0000

    0.2595    1.0000

    0.2594    1.0000

    0.2595    1.0000

    0.2595    1.0000

    0.2939    1.0000

    0.2595    1.0000

    0.1380    1.0000

    0.2595    1.0000

    0.2595    1.0000

    0.2595    1.0000

    0.2604    1.0000

   21              840          -1.053         -0.9745        2
    0.2595    1.0000

    0.2595    1.0000

    0.2596    1.0000

    0.2595    1.0000

    0.2595    1.0000

    0.2595    1.0000

    0.2595    1.0000

    0.2595    1.0000

    0.2595    1.0000

    0.2595    1.0000

    0.2595    1.0000

    0.2595    1.0000

    0.2595    1.0000

    0.2595    1.0000

    0.2594    1.0000

    0.2595    1.0000

    0.2595    1.0000

    0.2595    1.0000

    0.2595    1.0000

    0.2595    1.0000

    0.2595    1.0000

    0.2595    1.0000

    0.2595    1.0000

    0.2595    1.0000

    0.2241    1.0000

    0.2595    1.0000

    0.2595    1.0000

    0.2595    1.0000

    0.2595    1.0000

    0.2595    1.0000

    0.2956    1.0000

    0.2595    1.0000

    0.2595    1.0000

    0.2595    1.0000

    0.2595    1.0000

    0.2595    1.0000

    0.2595    1.0000

    0.2751    1.0000

   22              878          -1.053         -0.9829        0
    0.2595    1.0000

    0.2595    1.0000

    0.2595    1.0000

    0.2595    1.0000

    0.2595    1.0000

    0.2595    1.0000

    0.2595    1.0000

    0.2595    1.0000

    0.2595    1.0000

    0.2595    1.0000

    0.2595    1.0000

    0.2595    1.0000

    0.2595    1.0000

    0.2595    1.0000

    0.2595    1.0000

    0.2595    1.0000

    0.2595    1.0000

    0.2595    1.0000

    0.2595    1.0000

    0.2596    1.0000

    0.2595    1.0000

    0.2595    1.0000

    0.2595    1.0000

    0.2658    1.0000

    0.2595    1.0000

    0.2595    1.0000

    0.2968    1.0000

    0.2595    1.0000

    0.2595    1.0000

    0.2595    1.0000

    0.2669    1.0000

    0.2595    1.0000

    0.2595    1.0000

    0.2633    1.0000

    0.2656    1.0000

    0.2595    1.0000

    0.2595    1.0000

    0.2596    1.0000

   23              916          -1.053         -0.9898        1
    0.2595    1.0000

    0.2595    1.0000

    0.2595    1.0000

    0.2595    1.0000

    0.2595    1.0000

    0.2595    1.0000

    0.2595    1.0000

    0.2595    1.0000

    0.2595    1.0000

    0.2595    1.0000

    0.2595    1.0000

    0.2595    1.0000

    0.2595    1.0000

    0.2560    1.0000

    0.2595    1.0000

    0.2595    1.0000

    0.2595    1.0000

    0.2595    1.0000

    0.2595    1.0000

    0.2595    1.0000

    0.2595    1.0000

    0.2595    1.0000

    0.2595    1.0000

    0.2595    1.0000

    0.2596    1.0000

    0.2595    1.0000

    0.2595    1.0000

    0.2595    1.0000

    0.2595    1.0000

    0.2595    1.0000

    0.2595    1.0000

    0.2595    1.0000

    0.2595    1.0000

    0.2595    1.0000

    0.2597    1.0000

    0.2595    1.0000

    0.2595    1.0000

    0.2595    1.0000

   24              954          -1.053          -1.049        0
    0.2595    1.0000

    0.2595    1.0000

    0.2595    1.0000

    0.2595    1.0000

    0.2595    1.0000

    0.2595    1.0000

    0.2595    1.0000

    0.2595    1.0000

    0.2595    1.0000

    0.2595    1.0000

    0.2595    1.0000

    0.2595    1.0000

    0.2595    1.0000

    0.2595    1.0000

    0.2595    1.0000

    0.2595    1.0000

    0.2595    1.0000

    0.2594    1.0000

    0.2595    1.0000

    0.2596    1.0000

    0.2595    1.0000

    0.2595    1.0000

    0.2595    1.0000

    0.2595    1.0000

    0.2595    1.0000

    0.2595    1.0000

    0.2784    1.0000

    0.2595    1.0000

    0.2595    1.0000

    0.2595    1.0000

    0.2993    1.0000

    0.0755    1.0000

    0.2595    1.0000

    0.2595    1.0000

    0.2595    1.0000

    0.2595    1.0000

    0.2595    1.0000

    0.2696    1.0000

   25              992          -1.053         -0.9639        1
    0.2595    1.0000

    0.2595    1.0000

    0.2595    1.0000

    0.2595    1.0000

    0.2595    1.0000

    0.2595    1.0000

    0.2595    1.0000

    0.2595    1.0000

    0.2595    1.0000

    0.2595    1.0000

    0.2595    1.0000

    0.2595    1.0000

    0.2595    1.0000

    0.2595    1.0000

    0.2595    1.0000

    0.2595    1.0000

    0.2595    1.0000

    0.2595    1.0000

    0.2595    1.0000

    0.2595    1.0000

    0.2595    1.0000

    0.2595    1.0000

    0.2595    1.0000

    0.2595    1.0000

    0.2647    1.0000

    0.2595    1.0000

    0.2595    1.0000

    0.2595    1.0000

    0.2595    1.0000

    0.2595    1.0000

    0.2595    1.0000

    0.2595    1.0000

    0.2593    1.0000

    0.2743    1.0000

    0.2595    1.0000

    0.2595    1.0000

    0.2595    1.0000

    0.2595    1.0000

   26             1030          -1.053          -1.024        0
    0.2595    1.0000

    0.2595    1.0000

    0.2595    1.0000

    0.2595    1.0000

    0.2595    1.0000

    0.2595    1.0000

    0.2595    1.0000

    0.2595    1.0000

    0.2595    1.0000

    0.2595    1.0000

    0.2595    1.0000

    0.2595    1.0000

    0.2595    1.0000

    0.2595    1.0000

    0.2595    1.0000

    0.2595    1.0000

    0.2595    1.0000

    0.2595    1.0000

    0.2595    1.0000

    0.2595    1.0000

    0.2595    1.0000

    0.2595    1.0000

    0.2595    1.0000

    0.2595    1.0000

    0.2595    1.0000

    0.2595    1.0000

    0.2595    1.0000

    0.2597    1.0000

    0.2561    1.0000

    0.2595    1.0000

    0.2595    1.0000

    0.2595    1.0000

    0.2595    1.0000

    0.2595    1.0000

    0.2595    1.0000

    0.2619    1.0000

    0.0704    1.0000

    0.2596    1.0000

   27             1068          -1.053          -1.021        0
    0.2595    1.0000

    0.2595    1.0000

    0.2595    1.0000

    0.2595    1.0000

    0.2595    1.0000

    0.2595    1.0000

    0.2595    1.0000

    0.2595    1.0000

    0.2595    1.0000

    0.2595    1.0000

    0.2595    1.0000

    0.2595    1.0000

    0.2595    1.0000

    0.2595    1.0000

    0.2595    1.0000

    0.2595    1.0000

    0.2595    1.0000

    0.2595    1.0000

    0.2595    1.0000

    0.2595    1.0000

    0.2595    1.0000

    0.2595    1.0000

    0.2795    1.0000

    0.2599    1.0000

    0.2595    1.0000

    0.2595    1.0000

    0.2595    1.0000

    0.2580    1.0000

    0.2595    1.0000

    0.2595    1.0000

    0.2595    1.0000

    0.2595    1.0000

    0.2595    1.0000

    0.2595    1.0000

    0.2595    1.0000

    0.2595    1.0000

    0.2595    1.0000

    0.2632    1.0000

   28             1106          -1.053          -1.025        0
    0.2595    1.0000

    0.2595    1.0000

    0.2595    1.0000

    0.2595    1.0000

    0.2595    1.0000

    0.2595    1.0000

    0.2595    1.0000

    0.2595    1.0000

    0.2641    1.0000

    0.2595    1.0000

    0.2595    1.0000

    0.2595    1.0000

    0.2595    1.0000

    0.2595    1.0000

    0.2595    1.0000

    0.2595    1.0000

    0.2595    1.0000

    0.2595    1.0000

    0.2595    1.0000

    0.2595    1.0000

    0.2595    1.0000

    0.2595    1.0000

    0.2595    1.0000

    0.2595    1.0000

    0.2594    1.0000

    0.2595    1.0000

    0.2595    1.0000

    0.2594    1.0000

    0.2595    1.0000

    0.2595    1.0000

    0.2595    1.0000

    0.2595    1.0000

    0.2595    1.0000

    0.2595    1.0000

    0.2595    1.0000

    0.2595    1.0000

    0.2595    1.0000

    0.2595    1.0000

   29             1144          -1.053          -1.046        0
    0.2595    1.0000

    0.2595    1.0000

    0.2595    1.0000

    0.2595    1.0000

    0.2595    1.0000

    0.2594    1.0000

    0.2595    1.0000

    0.2595    1.0000

    0.2595    1.0000

    0.2595    1.0000

    0.2595    1.0000

    0.2595    1.0000

    0.2595    1.0000

    0.2595    1.0000

    0.2595    1.0000

    0.2595    1.0000

    0.2595    1.0000

    0.2595    1.0000

    0.2595    1.0000

    0.2595    1.0000

    0.2595    1.0000

    0.2595    1.0000

    0.2595    1.0000

    0.2595    1.0000

    0.2615    1.0000

    0.2595    1.0000

    0.2595    1.0000

    0.2596    1.0000

    0.2595    1.0000

    0.2595    1.0000

    0.2595    1.0000

    0.2595    1.0000

    0.2595    1.0000

    0.2596    1.0000

    0.2799    1.0000

    0.2595    1.0000

    0.2595    1.0000

    0.2634    1.0000


                                  Best          Mean         Stall
Generation      Func-count     Penalty         Penalty    Generations
   30             1182          -1.053          -1.023        1
    0.2595    1.0000

    0.2595    1.0000

    0.2595    1.0000

    0.2595    1.0000

    0.2595    1.0000

    0.2595    1.0000

    0.2595    1.0000

    0.2595    1.0000

    0.2595    1.0000

    0.2595    1.0000

    0.2595    1.0000

    0.2595    1.0000

    0.2595    1.0000

    0.2595    1.0000

    0.2595    1.0000

    0.2595    1.0000

    0.2595    1.0000

    0.2595    1.0000

    0.2595    1.0000

    0.2595    1.0000

    0.2595    1.0000

    0.2595    1.0000

    0.2495    1.0000

    0.2595    1.0000

    0.2595    1.0000

    0.2595    1.0000

    0.2681    1.0000

    0.2596    1.0000

    0.2595    1.0000

    0.2595    1.0000

    0.2595    1.0000

    0.2595    1.0000

    0.2595    1.0000

    0.2595    1.0000

    0.2595    1.0000

    0.2595    1.0000

    0.2595    1.0000

    0.2780    1.0000

   31             1220          -1.053         -0.9999        0
    0.2595    1.0000

    0.2595    1.0000

    0.2595    1.0000

    0.2595    1.0000

    0.2595    1.0000

    0.2595    1.0000

    0.2595    1.0000

    0.2595    1.0000

    0.2595    1.0000

    0.2595    1.0000

    0.2595    1.0000

    0.2595    1.0000

    0.2595    1.0000

    0.2595    1.0000

    0.2595    1.0000

    0.2595    1.0000

    0.2595    1.0000

    0.2595    1.0000

    0.2595    1.0000

    0.2595    1.0000

    0.2595    1.0000

    0.2595    1.0000

    0.2595    1.0000

    0.2596    1.0000

    0.2595    1.0000

    0.2595    1.0000

    0.2595    1.0000

    0.2595    1.0000

    0.2595    1.0000

    0.2595    1.0000

    0.2595    1.0000

    0.2595    1.0000

    0.2595    1.0000

    0.2597    1.0000

    0.2595    1.0000

    0.2595    1.0000

    0.2595    1.0000

    0.2596    1.0000

   32             1258          -1.053          -1.053        1
    0.2595    1.0000

    0.2595    1.0000

    0.2595    1.0000

    0.2595    1.0000

    0.2595    1.0000

    0.2595    1.0000

    0.2595    1.0000

    0.2595    1.0000

    0.2595    1.0000

    0.2595    1.0000

    0.2595    1.0000

    0.2595    1.0000

    0.2595    1.0000

    0.2595    1.0000

    0.2595    1.0000

    0.2595    1.0000

    0.2595    1.0000

    0.2595    1.0000

    0.2595    1.0000

    0.2595    1.0000

    0.2595    1.0000

    0.2595    1.0000

    0.2595    1.0000

    0.2595    1.0000

    0.2971    1.0000

    0.2604    1.0000

    0.2595    1.0000

    0.2595    1.0000

    0.2261    1.0000

    0.2595    1.0000

    0.2804    1.0000

    0.2595    1.0000

    0.2595    1.0000

    0.2595    1.0000

    0.2595    1.0000

    0.2595    1.0000

    0.2595    1.0000

    0.2757    1.0000

   33             1296          -1.053         -0.9594        0
    0.2595    1.0000

    0.2595    1.0000

    0.2595    1.0000

    0.2595    1.0000

    0.2595    1.0000

    0.2595    1.0000

    0.2595    1.0000

    0.2595    1.0000

    0.2595    1.0000

    0.2595    1.0000

    0.2595    1.0000

    0.2595    1.0000

    0.2595    1.0000

    0.2595    1.0000

    0.2595    1.0000

    0.2595    1.0000

    0.2595    1.0000

    0.2595    1.0000

    0.2595    1.0000

    0.2595    1.0000

    0.2595    1.0000

    0.2595    1.0000

    0.2595    1.0000

    0.2595    1.0000

    0.2598    1.0000

    0.2595    1.0000

    0.2595    1.0000

    0.2629    1.0000

    0.2596    1.0000

    0.2595    1.0000

    0.2595    1.0000

    0.2595    1.0000

    0.2595    1.0000

    0.2595    1.0000

    0.2687    1.0000

    0.2595    1.0000

    0.2595    1.0000

    0.2892    1.0000

   34             1334          -1.053          -1.009        1
    0.2595    1.0000

    0.2595    1.0000

    0.2595    1.0000

    0.2595    1.0000

    0.2595    1.0000

    0.2595    1.0000

    0.2595    1.0000

    0.2595    1.0000

    0.2595    1.0000

    0.2595    1.0000

    0.2595    1.0000

    0.2595    1.0000

    0.2595    1.0000

    0.2595    1.0000

    0.2595    1.0000

    0.2596    1.0000

    0.2595    1.0000

    0.2595    1.0000

    0.2595    1.0000

    0.2595    1.0000

    0.2595    1.0000

    0.2595    1.0000

    0.2595    1.0000

    0.2595    1.0000

    0.2687    1.0000

    0.2595    1.0000

    0.2595    1.0000

    0.2640    1.0000

    0.2595    1.0000

    0.2595    1.0000

    0.2595    1.0000

    0.2595    1.0000

    0.2595    1.0000

    0.2595    1.0000

    0.2541    1.0000

    0.2595    1.0000

    0.2595    1.0000

    0.2604    1.0000

   35             1372          -1.053          -1.022        2
    0.2595    1.0000

    0.2595    1.0000

    0.2595    1.0000

    0.2595    1.0000

    0.2595    1.0000

    0.2595    1.0000

    0.2595    1.0000

    0.2595    1.0000

    0.2595    1.0000

    0.2595    1.0000

    0.2595    1.0000

    0.2595    1.0000

    0.2595    1.0000

    0.2595    1.0000

    0.2595    1.0000

    0.2595    1.0000

    0.2595    1.0000

    0.2595    1.0000

    0.2595    1.0000

    0.2595    1.0000

    0.2590    1.0000

    0.2595    1.0000

    0.2595    1.0000

    0.2595    1.0000

    0.2832    1.0000

    0.2595    1.0000

    0.2595    1.0000

    0.2595    1.0000

    0.2595    1.0000

    0.2678    1.0000

    0.2595    1.0000

    0.2595    1.0000

    0.2595    1.0000

    0.2837    1.0000

    0.2595    1.0000

    0.2595    1.0000

    0.2599    1.0000

    0.2595    1.0000

   36             1410          -1.053         -0.9918        0
    0.2595    1.0000

    0.2595    1.0000

    0.2595    1.0000

    0.2595    1.0000

    0.2595    1.0000

    0.2595    1.0000

    0.2595    1.0000

    0.2595    1.0000

    0.2595    1.0000

    0.2595    1.0000

    0.2595    1.0000

    0.2595    1.0000

    0.2595    1.0000

    0.2595    1.0000

    0.2595    1.0000

    0.2595    1.0000

    0.2595    1.0000

    0.2595    1.0000

    0.2595    1.0000

    0.2595    1.0000

    0.2595    1.0000

    0.2600    1.0000

    0.2996    1.0000

    0.2595    1.0000

    0.2595    1.0000

    0.2595    1.0000

    0.2644    1.0000

    0.2595    1.0000

    0.2595    1.0000

    0.2595    1.0000

    0.2595    1.0000

    0.2595    1.0000

    0.2595    1.0000

    0.2595    1.0000

    0.2595    1.0000

    0.2595    1.0000

    0.2595    1.0000

    0.2595    1.0000

   37             1448          -1.053           -1.02        1
    0.2595    1.0000

    0.2595    1.0000

    0.2595    1.0000

    0.2595    1.0000

    0.2595    1.0000

    0.2595    1.0000

    0.2595    1.0000

    0.2595    1.0000

    0.2595    1.0000

    0.2595    1.0000

    0.2595    1.0000

    0.2595    1.0000

    0.2595    1.0000

    0.2595    1.0000

    0.2595    1.0000

    0.2595    1.0000

    0.2595    1.0000

    0.2595    1.0000

    0.2595    1.0000

    0.2595    1.0000

    0.2595    1.0000

    0.2595    1.0000

    0.2590    1.0000

    0.2595    1.0000

    0.2595    1.0000

    0.2595    1.0000

    0.2595    1.0000

    0.2595    1.0000

    0.2595    1.0000

    0.2611    1.0000

    0.2595    1.0000

    0.2595    1.0000

    0.2595    1.0000

    0.2845    1.0000

    0.2595    1.0000

    0.2595    1.0000

    0.2595    1.0000

    0.2614    1.0000

   38             1486          -1.053          -1.027        2
    0.2595    1.0000

    0.2595    1.0000

    0.2595    1.0000

    0.2595    1.0000

    0.2595    1.0000

    0.2595    1.0000

    0.2595    1.0000

    0.2595    1.0000

    0.2595    1.0000

    0.2595    1.0000

    0.2595    1.0000

    0.2595    1.0000

    0.2595    1.0000

    0.2595    1.0000

    0.2595    1.0000

    0.2595    1.0000

    0.2595    1.0000

    0.2595    1.0000

    0.2595    1.0000

    0.2595    1.0000

    0.2595    1.0000

    0.2595    1.0000

    0.2595    1.0000

    0.2595    1.0000

    0.2702    1.0000

    0.2595    1.0000

    0.2595    1.0000

    0.2595    1.0000

    0.2595    1.0000

    0.2595    1.0000

    0.2946    1.0000

    0.2607    1.0000

    0.2595    1.0000

    0.2601    1.0000

    0.2595    1.0000

    0.2595    1.0000

    0.2762    1.0000

    0.2602    1.0000

   39             1524          -1.053         -0.9888        3
    0.2595    1.0000

    0.2595    1.0000

    0.2595    1.0000

    0.2595    1.0000

    0.2595    1.0000

    0.2595    1.0000

    0.2580    1.0000

    0.2595    1.0000

    0.2595    1.0000

    0.2595    1.0000

    0.2595    1.0000

    0.2595    1.0000

    0.2595    1.0000

    0.2595    1.0000

    0.2595    1.0000

    0.2595    1.0000

    0.2595    1.0000

    0.2595    1.0000

    0.2595    1.0000

    0.2595    1.0000

    0.2595    1.0000

    0.2595    1.0000

    0.2595    1.0000

    0.2595    1.0000

    0.2629    1.0000

    0.2791    1.0000

    0.2595    1.0000

    0.2595    1.0000

    0.1142    1.0000

    0.2595    1.0000

    0.2595    1.0000

    0.2596    1.0000

    0.2595    1.0000

    0.2595    1.0000

    0.2595    1.0000

    0.2595    1.0000

    0.2595    1.0000

    0.2575    1.0000

   40             1562          -1.053         -0.9987        4
    0.2595    1.0000

    0.2595    1.0000

    0.2595    1.0000

    0.2595    1.0000

    0.2595    1.0000

    0.2583    1.0000

    0.2595    1.0000

    0.2595    1.0000

    0.2595    1.0000

    0.2595    1.0000

    0.2595    1.0000

    0.2595    1.0000

    0.2595    1.0000

    0.2595    1.0000

    0.2595    1.0000

    0.2595    1.0000

    0.2595    1.0000

    0.2595    1.0000

    0.2595    1.0000

    0.2595    1.0000

    0.2595    1.0000

    0.2595    1.0000

    0.2595    1.0000

    0.2595    1.0000

    0.2668    1.0000

    0.2596    1.0000

    0.2595    1.0000

    0.2606    1.0000

    0.2595    1.0000

    0.2595    1.0000

    0.2595    1.0000

    0.2575    1.0000

    0.2595    1.0000

    0.2595    1.0000

    0.2595    1.0000

    0.2595    1.0000

    0.2595    1.0000

    0.2595    1.0000

   41             1600          -1.053          -1.038        5
    0.2595    1.0000

    0.2595    1.0000

    0.2595    1.0000

    0.2595    1.0000

    0.2595    1.0000

    0.2595    1.0000

    0.2595    1.0000

    0.2595    1.0000

    0.2595    1.0000

    0.2595    1.0000

    0.2595    1.0000

    0.2595    1.0000

    0.2595    1.0000

    0.2595    1.0000

    0.2595    1.0000

    0.2595    1.0000

    0.2595    1.0000

    0.2595    1.0000

    0.2595    1.0000

    0.2595    1.0000

    0.2595    1.0000

    0.2674    1.0000

    0.2595    1.0000

    0.2595    1.0000

    0.2612    1.0000

    0.2971    1.0000

    0.2595    1.0000

    0.2664    1.0000

    0.2595    1.0000

    0.2665    1.0000

    0.2610    1.0000

    0.2595    1.0000

    0.2595    1.0000

    0.2596    1.0000

    0.2595    1.0000

    0.2595    1.0000

    0.2595    1.0000

    0.2595    1.0000

   42             1638          -1.053         -0.9891        6
    0.2595    1.0000

    0.2595    1.0000

    0.2595    1.0000

    0.2595    1.0000

    0.2595    1.0000

    0.2595    1.0000

    0.2595    1.0000

    0.2611    1.0000

    0.2595    1.0000

    0.2595    1.0000

    0.2595    1.0000

    0.2595    1.0000

    0.2595    1.0000

    0.2595    1.0000

    0.2595    1.0000

    0.2595    1.0000

    0.2598    1.0000

    0.2595    1.0000

    0.2595    1.0000

    0.2595    1.0000

    0.2595    1.0000

    0.2595    1.0000

    0.2595    1.0000

    0.2595    1.0000

    0.2886    1.0000

    0.2595    1.0000

    0.2595    1.0000

    0.2825    1.0000

    0.2595    1.0000

    0.2595    1.0000

    0.2595    1.0000

    0.2595    1.0000

    0.2595    1.0000

    0.2595    1.0000

    0.2595    1.0000

    0.2595    1.0000

    0.2595    1.0000

    0.2595    1.0000

   43             1676          -1.053          -1.004        7
    0.2595    1.0000

    0.2595    1.0000

    0.2595    1.0000

    0.2595    1.0000

    0.2595    1.0000

    0.2595    1.0000

    0.2595    1.0000

    0.2595    1.0000

    0.2595    1.0000

    0.2595    1.0000

    0.2595    1.0000

    0.2595    1.0000

    0.2595    1.0000

    0.2595    1.0000

    0.2595    1.0000

    0.2595    1.0000

    0.2595    1.0000

    0.2595    1.0000

    0.2595    1.0000

    0.2595    1.0000

    0.2595    1.0000

    0.2595    1.0000

    0.2595    1.0000

    0.2595    1.0000

    0.2338    1.0000

    0.2597    1.0000

    0.2595    1.0000

    0.2595    1.0000

    0.2595    1.0000

    0.2595    1.0000

    0.2595    1.0000

    0.2281    1.0000

    0.2595    1.0000

    0.2595    1.0000

    0.2452    1.0000

    0.2595    1.0000

    0.2595    1.0000

    0.2595    1.0000

   44             1714          -1.053          -0.985        8
    0.2595    1.0000

    0.2595    1.0000

    0.2595    1.0000

    0.2595    1.0000

    0.2595    1.0000

    0.2595    1.0000

    0.2595    1.0000

    0.2595    1.0000

    0.2595    1.0000

    0.2595    1.0000

    0.2595    1.0000

    0.2595    1.0000

    0.2595    1.0000

    0.2595    1.0000

    0.2595    1.0000

    0.2595    1.0000

    0.2595    1.0000

    0.2595    1.0000

    0.2595    1.0000

    0.2595    1.0000

    0.2595    1.0000

    0.2597    1.0000

    0.2595    1.0000

    0.2595    1.0000

    0.2595    1.0000

    0.2595    1.0000

    0.2595    1.0000

    0.2595    1.0000

    0.2595    1.0000

    0.2595    1.0000

    0.2595    1.0000

    0.2595    1.0000

    0.2453    1.0000

    0.2595    1.0000

    0.2595    1.0000

    0.2595    1.0000

    0.2595    1.0000

    0.2595    1.0000

   45             1752          -1.053          -1.033        9
    0.2595    1.0000

    0.2595    1.0000

    0.2595    1.0000

    0.2595    1.0000

    0.2595    1.0000

    0.2595    1.0000

    0.2595    1.0000

    0.2595    1.0000

    0.2595    1.0000

    0.2595    1.0000

    0.2595    1.0000

    0.2595    1.0000

    0.2595    1.0000

    0.2595    1.0000

    0.2595    1.0000

    0.2595    1.0000

    0.2595    1.0000

    0.2595    1.0000

    0.2595    1.0000

    0.2595    1.0000

    0.2595    1.0000

    0.2595    1.0000

    0.2595    1.0000

    0.2595    1.0000

    0.2606    1.0000

    0.2892    1.0000

    0.2595    1.0000

    0.2595    1.0000

    0.2595    1.0000

    0.2595    1.0000

    0.2595    1.0000

    0.2595    1.0000

    0.2595    1.0000

    0.2595    1.0000

    0.2595    1.0000

    0.2595    1.0000

    0.2595    1.0000

    0.2595    1.0000

   46             1790          -1.053          -1.028       10
    0.2595    1.0000

    0.2595    1.0000

    0.2595    1.0000

    0.2595    1.0000

    0.2595    1.0000

    0.2595    1.0000

    0.2595    1.0000

    0.2595    1.0000

    0.2595    1.0000

    0.2595    1.0000

    0.2595    1.0000

    0.2595    1.0000

    0.2595    1.0000

    0.2595    1.0000

    0.2595    1.0000

    0.2595    1.0000

    0.2595    1.0000

    0.2595    1.0000

    0.2595    1.0000

    0.2595    1.0000

    0.2595    1.0000

    0.2595    1.0000

    0.2595    1.0000

    0.2595    1.0000

    0.2595    1.0000

    0.2595    1.0000

    0.2595    1.0000

    0.2595    1.0000

    0.2602    1.0000

    0.2595    1.0000

    0.2595    1.0000

    0.2595    1.0000

    0.2736    1.0000

    0.2596    1.0000

    0.2595    1.0000

    0.2595    1.0000

    0.2510    1.0000

    0.2765    1.0000

   47             1828          -1.053         -0.9969       11
    0.2595    1.0000

    0.2595    1.0000

    0.2595    1.0000

    0.2595    1.0000

    0.2595    1.0000

    0.2595    1.0000

    0.2595    1.0000

    0.2595    1.0000

    0.2595    1.0000

    0.2595    1.0000

    0.2595    1.0000

    0.2595    1.0000

    0.2595    1.0000

    0.2595    1.0000

    0.2595    1.0000

    0.2595    1.0000

    0.2595    1.0000

    0.2595    1.0000

    0.2595    1.0000

    0.2595    1.0000

    0.2595    1.0000

    0.2595    1.0000

    0.2595    1.0000

    0.2595    1.0000

    0.2595    1.0000

    0.2595    1.0000

    0.2595    1.0000

    0.2595    1.0000

    0.2595    1.0000

    0.2595    1.0000

    0.2646    1.0000

    0.2595    1.0000

    0.2595    1.0000

    0.2597    1.0000

    0.2599    1.0000

    0.2595    1.0000

    0.2595    1.0000

    0.2701    1.0000

   48             1866          -1.053          -1.028       12
    0.2595    1.0000

    0.2595    1.0000

    0.2595    1.0000

    0.2595    1.0000

    0.2595    1.0000

    0.2595    1.0000

    0.2595    1.0000

    0.2595    1.0000

    0.2595    1.0000

    0.2595    1.0000

    0.2595    1.0000

    0.2595    1.0000

    0.2595    1.0000

    0.2595    1.0000

    0.2595    1.0000

    0.2595    1.0000

    0.2595    1.0000

    0.2595    1.0000

    0.2595    1.0000

    0.2595    1.0000

    0.2595    1.0000

    0.2595    1.0000

    0.2595    1.0000

    0.2595    1.0000

    0.2595    1.0000

    0.2602    1.0000

    0.2595    1.0000

    0.2595    1.0000

    0.2595    1.0000

    0.2595    1.0000

    0.2595    1.0000

    0.2595    1.0000

    0.2595    1.0000

    0.2595    1.0000

    0.2712    1.0000

    0.2595    1.0000

    0.2595    1.0000

    0.2616    1.0000

   49             1904          -1.053          -1.033       13
    0.2601    1.0000

    0.2595    1.0000

    0.2595    1.0000

    0.2595    1.0000

    0.2595    1.0000

    0.2595    1.0000

    0.2595    1.0000

    0.2595    1.0000

    0.2595    1.0000

    0.2595    1.0000

    0.2595    1.0000

    0.2595    1.0000

    0.2595    1.0000

    0.2595    1.0000

    0.2595    1.0000

    0.2595    1.0000

    0.2595    1.0000

    0.2595    1.0000

    0.2595    1.0000

    0.2595    1.0000

    0.2595    1.0000

    0.2595    1.0000

    0.2595    1.0000

    0.2595    1.0000

    0.2596    1.0000

    0.2595    1.0000

    0.2595    1.0000

    0.2686    1.0000

    0.2631    1.0000

    0.2595    1.0000

    0.2595    1.0000

    0.2598    1.0000

    0.2620    1.0000

    0.2595    1.0000

    0.2595    1.0000

    0.2595    1.0000

    0.2757    1.0000

    0.2699    1.0000

   50             1942          -1.053         -0.9922       14
    0.2595    1.0000

    0.2595    1.0000

    0.2595    1.0000

    0.2595    1.0000

    0.2599    1.0000

    0.2595    1.0000

    0.2595    1.0000

    0.2595    1.0000

    0.2595    1.0000

    0.2595    1.0000

    0.2595    1.0000

    0.2595    1.0000

    0.2595    1.0000

    0.2595    1.0000

    0.2595    1.0000

    0.2595    1.0000

    0.2595    1.0000

    0.2595    1.0000

    0.2595    1.0000

    0.2595    1.0000

    0.2595    1.0000

    0.2595    1.0000

    0.2595    1.0000

    0.2595    1.0000

    0.2601    1.0000

    0.2595    1.0000

    0.2595    1.0000

    0.2595    1.0000

    0.2697    1.0000

    0.2719    1.0000

    0.2595    1.0000

    0.2595    1.0000

    0.2595    1.0000

    0.2603    1.0000

    0.2723    1.0000

    0.2595    1.0000

    0.2595    1.0000

    0.2595    1.0000

   51             1980          -1.053          -0.998       15
    0.2595    1.0000

    0.2595    1.0000

    0.2595    1.0000

    0.2595    1.0000

    0.2595    1.0000

    0.2595    1.0000

    0.2595    1.0000

    0.2595    1.0000

    0.2595    1.0000

    0.2595    1.0000

    0.2595    1.0000

    0.2595    1.0000

    0.2595    1.0000

    0.2595    1.0000

    0.2595    1.0000

    0.2595    1.0000

    0.2595    1.0000

    0.2595    1.0000

    0.2595    1.0000

    0.2595    1.0000

    0.2603    1.0000

    0.2595    1.0000

    0.2595    1.0000

    0.2595    1.0000

    0.2604    1.0000

    0.2595    1.0000

    0.2595    1.0000

    0.2595    1.0000

    0.2595    1.0000

    0.2595    1.0000

    0.2629    1.0000

    0.2599    1.0000

    0.2595    1.0000

    0.2595    1.0000

    0.2596    1.0000

    0.2595    1.0000

    0.2595    1.0000

    0.2595    1.0000

   52             2018          -1.053          -1.048       16
    0.2595    1.0000

    0.2595    1.0000

    0.2595    1.0000

    0.2595    1.0000

    0.2595    1.0000

    0.2595    1.0000

    0.2595    1.0000

    0.2595    1.0000

    0.2595    1.0000

    0.2595    1.0000

    0.2595    1.0000

    0.2595    1.0000

    0.2595    1.0000

    0.2595    1.0000

    0.2595    1.0000

    0.2595    1.0000

    0.2595    1.0000

    0.2595    1.0000

    0.2595    1.0000

    0.2595    1.0000

    0.2595    1.0000

    0.2595    1.0000

    0.2595    1.0000

    0.2595    1.0000

    0.2595    1.0000

    0.2767    1.0000

    0.2595    1.0000

    0.2596    1.0000

    0.2595    1.0000

    0.2629    1.0000

    0.2600    1.0000

    0.2595    1.0000

    0.2595    1.0000

    0.2934    1.0000

    0.2595    1.0000

    0.2595    1.0000

    0.2595    1.0000

    0.2595    1.0000

   53             2056          -1.053          -1.002       17
    0.2595    1.0000

    0.2595    1.0000

    0.2595    1.0000

    0.2595    1.0000

    0.2595    1.0000

    0.2595    1.0000

    0.2595    1.0000

    0.2595    1.0000

    0.2595    1.0000

    0.2595    1.0000

    0.2595    1.0000

    0.2595    1.0000

    0.2600    1.0000

    0.2595    1.0000

    0.2595    1.0000

    0.2595    1.0000

    0.2595    1.0000

    0.2595    1.0000

    0.2595    1.0000

    0.2595    1.0000

    0.2595    1.0000

    0.2595    1.0000

    0.2595    1.0000

    0.2595    1.0000

    0.2595    1.0000

    0.1808    1.0000

    0.2595    1.0000

    0.2595    1.0000

    0.2595    1.0000

    0.2597    1.0000

    0.2611    1.0000

    0.2595    1.0000

    0.2595    1.0000

    0.2596    1.0000

    0.2605    1.0000

    0.2595    1.0000

    0.2595    1.0000

    0.2596    1.0000

   54             2094          -1.053          -1.027       18
    0.2595    1.0000

    0.2595    1.0000

    0.2595    1.0000

    0.2595    1.0000

    0.2595    1.0000

    0.2595    1.0000

    0.2595    1.0000

    0.2595    1.0000

    0.2595    1.0000

    0.2595    1.0000

    0.2595    1.0000

    0.2595    1.0000

    0.2595    1.0000

    0.2595    1.0000

    0.2595    1.0000

    0.2595    1.0000

    0.2595    1.0000

    0.2595    1.0000

    0.2595    1.0000

    0.2595    1.0000

    0.2595    1.0000

    0.2595    1.0000

    0.2590    1.0000

    0.2602    1.0000

    0.2595    1.0000

    0.2595    1.0000

    0.2596    1.0000

    0.2618    1.0000

    0.2595    1.0000

    0.2595    1.0000

    0.2605    1.0000

    0.2595    1.0000

    0.2595    1.0000

    0.2633    1.0000

    0.2595    1.0000

    0.2595    1.0000

    0.2595    1.0000

    0.2614    1.0000

   55             2132          -1.053          -1.044       19
    0.2595    1.0000

    0.2595    1.0000

    0.2595    1.0000

    0.2590    1.0000

    0.2595    1.0000

    0.2595    1.0000

    0.2595    1.0000

    0.2595    1.0000

    0.2595    1.0000

    0.2595    1.0000

    0.2595    1.0000

    0.2595    1.0000

    0.2595    1.0000

    0.2595    1.0000

    0.2596    1.0000

    0.2595    1.0000

    0.2595    1.0000

    0.2595    1.0000

    0.2595    1.0000

    0.2595    1.0000

    0.2595    1.0000

    0.2595    1.0000

    0.2595    1.0000

    0.2595    1.0000

    0.2595    1.0000

    0.2595    1.0000

    0.2687    1.0000

    0.2608    1.0000

    0.2595    1.0000

    0.2595    1.0000

    0.2605    1.0000

    0.2595    1.0000

    0.2595    1.0000

    0.2595    1.0000

    0.1954    1.0000

    0.2597    1.0000

    0.2595    1.0000

    0.2595    1.0000

   56             2170          -1.053          -1.012       20
    0.2595    1.0000

Optimization terminated: average change in the penalty fitness value less than options.FunctionTolerance
and constraint violation is less than options.ConstraintTolerance.

ans =

    'Time passed (hours): '

    0.0163

Fitness function has reached the value: 
-1.0533
Algorithm outputs the given Length parameters: 
0.2595           1
